texto,etiqueta,tipo,origen,,,,,,,
"| Un informe de Wall Street Journal revela la profunda crisis interna que vive Claudia Sheinbaum. No duerme más de cuatro horas, está indecisa por sus decisiones, esta exhausta por la presión de Donald Trump y enojada porque los logros no satisfacen al republicano. Se queja",0,neutro o no misogino,real,,,,,,,
"Lo de Rubén Rocha Moya es apenas el comienzo, diría que apenas una advertencia. Estados Unidos, con Marco Rubio liderando esta misión, está decidido a encarcelar a todos los funcionarios mexicanos que estén vinculados al narcotráfico. Si Claudia Sheinbaum se niega a cooperar",0,neutro o no misogino,real,,,,,,,
¡EL BOMBAZO QUE HACE TEMBLAR A PALACIO Y A MORENA! Vienen por más… EE. UU. va formalmente por Rubén Rocha Moya y la extradición es inminente. Claudia Sheinbaum ( @USER )y Ernestina Godoy ( @USER ) ya no saben ni dónde meterse. Se les acabó el discurso de la,0,neutro o no misogino,real,,,,,,,
Plan México avanza. Acuerdo para el acero producido en México.,0,neutro o no misogino,real,,,,,,,
"El gobierno de Claudia Sheinbaum ( @USER ), a través de Milenio Diario, difundió una fotografía falsa para construir la narrativa de que el gobierno de Chihuahua prestó uniformes estatales a los agentes de la CIA abatidos durante el operativo contra un laboratorio de",0,neutro o no misogino,real,,,,,,,
Claudia Sheinbaum en la cumbre de defensa de la democracia.,0,neutro o no misogino,real,,,,,,,
"Tuvimos una muy grata conversación telefónica con el primer ministro de Canadá, Mark Carney, para dar seguimiento a los acuerdos comerciales y a las inversiones en nuestros países. Canadá y México somos naciones cercanas y socios comerciales. En las próximas semanas el equipo de",0,neutro o no misogino,real,,,,,,,
"Buenas noches, vengo del futuro, específicamente del 8 de agosto del 2033. Hoy el Presidente Salinas Pliego supervisó la construcción del NAIM y el cierre definitivo del AIFA. Por la noche ofreció un mensaje a la nación en la que anunció que AMLO y Claudia Sheinbaum serán pronto",0,neutro o no misogino,real,,,,,,,
"Claudia Sheinbaum ( @USER ): Hay malas noticias para ti y buenas noticias para la soberanía de México. Como lo advirtió la ""comentocracia"", @USER es acusado de narcotráfico. Tu defendiste hasta donde pudiste al amigo de tu mentor @USER pero ya no puedes",0,neutro o no misogino,real,,,,,,,
"ÚLTIMA NOTICIA La presidenta de México, Claudia Sheinbaum, propuso en Barcelona destinar el 10% del gasto militar mundial a un programa global de reforestación. “En vez de sembrar guerra, sembremos paz, sembremos vida”, afirmó, en un mensaje que ha generado impacto en el",0,neutro o no misogino,real,,,,,,,
Estrategia nacional de atención a la salud mental para las y los jóvenes,0,neutro o no misogino,real,,,,,,,
"|#ÚLTIMAHORA La presidente de México, Claudia Sheinbaum, fue captada en video riéndose durante la mañanera ante la denuncia de un ciudadano indígena por falta de medicamentos y ausencia de doctores en el hospital Tepehua Otomí, desatando indignación en redes sociales y",0,neutro o no misogino,real,,,,,,,
"| De acuerdo a Forbes México, López Obrador y Claudia Sheinbaum han contraído la mitad de la deuda completa que tiene México: 11.5 billones de pesos mexicanos (650 mil millones de dólares). Esta cifra contempla los últimos siete años, donde justamente gobernó Morena. La",0,neutro o no misogino,real,,,,,,,
Claudia Sheinbaum se quiso vender en Barcelona como heredera de la Pirámide del Sol e hija de Moctezuma… cuando la realidad es mucho más simple: su origen es completamente europeo. Y no tiene absolutamente nada de malo. Lo cuestionable es querer construir una narrativa que no,0,neutro o no misogino,real,,,,,,,
"¿Ahora sí se dan cuenta porque Claudia Sheinbaum no quiere que la CIA combata a los narcos? ¿Verdad? ¿VERDAD? Recuerden que López Obrador dijo que él respondía por Rubén Rocha Moya Y Claudia lo apoyó ¿Cuando vienen por ellos? ¿O se van a esconder en la ""SOBERANÍA""?",0,neutro o no misogino,real,,,,,,,
"Acusan en EU a Rubén Rocha y 9 más por narcotráfico. A @USER esto le va a enojar porque a su protegido @USER ya le pusieron la soga en el cuello y al senador de Morena Enrique @USER Ahí tienes Claudia, y tu gobierno encubriéndolos.",0,neutro o no misogino,real,,,,,,,
"¡ Sopas ! Por andar de metiche y de H0CIC0NA atacando a Argentina. ¿Que creen? Claudia Sheinbaum ahora está en manos de Javier Milei. Lean un extracto de la columna de Salvador García Soto. ""Dice la sabiduría popular que el que a hierro mata a hierro muere y hoy, con la",1,explicita,real,,,,,,,
"La Fiscalía de Bolivia ya reunió 170 pruebas contra Evo Morales por trata de personas y abuso de menores. ¿Y saben quién lo nombró “Huésped Distinguido” de la CDMX en 2019? Claudia Sheinbaum. Así funciona la izquierda: una coladera llena de delincuentes que se protegen, se",0,neutro o no misogino,real,,,,,,,
"Maru Campos: 5.5 años de gobierno, un narcolaboratorio decomisado, sin detenidos, tuvo ayuda ilegal de la CIA = ""heroína nacional"". Claudia Sheinbaum: 1.5 años de gobierno, 2330 narcolaboratorios decomisados, más de 46 mil detenidos, más de 500 toneladas de droga decomisadas =",0,neutro o no misogino,real,,,,,,,
Claudia Sheinbaum: “La Derecha es Odio” 3 >>> Doritos después en Teotihuacán...,0,neutro o no misogino,real,,,,,,,
"| PAYASA: La inepta Claudia Sheinbaum declaró que tiene raíces indígenas durante su discurso en la cumbre socialista: Sin embargo, los ancestros de la inútil eran judíos marxistas de Lituania y Bulgaria, nada que ver con los pueblos originarios.",1,explicita,real,,,,,,,
"Ayer por la tarde sostuvimos una conversación muy productiva con la primera ministra de Japón, Sanae Takaichi. Hablamos de la importancia de fortalecer las relaciones entre ambos países en el terreno de la inversión, el comercio y la cooperación. Agradecí el apoyo de su Agencia",0,neutro o no misogino,real,,,,,,,
Conferencia de prensa matutina. Viernes 17 de abril 2026,0,neutro o no misogino,real,,,,,,,
¡Viva América Latina! @USER @USER @USER,0,neutro o no misogino,real,,,,,,,
Camino a Barcelona representando a México en la IV Cumbre en Defensa de la Democracia.,0,neutro o no misogino,real,,,,,,,
"Es correcto compañero del movimiento. Esta farsa es creada por Elon Musk, Porfirio Diaz y Felipe Calderón para desestabilizar a nuestra presidenta Claudia Sheinbaum y a nuestro honorable presidente AMLO. En México no existe la violencia ni la corrupción desde diciembre de 2018",0,neutro o no misogino,real,,,,,,,
La presidente Sheinbaum está muy enojada porque la gobernadora Maru Campos no acude al Senado En Palacio confunden el Pacto Federal con un contrato de sumisión. Claudia Sheinbaum se indigna porque Maru Campos no rinde pleitesía en el Senado. Alguien debe recordarle que Chihuahua,0,neutro o no misogino,real,,,,,,,
"En febrero llegaron a México 3.9 millones de turistas internacionales, un máximo histórico en este mes en los últimos 20 años.",0,neutro o no misogino,real,,,,,,,
"Atención a damnificados por lluvias. Tenango, Hidalgo",0,neutro o no misogino,real,,,,,,,
Las Prioridades de Claudia Sheinbaum...,0,neutro o no misogino,real,,,,,,,
"| De acuerdo a The Hill, México habría recibido la recomendación por parte de Estados Unidos para declarar a Hamas, Hezbolá y la Guardia Revolucionaria de Irán como organizaciones terroristas. Sin embargo, Claudia Sheinbaum se ha negado rotundamente a esa posibilidad.",0,neutro o no misogino,real,,,,,,,
"Carlos Loret de Mola: “Yo creo qué en la presidenta Sheinbaum hay dos Claudias, la Claudia de la mañanera y la Claudia del resto del día. La Claudia de la mañanera la vas a escuchar elogiando a López Obrador como si fuera la Virgen de Guadalupe, la Claudia del resto del día tiene que fingir calma como una buena mujer",1,benevolente,real,,,,,,,
Semana Nacional de Vacunación,0,neutro o no misogino,real,,,,,,,
Saben si Claudia Sheinbaum va a ir a Sinaloa este fin de semana a darle su respaldo a Rocha Moya?,0,neutro o no misogino,real,,,,,,,
Belleza de noticias. Tarde o temprano el #NarcoGobierno de @USER va a caer uno por uno hasta llegar a @USER y la #narcopresirvienta @USER Gracias @USER,1,explicita,real,,,,,,,
"Inversión histórica en becas para niñas, niños y jóvenes.",0,neutro o no misogino,real,,,,,,,
Estrategia Nacional de Salud Mental para las y los jóvenes del país. El ABC de las emociones. csp..mx/estrategia-sal …,0,neutro o no misogino,real,,,,,,,
"También recibimos las cartas credenciales del embajador de la República de Cuba, Eugenio Martínez Enriquez. Al pueblo de Cuba y de México nos une una larga historia de hermandad y solidaridad.",0,neutro o no misogino,real,,,,,,,
"Presidente Claudia Sheinbaum @USER con mucho respeto le pregunto, que son pruebas válidas para usted ? En mi caso presenté escrituras, pagos de impuesto predial, factura de vehículos y lo que mis abogados consideraron necesario para sustentar correctamente mis denuncias",0,neutro o no misogino,real,,,,,,,
Genaro García Luna ya no estará solo… @USER @USER @USER,0,neutro o no misogino,real,,,,,,,
"Presidenta, crónica biográfica de la trayectoria de Claudia Sheinbaum @USER",0,neutro o no misogino,real,,,,,,,
"Recibí a Volker Türk, Alto Comisionado de las Naciones Unidas para los Derechos Humanos; Matthias Behnke, director regional para las Américas de la Oficina del Alto Comisionado; Humberto Henderson, representante en México de la Oficina del Alto Comisionado; y a Allegra Baiocchi,",0,neutro o no misogino,real,,,,,,,
"Traducción: Si caigo yo, cae @USER @USER y la 3stúpida de @USER",0,neutro o no misogino,real,,,,,,,
"| Hace unos días, Fernando Farías Laguna fue capturado en Buenos Aires y el temor se apoderó de Claudia Sheinbaum y López Obrador. Farias era buscado internacionalmente por los delitos de crimen organizado, robo de combustibles e intento de homicidio contra funcionarios en",0,neutro o no misogino,real,,,,,,,
"López Obrador Rocha Moya Fiscalía General Estados Unidos #Sinaloa Claudia Sheinbaum El Mayo #Culiacan Morena #SiguestuAMLO Chapitos YA EMPEZÓ LA CORREDERA DE RATAS encuéntrenlo SE ESCAPA, PASÓ LISTA y se fugó jajajajaja xD miserable escoria del bienestar.",0,neutro o no misogino,real,,,,,,,
"El me subió solo por mencionarle a Daniel Ortega, Claudia Sheinbaum y al presidente de aquí",0,neutro o no misogino,real,,,,,,,
"Mientras Claudia Sheinbaum estaba cargando cajas vacías con el cerdo de Noroña, yo dejaba a mis hijos pequeños y me iba a trabajar 14 días a Plataformas Marinas, como en esas épocas era trabajador transitorio mis jefes me obligaban a quedarme en las oficinas hasta una semana más,",0,neutro o no misogino,real,,,,,,,
Necesitamos a la cabezita de algodon para enfrentar al abusador naraja MEXICANOS AL GRITO SE GUERRA necesitamos una pausa con el embajador de eeuu que es de la CIA como lo hizo el presidente AMLO,0,neutro o no misogino,real,,,,,,,
Nunca olvides Que mientras una familia se desgarraba de dolor por el asesinato de Edith Claudia Sheinbaum levantaba un poster pidiendo la liberación de Cristina Kirchner Tres pinches pesos de madre carajo!!!,0,neutro o no misogino,real,,,,,,,
"Dice Claudia Sheinbaum que la dieta del pueblo es frijoles, maíz y arroz... ¡Vaya que es nutritiva! Solo hay que ver cómo ""florecen"" ciertos personajes bajo esa supuesta austeridad. Mientras al ciudadano le recetan sencillez, ellos exhiben la abundancia de quien no conoce el",0,neutro o no misogino,real,,,,,,,
"Que Pedro Sánchez ponga a Claudia Sheinbaum, Presidenta de México, encargada de destrozar la independencia judicial en su país, como ejemplo de defensora de la democracia nos da una idea de por dónde quiere transitar él.",1,benevolente,real,,,,,,,
"A ver, pinches gobernadores de MORENA: ¿Ya están redactando su cartita de apoyo a @USER y a @USER o se les arruga el *?",0,neutro o no misogino,real,,,,,,,
"Antes de pedir licencia como jefa de Gobierno de la CDMX, Claudia Sheinbaum coordino, junto con el Congreso Local, el reconocimiento como Embajador Internacional de La Paz, para Juan Pablo Penilla, el abogado del Cártel del Noreste. Sheinbaum negó rotundamente conocer a este",0,neutro o no misogino,real,,,,,,,
Jajajajajajaja ya les bailo Bertha a @USER y aplaudidores,0,neutro o no misogino,real,,,,,,,
"Platicando con el embajador Esteban Moctezuma y Roberto Velasco, secretario de Relaciones Exteriores. Les comparto la charla.",0,neutro o no misogino,real,,,,,,,
"Hablamos con @USER director de @USER sobre la acusación formal que hizo Estados Unidos hacia el gobernador de Sinaloa @USER y el respaldo que le había dado la presidenta @USER . “Por más que se quiera ocultar, la presidenta había estado",0,neutro o no misogino,real,,,,,,,
Informe del Gabinete de Seguridad. …,0,neutro o no misogino,real,,,,,,,
"La presidenta de México, @USER tras su gira en España: ""La derecha es racismo, discriminación y clasismo"" Detalló las diferencias políticas e ideológicas que existen entre los gobiernos de izquierda y de derecha.",0,neutro o no misogino,real,,,,,,,
Eskedeke sus NARCOS NO se TOCAN ladra la @USER y Estados Unidos está violando los derechos humanos d sus narcos Lo dicho van a pagar caro @USER @USER yel #CartelMorena @USER haber masacrado a los agentes dla CIA xq esto es solo la puntita,1,explicita,real,,,,,,,
"Ja, ja. Pensamos en lo mismo... Yo encontré otra, de un mes antes (ago '24): ""Aun cuando ni el presidente ni su sucesora se refirieron a los narcotraficantes, fueron explícitos en su apoyo a Rocha"". Ahí nomás.",0,neutro o no misogino,real,,,,,,,
@USER ENTREGUE A LOS NARCOPOLÍTICOS,0,neutro o no misogino,real,,,,texto,etiqueta,tipo,origen
Claudia Sheinbaum mañana cuando le pregunten por Rocha Moya Pero ¿Y García Luna?,0,neutro o no misogino,real,,,,"Con más de 32 M de trabajadores informales, poco más que añadir. Salvo para @USER y @USER , que presumen de ser el segundo país con menos desempleo. ¿Se ríen en tu cara o son unos genios del marketing político? Lo segundo es inverosímil, remoto.",0,neutro o no misogino,real
"Maru Campos NO va al Senado… y hace bien. No está a las órdenes de Claudia Sheinbaum ni de ningún circo político en la Ciudad de México. Ella rinde cuentas a la gente de Chihuahua, no al capricho del poder central. ¡Esa es una gobernadora con pantalones! #MaruCampos",0,neutro o no misogino,real,,,,ojalá todos caigan y principalmente el narco mayor de presirvienta así como la de palacio,1,explicita,real
"#MañaneraDelPueblo | Luego del acuerdo que anunció ayer el gobierno federal con los representantes de los concesionarios de gasolineras para reducir el costo del diésel a 27 pesos por litro a partir de la próxima semana, la presidenta, Claudia Sheinbaum Pardo, recalcó que de no",0,neutro o no misogino,real,,,,Que no se olviden las palabras de @USER y que la #presidentA @USER no quiera fingir que no sabia por ser su titere…,1,benevolente,real
| #URGENTE El partido español VOX le exigió a la presidente de los cárteles Claudia Sheinbaum que se disculpe con España por inundar las calles con drogas del narco.,0,neutro o no misogino,real,,,,"¡Ay, qué linda nuestra senadora! Siempre tan preocupada por los detalles, hasta en la política. Pero a veces creo que se olvida de lo verdaderamente importante.",1,benevolente,sintetico
Y el jefe de la mafia @USER que se pasó su sexenio yendo a badiraguato,0,neutro o no misogino,real,,,,,,,
"| En un acto tan vergonzoso como real, Claudia Sheinbaum se olvidó de la autodeterminación de los pueblos que vive marcando y al llegar a España tomó una pancarta pidiendo la liberación de Cristina Kirchner, la presidenta más corrupta de la historia argentina. ""Fuerza",0,neutro o no misogino,real,,,,,,,
"@USER ayer acuso de traición a la patria a la gobernadora de Chihuahua, hoy una acusación de EU, lo implica directamente sin olvidar que cómo en toda buena familia morenistas ya algunos de su parentela habían sido imputados. Quienes son los TRAIDORES @USER",0,neutro o no misogino,real,,,,,,,
Narco gobierno. ¿A cuántos más solapa @USER ?,0,neutro o no misogino,real,,,,,,,
Y los que faltan !!! @USER @USER @USER #NarcoGobiernoDeMorena #MorenaEsCorrupción,0,neutro o no misogino,real,,,,,,,
Culpara a Porfirio Díaz ?,0,neutro o no misogino,real,,,,,,,
"Ésta es la razón por la que la presidente no quiso ni hablar en la mañanera y tenía cara de muerto fresco. El gobierno de @USER está acusando al gobernador en funciones @USER de ser NARCO, están pidiendo mínimo 40 años de cárcel! Oye @USER ahí están las pruebas,",0,neutro o no misogino,real,,,,,,,
"Gracias Sr. Embajador También llévense a @USER , a sus hijos y a todos sus cómplices Claudia Sheinbaum Adán Augusto Los Monreal Fernández Noroña Rocio Nahle Alfonso Durazo Marina del Pilar Los Yunes y A todos los de Morena",0,neutro o no misogino,real,,,,,,,
"Con más de 32 M de trabajadores informales, poco más que añadir. Salvo para @USER y @USER , que presumen de ser el segundo país con menos desempleo. ¿Se ríen en tu cara o son unos genios del marketing político? Lo segundo es inverosímil, remoto.",0,neutro o no misogino,real,,,,,,,
Rápido todos al Zócalo a cantar el himno y defender la soberanía del narco... O como iba? También van a citar a Rocha Moya al Senado a que rinda cuentas o lo van a proteger por ser parte de la narco secta?,0,neutro o no misogino,real,,,,,,,
Es correcto compañero del movimiento. Este es un montaje creado por Elon Musk y Porfirio Díaz para desestabilizar a nuestra presidenta Claudia Sheinbaum y a nuestro honorable presidente AMLO. En México ningún gobernador tiene vínculos con el narco desde diciembre de 2018,0,neutro o no misogino,real,,,,,,,
Y @USER tanto que lo defendía. CONFIRMADO MORENA ES UN NARCO PARTIDO. Fuente: El Sol de México share.google/j1gKmHRjbtK4dp …,0,neutro o no misogino,real,,,,,,,
"Joven mexicano que vive en Francia, se trasladó a Barcelona, exclusivamente para ver a la presidenta @USER y le firmara su foto. “Con el neoliberalismo los mexicanos eran masacrados. Pero con el presidente AMLO y la presidenta Claudia Sheinbaum, el pueblo volvió a tomar",0,neutro o no misogino,real,,,,,,,
"Para que no te preguntaran sobre @USER , la conferencia de hoy fue tan breve @USER ?",0,neutro o no misogino,real,,,,,,,
CLAUDIA SHEINBAUM entre la continuidad y el cambio | @USER con @USER . …,0,neutro o no misogino,real,,,,,,,
Pero aun falta la principal cómplice y encubridora del narcoterrorismo en México. La narcopresidente @USER,1,explicita,real,,,,,,,
"El NARCOSENADOR @USER aquí claramente amaenaza a @USER @USER y al #narcoexpresidente @USER que si cae el, caen todos.",0,neutro o no misogino,real,,,,,,,
Deja de hacerte pendejo anciano cobarde y miserable porque sino te entregas tu por tu propia voluntad en menos de @USER días serás extraditado a @USER y ni @USER ni @USER mucho menos Genarito García Luna jr te podrán salvar. Advertido estás. Entrarán por ti.,0,neutro o no misogino,real,,,,,,,
"Claudia, Claudia, Claudia... Todos sabíamos desde hace años que @USER era un NARCO gobernador. Y tú dándole TODO tu apoyo, porque eres IGUAL QUE EL. @USER @USER",0,neutro o no misogino,real,,,,,,,
¿Y cuánto gana @USER ? Dixit @USER,0,neutro o no misogino,real,,,,,,,
"Se ha evidenciado la intromisión del gobierno gringo, para desestabilizar al gobierno de la presidenta @USER La #TraiciónALaPatria por parte de la oposición dejo de ser solo tendencia en las redes. El gobierno gringo infiltró a la oposición con el objetivo de invadir.",0,neutro o no misogino,real,,,,,,,
DURÍSIMO GOLPE A MORENA Y CLAUDIA SHEINBAUM: El Departamento de Justicia de EEUU acusó a Rubén Rocha Moya de tráfico de drogas. Acusan al gobernador de Sinaloa de conspirar con el Cartel de Sinaloa para enviar masivamente drogas a EEUU a cambio de sobornos y apoyos políticos.,0,neutro o no misogino,real,,,,,,,
El escritor y periodista @USER afirma que el bagaje científico y académico de Claudia Sheinbaum le confieren visión amplia.,0,neutro o no misogino,real,,,,,,,
Oye #CeroVotos ¿Cuál decías que es el NarcoPartido según tú?,0,neutro o no misogino,real,,,,,,,
Fotos que envejecieron mal. ¿Cuál será la reacción de la presidenta Claudia Sheinbaum?,0,neutro o no misogino,real,,,,,,,
López Obrador Rocha Moya Fiscalía General Estados Unidos #Sinaloa Claudia Sheinbaum El Mayo #Culiacan Morena #SiguestuAMLO Chapitos @USER TRÍO DE MISERABLES @USER @USER Andrés Manuel López Obrador siguen ustedes criminales.,0,neutro o no misogino,real,,,,,,,
"Y en el documento de @USER ahí dónde se lee: “prioridad compartida”, ¿debemos entender que el Estado Mexicano pondrá todas las facilidades para entregar a Rocha Moya (y a los demás señalados) y el cooperará o será que él o Claudia aún no lo saben?",0,neutro o no misogino,real,,,,,,,
"ÚLTIMO MINUTO || Convoca Claudia Sheinbaum a movilización masiva en el Zócalo en respaldo a Rubén Rocha Moya; “la soberanía no se negocia”, afirmó. Información en curso",0,neutro o no misogino,real,,,,,,,
La presidenta @USER - tan defensora de la prisión preventiva oficiosa- nos va a hablar de la presunción de inocencia para defender a Rocha Moya. Guarden este tuit.,0,neutro o no misogino,real,,,,,,,
Yo digo que va a decir y ¿por qué no hablan de García Luna?,0,neutro o no misogino,real,,,,,,,
"aaayyyy mi toda pendeja claudia sheinbaum le vendió su alma al diablo...de amlo y ya está pagando, si se apendeja tambien se va presa a #EEUU como el rocha moya",1,explicita,real,,,,,,,
"Llega a Palacio Nacional la titular de la #SEGOB, Rosa Icela Rodríguez, para reunirse con la presidenta Claudia Sheinbaum, después de darse a conocer la denuncia formal contra Rubén Rocha y otros nueve funcionarios y exfuncionarios",0,neutro o no misogino,real,,,,,,,
ojalá todos caigan y principalmente el narco mayor de presirvienta así como la de palacio,1,explicita,real,,,,,,,
"@USER @USER mas vale que los entreguen. Ya saben que con @USER no se andan con cosas. Ahi esta claramente lo que paso en Venezuela, ahora en IRAN, Cuba ha estado liberando gente por miedo. Espero que ustedes hagan lo mismo o estan preparados para una guerra USA.",0,neutro o no misogino,real,,,,,,,
Los movimientos políticos de EEUU en contra del gobierno de México son obvios. Esperemos que la presidenta @USER sepa mover sus fichas.,0,neutro o no misogino,real,,,,,,,
se le cayó a la presINEPTA con A su lenguA... @USER pero internet no olvida...,1,explicita,real,,,,,,,
La soberanía no existe Desde hace mucho. La colusión con los narcos para ganar elecciones si.,0,neutro o no misogino,real,,,,,,,
“Todo mi apoyo a @USER “ @USER,0,neutro o no misogino,real,,,,,,,
"NARCOS. Tú, el narco mayor @USER y la lagartija comunista HDSPM @USER y todo #ElCártelDeMorena . Ojalá terminen sus días pudriéndose en una prisión federal.",1,explicita,real,,,,,,,
"Invité a directivos y jugadores de las Grandes Ligas de Béisbol, así como a los equipos Padres de San Diego y Dbacks de Arizona, que este fin de semana se enfrentarán en el estadio de los Diablos Rojos de la Ciudad de México. Seguiremos trabajando para fortalecer esta relación y,",0,neutro o no misogino,real,,,,,,,
"La neta, ya harta la voz de @USER, que flojera su tono delicado",1,benevolente,real,,,,,,,
"Era más que obvio que lo negaría, así como también mañana lo va negar la Presidenta @USER , y se va recitar todo el manual como bien dices. Es más, no tardan en desplegar su típico comunicado todos los Gobernadores de Morena, solidarisandose con @USER .",0,neutro o no misogino,real,,,,,,,
Lo va a defender. Si cae Rocha cae el peje,0,neutro o no misogino,real,,,,,,,
La frase será: ¿Por qué no hablan de García Luna?,0,neutro o no misogino,real,,,,,,,
"#EnVivo | Un diálogo histórico: México y Colombia conversan sobre igualdad, transición y futuro. Presentación del libro “Diario de una transición histórica” de la presidenta Claudia Sheinbaum. Te contamos #FilBo2026 | #DiplomaciaCulturalMX | #DiplomaciaPúblicaMX",0,neutro o no misogino,real,,,,,,,
bit.ly/42CCr61 aquí está el comunicado del gobierno de EEUU donde la pena mínima para @USER es de 40años avísenle por favor a la #NarcoPresidentaClaudia @USER porque ayer decía que “no estaba enterada”,1,explicita,real,,,,,,,
INSULTAS A HUITZILOPOCHTLI COMPARÁNDOLO CON ÉSTAS LACRAS POLÍTICS #PRI_MOR_PAN_SistemaPolíticoPodrido HUITZILOPOCHTLI ERA LA *DEIDAD PRINCIPAL* DE LOS AZTECAS… EL DIOS DEL SOL NO HAY QUE MANDAR INFORMACIÓN INCORRECTA… PORQUE SE LA VAN A CREER PEPE,0,neutro o no misogino,real,,,,,,,
"Sra presidenta @USER . Es obvio que el T-MEC depende de su nivel de cooperación con USA . ¿Ya atrapó a los 9 implicados que reclama USA incluido el Gobernador @USER ? . Ni modo, hay que sacrificar peones por un beneficio mayor .",0,neutro o no misogino,real,,,,,,,
Y DEBEMOS LOS MEXICANOS EXIGIR LA EXPULSIÓN DE ESTE EMBAJADOR EX CIA @USER @USER @USER,0,neutro o no misogino,real,,,,,,,
¿Que hará mañana @USER en la mañanera?,0,neutro o no misogino,real,,,,,,,
México informa sobre acuerdo temporal para poner límite a los precios del diésel La presidenta Claudia Sheinbaum informó que su Gobierno alcanzó un acuerdo voluntario y temporal con empresarios gasolineros para establecer un precio máximo de litro de diésel al consumidor,0,neutro o no misogino,real,,,,,,,
"Señora, es usted una lambiscona de Trump, por decir lo menos, todo lo que publica ese señor para usted es incuestionable. Hasta parece que le pagan por eso. Tenga algo de sentido común",1,explicita,real,,,,,,,
"Lo mismo dijo Nicolás Maduro y ya no saldrá de la cárcel mientras viva. Ya valiste verga, puto narco de mierda. Oye, @USER , flojita y cooperando como buena mujer",1,benevolente,real,,,,,,,
Día Feliz Y si ya vienen por El para llevarlo a USA Mejor ! Q triste y frustración q Claudia Sheinbaum nunca le levantó ningún cargo !,0,neutro o no misogino,real,,,,,,,
"El Tío Sam, quiere extraditar a los sirvientes de @USER Y la presirvienta @USER los va a defender.",1,explicita,real,,,,,,,
"Señora tiktokera y alcaldesa de ocasión ,por favor ya deje de inhalar thinner y póngase a trabajar",1,explicita,real,,,,,,,
Ahora esperemos que @USER se los entregue ¿o lo seguirá defendiendo?,0,neutro o no misogino,real,,,,,,,
"Vaya ya por fin la pendeja con A de @USER va dejar de decir ""¿y por qué no dicen nada de García Luna?""... Ya decía el procer de @USER que nada pasa sin que se entere el presidente y que ningún acto ilícito sucede sin el visto bueno del presidente.",1,explicita,real,,,,,,,
Lo van a desconocer categóricamente,0,neutro o no misogino,real,,,,,,,
"Claudia Sheinbaum presenta denuncia tras agresión en la calle. El hecho, captado en video y viralizado en redes, desató un debate nacional sobre el acoso y la violencia hacia las mujeres en espacios públicos. Lee la nota aquí … #ClaudiaSheinbaum",0,neutro o no misogino,real,,,,,,,
Para que la pdta @USER siga negando que son un narcogobierno…,0,neutro o no misogino,real,,,,,,,
"Rocha Moya al banquillo. Respaldo, apoyo total y al 100% a mi presidenta Claudia Sheinbaum pero no puedo estar de acuerdo en todas sus decisiones. EEUU dejará ya su mamada de quitar visas y actuará con procesos penales a políticos involucrados, ahí YO SÍ estoy completamente de",0,neutro o no misogino,real,,,,,,,
"Qué magistral clase de historia le dieron a la Presidente Claudia Sheinbaum. Un aplauso para este valiente y preparado profesor que, con argumentos y conocimiento, está dando la batalla cultural contra las mentiras que el régimen ha sembrado sobre la conquista.",0,neutro o no misogino,real,,,,,,,
"Abrimos hilo sobre ¿en qué condiciones fue entregado nuestro país a @USER Sheinbaum?, es decir, ¿la 4T cumplió sus objetivos y promesas a los mexicanos?",0,neutro o no misogino,real,,,,,,,
"“La presidenta aseguró que había un abasto del 80 % de medicamentos. Eso es mentira”. Tras la visita de la presidenta Claudia Sheinbaum a Tenango, Hidalgo, donde pobladores denunciaron la falta de medicamentos y personal, el activista Ángel Vázquez asegura que la situación no",0,neutro o no misogino,real,,,,,,,
"REUNIÓN EN PALACIO NACIONAL TRAS ACUSACIONES CONTRA RUBÉN ROCHA MOYA La secretaria de Gobernación, Rosa Icela Rodríguez, arribó a Palacio Nacional para sostener una reunión con la presidenta Claudia Sheinbaum Pardo, tras las acusaciones emitidas por Estados Unidos contra Rubén",0,neutro o no misogino,real,,,,,,,
Hoy no duermen los narcos hijos de putA de @USER y su padrote @USER y su #CsrtelMorena @USER Lo #SiguesTuAMLO #NarcoGobiernoDeMorena,1,explicita,real,,,,,,,
"Dicen por ahí, que aparte de seca, Pendeja. Será?. Dicen...",1,explicita,real,,,,,,,
"Todo, todo mundo en Sinaloa y su perro saben que es narco. Creo que hasta él lo reconoció. Algo como ""el estado no se puede gobernar sin negociar con ellos"".",0,neutro o no misogino,real,,,,,,,
"Este viernes 17 de abril viajamos a Barcelona, España, para participar en la IV Cumbre en Defensa de la Democracia. La Mañanera del Pueblo estará encabezada por la secretaria de Gobernación, Rosa Icela Rodríguez Velázquez.",0,neutro o no misogino,real,,,,,,,
"Lo dicho: Son las consecuencias de andar de metiche y H0CÎC0NA Claudia Sheinbaum ha atacado más a Argentina que a los narcos. Y hoy, está a merced de Javier Milei Lo que diga el sobrino del almirante Ojeda puede destruir su gobierno y a Morena. @USER",1,explicita,real,,,,,,,
"Dirá que no hay pruebas Si mandan pruebas, las desestimará Le darán una medalla a Rocha en el Senado El Kks tendrá otra visita al Hospital Central Militar Veremos a los Trivagos en el extranjero Culpará a Calderón, Don Porfirio, Cortés, Colón y, si le insisten, Judas, Caín y Abel",0,neutro o no misogino,real,,,,,,,
"Estados Unidos solicitó las extradiciones de miembros del Partido de Claudia Sheinbaum vinculados al narcotráfico, entre ellos, el gobernador de Sinaloa.",0,neutro o no misogino,real,,,,,,,
Tremendo problema para la narco socia @USER . Vamos a ver que tantas pendejadas dice.,1,explicita,real,,,,,,,
EEUU pide la orden de captura a miembros del partido Morena por vínculos con el Cartel de Sinaloa. Recordemos que Claudia Sheinbaum tiene a varios políticos Ecuatorianos en su país refugiados todos de la Revolución Ciudadana.,0,neutro o no misogino,real,,,,,,,
Por eso lo he publicado varias veces es muy tibia la presidenta @USER y son muy tibios los de @USER @USER @USER,1,benevolente,real,,,,,,,
Una de las listas negras de Estados Unidos que tanto ha negado la 4T de @USER Lista de acusados por narcotráfico en EUA 1. Rúben Rocha- gobernador de Sinaloa 2. Enrique Inzunza – senador de Morena y expresidente del Poder Judicial de Sinaloa 3. Juan de Dios Gamez,0,neutro o no misogino,real,,,,,,,
Doña huevos @USER en estos momentos bajadon de huevos para este narco gobierno de la @USER Un tequilita pues no lo echamos,1,explicita,real,,,,,,,
"Narco régimen de mierda de @USER , @USER y @USER . En EEUU no fuman Faros; se visten de naranja. Justicia. @USER @USER",0,neutro o no misogino,real,,,,,,,
"Con mis NARCO GOBERNADORES NO, dirá la #NarcoPresidenteClaudia @USER huachicolera #MorenaEsCorrupción #MorenaNarcoTerroristas Te llegó la hora #NarcoGobernador @USER",1,explicita,real,,,,,,,
"Dicen los gringos que no tienen pruebas mas que los dichos del Mayo y Los Chapitos... Presidenta @USER , no se deje extorsionar por los halcones",0,neutro o no misogino,real,,,,,,,
"si claudia sheinbaum apoya y protege con su manto de impunidad presidencial al narcogobernador rocha moya, a enrique inzunza y a su grupo de narcofuncionarios, #EEUU se la va a llevar a ella tambien al baile, por que las pruebas contra ella las tienen y todo es cuestión que",0,neutro o no misogino,real,,,,,,,
"Ya me urge escuchar a la mentirosa debil de @USER y al prepotente de @USER a ver, que maroma sacan.",1,benevolente,real,,,,,,,
"Narco régimen de mierda del genocida y falso dios de los morenistas @USER . También deben renunciar @USER , @USER y @USER . México exige justicia.",0,neutro o no misogino,real,,,,,,,
Otro logro más de la #NarcopresirvientaClaudia @USER,1,explicita,real,,,,,,,
Lo va a defender hasta la ignominia...hundiendose 1....se van todos...,0,neutro o no misogino,real,,,,,,,
Hoy no duermen más de un político de Morena o “proveedor” de PEMEX,0,neutro o no misogino,real,,,,,,,
Estos chairos ridículos. Ya no saben ni para dónde morder. Jajaja,0,neutro o no misogino,real,,,,,,,
"En manos de un novato está la @USER , justo cuando se requiere larga experiencia y profundo conocimiento para enfrentar uno de los más grandes desafíos de la política exterior de México. @USER @USER @USER @USER @USER",0,neutro o no misogino,real,,,,,,,
"La presidenta Claudia Sheinbaum felicita a Donald Trump por su segunda toma de posesión como presidente de EE.UU., destacando el respeto y la cooperación como pilares clave para la relación entre ambos países. #México #EstadosUnidos Lee más: …",0,neutro o no misogino,real,,,,,,,
"Claudia Sheinbaum justifica que Marcelo Ebrard haya mandado a su hijo a vivir en la embajada de México en Londres. Dice que no hay regulaciones ni normas específicas sobre el uso de las embajadas. A ver, señora Presidente: quizá no exista una norma particular que diga “no",0,neutro o no misogino,real,,,,,,,
"Como rayo llegó Rosa Icela Rodriguez a Palacio Nacional. El propio Rocha Moya lo dijo: Van contra él para después ir contra AMLO y Claudia Sheinbaum, líderes del pacto entre MORENA y los cárteles.",0,neutro o no misogino,real,,,,,,,
"A partir de que ganó @USER se empezó a caer el régimen delincuencial de @USER . Lo que desde el principio era obvio que iba a pasar ya está sucediendo, se lo dijeron de mil maneras a @USER , no hizo nada y los siguió encubriendo. #México",0,neutro o no misogino,real,,,,,,,
"@USER Hay malas noticias para ti y buenas noticias para la soberanía de México. Como lo advirtió la ""comentocracia"", @USER es acusado de narcotráfico. Tic toc tic toc van a caer uno por uno.",0,neutro o no misogino,real,,,,,,,
Cadena de Oración,0,neutro o no misogino,real,,,,,,,
Que se separe ella de la presidencia más bien.,0,neutro o no misogino,real,,,,,,,
"Sigan permitiendo que Alito y toda esa bola de cvler0$ vayan a a dejar las listas de los que les estorban ,sigan de pinch3$ tibios ,sigan dejando que se les suban a las barbas,sigan confundiendo libertad de expresión con pendejismos de la 4 T , @USER",0,neutro o no misogino,real,,,,,,,
"Lo dijiste elegante Pero la pusieron diferente . Se les cae el show . Ahora sí podemos decir que el narcogobernador de morena , rocha moya se va exportado a USA",0,neutro o no misogino,real,,,,,,,
"A esa lista faltan muchos por integrar, narco regenta @USER : @USER narco y corrupto expresidente, @USER narco gobernador, @USER narco gobernador, @USER narco gobernador, @USER narco gobernadora, @USER narco senador.",0,neutro o no misogino,real,,,,,,,
Dirá que ella no está enterada de nada,0,neutro o no misogino,real,,,,,,,
"trío de narcos de mierda el pendejo hijo de puta mierda mayor de @USER el farsante cínico culero de mierda de @USER y la lagartija sin cola, la títere pendeja presirvienta de @USER miembros del narco gobierno de la mierda de @USER",1,explicita,real,,,,,,,
Que no se olviden las palabras de @USER y que la #presidentA @USER no quiera fingir que no sabia por ser su titere…,1,benevolente,real,,,,,,,
"En agosto de 2024, así apoyaba Claudia Sheinbaum a Rocha Moya, después de que se diera a conocer una carta del Mayo Zambada en la que aseguraba que la reunión en la que lo secuestraron se reuniría con él…",0,neutro o no misogino,real,,,,,,,
"JA""!!! EZ"" DE"" QUE"" NO MAMAR LOCUCRAZY"" LE SEGUIRAN LLORANDO A UN RENDER"" Y A SU HIJA PRODIGA Y MESIAS TROPICAL"" , LA ÑORA PRESI @USER ÑERA , ÑERIZIMA",1,explicita,real,,,,,,,
"A las #PerrasRamerasPutonasAsquerosasDelBienestar les están temblando las #chichis xq @USER va x @USER y @USER y otras lacras d cártel @USER , los protegerán sus amos los narco hampones corruptos corruptores @USER y @USER",1,explicita,real,,,,,,,
Joaquín Guzmán López me pidió que asistiera a una reunión para ayudar a resolver las diferencias entre los líderes políticos de nuestro estado.,0,neutro o no misogino,real,,,,,,,
"""Por razones obvias"" que son: nos quieren quitar a nuestros narcos jajaja ridículo arrastrado.",0,neutro o no misogino,real,,,,,,,
"Supongo el siguiente es Américo Villarreal, pues se ha destacado por las reuniones con esos financiadores de campaña, incluso estuvo con él al momento de ser candidato.",0,neutro o no misogino,real,,,,,,,
@USER @USER citen a estos @USER #GodBlessAmerica #ThanksDonaldTrump #NarcoGobiernoMorena @USER @USER @USER @USER @USER @USER @USER @USER @USER @USER,0,neutro o no misogino,real,,,,,,,
"Hasta con manita levantada, van a decir que era un fantasma, a como se las gastan estos hijos de perra",0,neutro o no misogino,real,,,,,,,
Lo celebro. Definitivamente no quisiera estar en su lugar…,0,neutro o no misogino,real,,,,,,,
"Ya no tarda el espaldarazo de @USER como usted lo hace cada que puede gobernador. Ya viene el pronunciamiento de ella también , nonse desespere. Aún estamos en tiempo.",0,neutro o no misogino,real,,,,,,,
Pedirá que hablen de Garcia Luna,0,neutro o no misogino,real,,,,,,,
"No son como los otros, son peores. @USER @USER",0,neutro o no misogino,real,,,,,,,
Porque tan calladita? Para esto no va salir a decir que la soberanía del país y que enjuicien a los narco políticos? Acá si se hace chiquita,1,benevolente,real,,,,,,,
Y más con la ayuda de rocha moya,0,neutro o no misogino,real,,,,,,,
Dirá que se están atendiendo las causas!!,0,neutro o no misogino,real,,,,,,,
"Lo que deben de hacer el @USER y @USER es remover del cargo al Gobernador de manera inmediata, mientras se aclara la situación.",0,neutro o no misogino,real,,,,,,,
"Ósea, sin pruebas lo están acusando así como a Cienfuegos…",0,neutro o no misogino,real,,,,,,,
"No, defender la soberanía es defender a ""nuestros"" narcos. ¿Verdad, señorA @USER ? #ConMisNarcosNo: Narcalca.",0,neutro o no misogino,real,,,,,,,
A AMLO y a su familia se la pelan si tuvieran pruebas hace tiempo ya lo hubieran hecho. Esto es venganza por las acusaciones a la borracha de Chihuahua. El embajador también tiene culpa en esto. Si son culpables que paguen y el embajador tiene que irse a CHASM !!,0,neutro o no misogino,real,,,,,,,
@USER ya se dedicated a la trata de blancas?,0,neutro o no misogino,real,,,,,,,
Ahora solo falta imputarle cargos por narcoterrorismo a la narcopresidente @USER principal cómplice y encubridora del narcogobernador @USER y también a senadores y diputados de su partido @USER @USER,1,explicita,real,,,,,,,
"Quien sabe, ya no tiene para donde moverse...a menos que salga a declarar una idiotez.",0,neutro o no misogino,real,,,,,,,
"NO LO CONOZCO!!! JAMÁS LO HE VISTO!!! SOLO FUE UNA FOTO QUE PIDIÓ, MUCHOS OTROS... DIRAN NARCO AMLO Y NARCO CLAUDIA",1,explicita,real,,,,,,,
Lo defenderá. Pues fue él quien pagó su campaña,0,neutro o no misogino,real,,,,,,,
"@USER @USER Queremos una Explicación, lo van a entregar oh @USER viene por el ?",0,neutro o no misogino,real,,,,,,,
"Se llevan bien pesado los Pejes. La purga Estalanista de @USER , de la mano del Trumpismo, va!",0,neutro o no misogino,real,,,,,,,
"Claudia y AMLO lo sabian, eran cómplices, he aqui una prueba de que AMLO y Claudia son unos narcopresidentes y Rocha un narcogobernador.",1,explicita,real,,,,,,,
Lo importante es que se los lleven y los refundan en la cárcel,0,neutro o no misogino,real,,,,,,,
¿Cómo que no hay pruebas? ¿Ya leíste el indictment? Hay pruebas para aventar pa’ arriba,0,neutro o no misogino,real,,,,,,,
Jajajajaja! Mi #cerovotos quedando siempre con un pwendejo,0,neutro o no misogino,real,,,,,,,
@USER que chingue a su madre @USER,1,explicita,real,,,,,,,
Órale puto sal a defender a tu gobernador,0,neutro o no misogino,real,,,,,,,
Y cuánto te va a pagar el boina verde por publicar esta carta de tus manejadores? maldita espía de los Sionazis,0,neutro o no misogino,real,,,,,,,
Ahora si sigue hablando perro,0,neutro o no misogino,real,,,,,,,
Culpará a Calderón,0,neutro o no misogino,real,,,,,,,
Como pendeja queda siempre @USER,1,explicita,real,,,,,,,
"Ahora si te importa la Constitución Mexicana y la soberanía nacional, pinche Narco de mierda, pero qué tal cuando negociabas y recibías lana del crimen organizado. @USER y la 4T @USER son un narco gobierno de eso no queda duda, a tragar sapos pinches chairos.",1,explicita,real,,,,,,,
"Básicamente lo que dice es si @USER no me defiende me llevo entre las patas a @USER , sus hijos y secuaces de @USER",0,neutro o no misogino,real,,,,,,,
No que no habían? Eso decía AMLO,0,neutro o no misogino,real,,,,,,,
"@USER se te olvida q USA es el imperio ¿X q USA no es implacable con China, Rusia, Irán? @USER debe chingarse a los vendepatrias Mexicanos.",0,neutro o no misogino,real,,,,,,,
"Huésped distinguido a un pederasta pedófilo violador qué vergüenza de @USER mujer inmunda sin corazón, que haría si le violaran al nieto Tal vez no le ha llegado el karma de cerca, por eso es tan malvada",1,explicita,real,,,,,,,
"¿Y @USER @USER @USER para cuándo @USER @USER @USER @USER @USER @USER @USER , o de eso nadota?",0,neutro o no misogino,real,,,,,,,
Vamos a ver qué opina @USER y los @USER hoy que el gobernador de Sinaloa es acusado por la fiscalía de New York la misma que acusó a García Luna y que ahora prácticamente le imputa los mismos cargos al narco morenista Rocha Moya.,0,neutro o no misogino,real,,,,,,,
"Eres realmente una pendeja, mi estimada Catrina serás hija de Estela Rios",1,explicita,real,,,,,,,
"y sabes?, son capaces con tal de salvar su asqueroso pellejo!, pero evidentemente EUA tiene pruebas que tanto ladra la sra del PN que deben mostrar para que les crea, en México jamás hallarán una sola que los convenza de que son malos, ni una! entre perros se cuidan la cola.",1,explicita,real,,,,,,,
Va decir: No tenía conocimiento .,0,neutro o no misogino,real,,,,,,,
Si se va él se va la 4T completita o como? @USER @USER @USER,0,neutro o no misogino,real,,,,,,,
Y LLEGÓ EL DÍA!! ME VOY A COMPRAR MIS PALOMITAS Y VERÉ EL ESPECTÁCULO DESDE LA COMODIDAD DE MI CASA!,0,neutro o no misogino,real,,,,,,,
Pero Loret gana mas,0,neutro o no misogino,real,,,,,,,
El único chile que le embona el culpable es @USER,0,neutro o no misogino,real,,,,,,,
Aplaudes que no quieran detener delincuentes jajaja ya estamos locos no?,0,neutro o no misogino,real,,,,,,,
"No está sólo, no está sólo...! Están todos los de la 4 T involucrados en el narco. Empezando por el KKs",0,neutro o no misogino,real,,,,,,,
"Ahora siii el narco mayor de @USER va decir q está retirado de la política,ya es pedo de @USER",0,neutro o no misogino,real,,,,,,,
Pinche Narco Rata Socialista Corrupto Mitomano Ignorante Nepotista Asesino igual que todos los del @USER como tú patrón @USER y su Títere @USER ! Todo el apoyo y gratitud de todos los Sinaloenses y demás Mexicanos a la @USER !,1,explicita,real,,,,,,,
@USER @USER que vamos a hacer?,0,neutro o no misogino,real,,,,,,,
"Se me hace que 'ora si voto en la revocación de mandato... ¿Cómo ves? ¿Te late, @USER ?",0,neutro o no misogino,real,,,,,,,
"Tú y todos toditos los que saben en esa foto, chinguen a si madre empezando por la títere @USER",1,explicita,real,,,,,,,
"Claro que no, faltan muchos de @USER y del @USER , todos esos que faltan en esa denuncia son protegidos de @USER con el visto bueno de @USER ...",0,neutro o no misogino,real,,,,,,,
En estos momentos ha de estar que se la carga el payado junto con el Corrupto de Lopez Obrador jajaj se celebra,0,neutro o no misogino,real,,,,,,,
"Si lo asumimos como un ataque a la 4T y al gobierno de México, le corresponde a @USER defenderlos a toda costa. Si lo asumimos como falso y como último acto desesperado, un Senador y un Gobernador en funciones deben ser detenidos y extraditados a EEUU. Ambos",0,neutro o no misogino,real,,,,,,,
Esta imbecil de @USER tiene diarrea mental,1,explicita,real,,,,,,,
No tarda en decir @USER q @USER convenció a @USER y a @USER en irse al narco,0,neutro o no misogino,real,,,,,,,
"Nada que una carpeta de investigación @USER no arregle, verdad @USER ?",0,neutro o no misogino,real,,,,,,,
"""Por qué no hablamos de Garcia luna"".",0,neutro o no misogino,real,,,,,,,
Caro va a pagar @USER su viajecito culero a Barcelona.,0,neutro o no misogino,real,,,,,,,
Lo dices como si fuera algo malo,0,neutro o no misogino,real,,,,,,,
Pues cómo no si los narcos de Sinaloa pagaron las campañas de @USER por eso el #NarcoPresidenteAMLO pedía el voto por el narcogobernador @USER @USER @USER @USER @USER @USER,0,neutro o no misogino,real,,,,,,,
"Si su patrón puso el ejemplo defendiendo liberando y hasta premiando a Cienfuegos, que podemos esperar de su títere ?",1,benevolente,real,,,,,,,
Cómo siempre. Negraràn todo.,0,neutro o no misogino,real,,,,,,,
"Que se acuerde @USER y @USER que a GARCIA LUNA lo detuvieron, lo encarcelaron, lo enjuiciaron y lo sentenciaron si una sola PRUEBA, fueron solo testimonios de Narcos, ahora eso no aplica?",0,neutro o no misogino,real,,,,,,,
"Los usuarios,no van todos al Aifa, largas filas significa demora, el tren se va a usar, pero sus pasajeros serán un aprox de 80% locales 20% Aifa. Los datos del gobierno serán a favor de los viajes, pero no de que su destino sea el Aifa. @USER hace años lo inauguró jaja?",0,neutro o no misogino,real,,,,,,,
"Preferirá perder al país, que a uno de sus narco partidarios. Por las buenas, no se van a llevar a ninguno, será al modo USA.",0,neutro o no misogino,real,,,,,,,
Va a culpar a Cslderón diciendo que el lo recomendó,0,neutro o no misogino,real,,,,,,,
"Insisto Presidenta @USER , nunca se puede confiar en los yankees. Siempre inventan delitos, para derrocar gobiernos democráticamente electos. Es URGENTE que expulse al sicario NARCOTERRORISTA ronald johnson @USER , no hay otra manera.",0,neutro o no misogino,real,,,,,,,
Está es la primera de muchas acciones @USER para DESESTABILIZAR Y DERROCAR GOBIERNOS La próxima será EL SECUESTRO DE LA PDTA @USER y BOMBARDEAR Se los DIJE Y ADVERTÍ Para aquellos q NO SE ARRODILLEN ANTE PDTA DETERMINACIÓN Y CARÁCTER Y MUCHOS HUEVOS,0,neutro o no misogino,real,,,,,,,
"Eso están haciendo, güey: presentando las pruebas. Por eso lo están acusando formalmente",0,neutro o no misogino,real,,,,,,,
"Al final Morena se va traicionar. Ya que en ese partido hay rateros, chillones y cobardes como el Noroña y @USER.",0,neutro o no misogino,real,,,,,,,
"A @USER es muy probable que lo silencie el gobierno, ya se volvió incómodo para muchos.",0,neutro o no misogino,real,,,,,,,
Y la vieja miada de @USER cuando?,1,explicita,real,,,,,,,
"Todos sabemos que eras un criminal y que @USER , @USER te protegían",0,neutro o no misogino,real,,,,,,,
"Mañana la narco presirvienta va a berrear en su marranera: ¡Pruebas! Son del mismo tipo con las que encerraron a García Luna… Pobre chichis de limón… @USER , la traen de trapeador Trump y el KKs Obrador… #FiscaliadeNY @USER #RochaMoya",1,explicita,real,,,,,,,
@USER Para cuando lo van a citar. Ahora que excusa vas a poner.,0,neutro o no misogino,real,,,,,,,
"Le gustan los reflectores, el chisme y el mitote. Si en realidad quiere la paz en ambos países haría todo para entregar a los que distribuyen las armas en México provenientes de EEUU.",0,neutro o no misogino,real,,,,,,,
Chinga tu madre pinche vieja pedorra siempre estás en las mañaneras como idiota burlandote de quién opine diferente al régimen de morena si tanto amas las porquerías que ha hecho en este país es porque eres igual de mierda que ella,1,explicita,real,,,,,,,
un día más odiando a la cdmx y sobretodo a las pendejas de clara brugada y claudia sheinbaum,1,explicita,real,,,,,,,
Sientate miserable #cerovotos #ceroiniciativas #cargapañales,1,explicita,real,,,,,,,
Dirá que es culpa de Calderon,0,neutro o no misogino,real,,,,,,,
"No , @USER no está contra la pared ,Trump la tiene contra las cuerdas, y le está metiendo una putiza como la que le metió Sugar Ray Robinson a Jake Lamotta en su última pelea",1,explicita,real,,,,,,,
Que se arrope en la bandera y se lance del castillo de Chapultepec @USER! Viva la soberanía de México!! Vivan los narco políticos de @USER Viva @USER Jajajajajaja,1,explicita,real,,,,,,,
Bien jodian con lo de la CIA… a tragarse la soberanía #PresidentA @USER Prepara las maromas @USER,1,explicita,real,,,,,,,
#RubenRochaMoya EDITORIAL URGENTE POR ACUSACIÓN CONTRA RUBÉN ROCHA MOYA. … / #CartelDeSinaloa #ClaudiaSheinbaum #Morena @USER @USER @USER @USER @USER @USER @USER,0,neutro o no misogino,real,,,,,,,
"B, C Y D. ESA CBRONA ES CAPAZ DE.LO Q SEA CON TAL DE DEFENDER AL VIEJO PAÑALERO.",1,explicita,real,,,,,,,
esto es morena @USER @USER @USER,0,neutro o no misogino,real,,,,,,,
"Se les ha dicho hasta el cansancio a las cucarachas no se les deja vivas, se les extermina o se vuelven una plaga, ahora el @USER @USER y @USER tienen que resolver este desmadre innecesario, es mandar a chsm a la oposición y a EU con contundencia",0,neutro o no misogino,real,,,,,,,
"Ahora es cuando presidenta @USER , le cayo como el anillo al dedo, para demostrar que usted manda y que no va incubrir a politicos corruptos como @USER",0,neutro o no misogino,real,,,,,,,
La secretaria como siempre luchando por el beneficio de los trabajadores,1,benevolente,real,,,,,,,
… A ver si @USER se pone de lado de la Red Criminal OBRADORISTA o se pone del lado del PUEBLO de MÉXICO,0,neutro o no misogino,real,,,,,,,
Importante la vinculación y el trabajo coordinado para garantizar los derechos laborales,0,neutro o no misogino,real,,,,,,,
"Y una vez mas @USER es el gobierno de los EUA, quien hace el trabajo de justicia contra los delincuentes. Ya fue Garcia Luna, Cienfuegos, Mayo, Chapo, una interminable lista de narcos y hoy Rocha y cómplices. HASTA CUANDO? HASTA DONDE?",0,neutro o no misogino,real,,,,,,,
En Palenque Amlo saldrá hacer su teatro y defender a su amigo Rocha? Sheinbaum seguramente va a hacer un deslinde mínimo para que Amlo y muchos de Morena no la acusen de traidora. La 4TERRIBLE totalmente exhibida en su pacto mafioso y criminal.,0,neutro o no misogino,real,,,,,,,
"""No sabría como contestar eso"" Vaya pedazo de pendeja volvieron a poner en un cargo federal.",1,explicita,real,,,,,,,
"¡ No qué no tronaban pistolitas ! @USER , es hora de llamar al narco mayor @USER . #Morenarcos.",0,neutro o no misogino,real,,,,,,,
Cualquiera menos la A . Tiene que obedecer a su amo supremo.,1,benevolente,real,,,,,,,
"Va a decir que es labor de México juzgarlo, en unos meses lo encuentran inocente de todos los cargos y a disfrutar del retiro dorado.",0,neutro o no misogino,real,,,,,,,
La culpa es de Calderón!,0,neutro o no misogino,real,,,,,,,
Es un honor estar con Claudia hoy!!,0,neutro o no misogino,real,,,,,,,
Aún así la chacha pedirá “pruebas “,1,explicita,real,,,,,,,
Esta respuesta del @USER encabezado por nuestra presidenta de México @USER si es Estado de Derecho:,0,neutro o no misogino,real,,,,,,,
Avisen ya que llegue la de @USER,0,neutro o no misogino,real,,,,,,,
Entre le no sea put0 p1nche viejo que te cargu3 la v3rga!!!! Que se los cargu3 su put@ madr3 @USER @USER @USER @USER @USER llevártelos a todos!! @USER has que cante el Marino para que caigan todos los Morenacos @USER,1,explicita,real,,,,,,,
"Otro embajador traicionero, qué novedad",0,neutro o no misogino,real,,,,,,,
"Woow, esto le da el revés a la títere de @USER y al anciano miado, que aceguran que todo en @USER funciona al . ¿Pos que paso Clauduchis ( @USER ) ? ¿Fuego amigo?",1,benevolente,real,,,,,,,
Te hablan narco presidentA @USER,1,explicita,real,,,,,,,
"Desempínate, no te la va a meter @USER",1,explicita,real,,,,,,,
No me salgas con que la honestidad depende si eres Moreno o no! Resultados....un goldo que se robo millones de la línea 12 y que fue otro pedo cuando se les cayó! Un inútil que solo pudo traer un conteiner de vacunas...un wey que vivió de nuestros impuestos en Francia huyendo...,0,neutro o no misogino,real,,,,,,,
Ya siéntese señora jajajaja no mame.,1,explicita,real,,,,,,,
muy contenta con mi narco,1,explicita,real,,,,,,,
Claro que sí. Están embarrados.,0,neutro o no misogino,real,,,,,,,
"#Entérate | Acusa de Narcotráfico el Gobierno de Estados Unidos al Gobernador de Sinaloa Rubén Rocha Moya ¡SIN PRUEBAS! El Gobierno de México, bajo la Presidenta Claudia Sheinbaum @USER , defiende la soberanía nacional ante la acusación unilateral del Departamento",0,neutro o no misogino,real,,,,,,,
ya no mame viejo,0,neutro o no misogino,real,,,,,,,
"Primero aplicará un choro históricamente incorrecto, después exigirá que @USER pague más, por último lo defenderá culpando a @USER de todos los males de la humanidad.",0,neutro o no misogino,real,,,,,,,
"A very si la NarcoSirvienta saca una cartulina, declarando su amor a Farías @USER",1,explicita,real,,,,,,,
Ubicate @USER .,0,neutro o no misogino,real,,,,,,,
Mañana dirán que no lo conocen y las fotos son IA,0,neutro o no misogino,real,,,,,,,
Decía su amo de @USER que el presidente lo sabe TODO no?,1,benevolente,real,,,,,,,
Por eso nos quiere mandar a encerrar la nacaranda Brugada.,1,explicita,real,,,,,,,
"Están remodelando las estaciones para el mundial, a ver si les alcanza el tiempo, por que ya esta cerca la fecha",0,neutro o no misogino,real,,,,,,,
"@USER @USER y @USER Ya en serio cuando ponen orden con estos 'motosimios' obliguenlos a circular en su carril, no entre carriles, respetar límites de velocidad establecidos, no pasarse altos, miles diario lo hacen, obligatorio verificación de las motos etc.",0,neutro o no misogino,real,,,,,,,
"Y esta inutil, corrupta y su obtuso gobierno no hace nada por liberar la avenida principal... 2027 FUERA MORENA!!!",1,explicita,real,,,,,,,
Aquí vemos 31 Minutos que nos presentarán... de nuevo el show de Yo Nunca Vi Televisión.,0,neutro o no misogino,real,,,,,,,
"Ya que andas por acá, como va el tema de Azcapotzalco??? 4 asesinados y tu pintando ajolotes",0,neutro o no misogino,real,,,,,,,
Cual movilidad? La suya en escoba?,1,explicita,real,,,,,,,
La naquez en su esplendor,1,explicita,real,,,,,,,
Ya falta menos para que caiga su partido de cagada...No terminas tu gestion eso es seguro,0,neutro o no misogino,real,,,,,,,
se va pero a sus bolsillos,0,neutro o no misogino,real,,,,,,,
Usted annuncie al narcogobernador,0,neutro o no misogino,real,,,,,,,
Pero si es Juan Carlos Bodoque quién habla!,0,neutro o no misogino,real,,,,,,,
"Los hijos de Juan Jesús también tendrán el ánimo de ir? No creó, condenarán a su padre por cubrir la porquería de la que tú fiscal @USER está siendo cómplice por crédula, tapadera de la fiscalía que dirije",0,neutro o no misogino,real,,,,,,,
LAS MAFIAS DEL PODER ROSA GUINDA Y LAS MAFIAS DESINFORMATIVAS. TODOS SON UNA MIERDA,0,neutro o no misogino,real,,,,,,,
"Ya no hay metro linea 2, Tlalpan imposible, cobro de derecho de piso en toda la ciudad, por fa ya que se largue. Deberíamos organizarnos y manifestarnos, ya que tanto ama las manifestaciones para que los que vienen al mundial vean las bonitas manifestaciones en contra de Clarita",0,neutro o no misogino,real,,,,,,,
Hay programas pero no son de la Brugada.,0,neutro o no misogino,real,,,,,,,
Ahí te hablan pinche utopías @USER corrupta asesina cínica sinvergüenza la ciudad de México es un ESTADO FALLIDO,1,explicita,real,,,,,,,
"Che bruja Al pueblo pan y circo. Aguas, ya vienen los gringos y tú cagadero seguro también saldrá a flote",1,explicita,real,,,,,,,
"Puro circo con ustedes como bufones de la ""Transaformación""...",0,neutro o no misogino,real,,,,,,,
"Buenas tardes. Ponemos a su disposición los teléfonos 55 8957 1200, 55 8957 1201 y 52 4251 00, extensiones 1121 y 1122 ubicación Liverpool #136 piso 7, Col. Juárez, Cuauhtémoc, donde el personal de #AsuntosInternos le atenderá con gusto para ampliar mayor información.",0,neutro o no misogino,real,,,,,,,
"Donde serán los 18 puntos? Yo no sé jugar fútbol, pero me encantaría hacerle al show jajaja",0,neutro o no misogino,real,,,,,,,
"¿Y sabes quiénes están listos para recibir a Rocha Moya en sus tierras, @USER ? A ver, a ver, échale coco.",0,neutro o no misogino,real,,,,,,,
No sirve para nada y ha acabado con la Ciudad de México,0,neutro o no misogino,real,,,,,,,
"Súbete al metro de la linea 2 para que veas como tienes la ciudad hecha pedazos, corrupta tibia.",1,explicita,real,,,,,,,
De terror moverse en la CDMX.,0,neutro o no misogino,real,,,,,,,
la estupidez es enorme,1,explicita,real,,,,,,,
"Estamos listos para que te vayas a chingar a tu madre, pinche utopías @USER corrupta asesina cínica sinvergüenza la ciudad de México es un ESTADO FALLIDO",1,explicita,real,,,,,,,
Disfruta de tus últimos circos porque a ti también te llevará el tren!!,0,neutro o no misogino,real,,,,,,,
"Aquí si hay que salir, que posteriormente hay que dejar el espacio durante el mundial y no saturar esta CDMX ?",0,neutro o no misogino,real,,,,,,,
La verdad es que esencialmente las ciudades grandes sí deben tener una imagen institucional la cual debería ir en función de la gente y no del partido con mayoría en el senado pero neta Clara Brugada es la mujer más naca que mis ojos han conocido. Otro ajolote morado y me mato.,1,explicita,real,,,,,,,
"Gobierno inepto, arreglen la escasez de placas",0,neutro o no misogino,real,,,,,,,
"Ya se cuenta con la infraestructura solo falta que pague el Internet, la inseguridad esta peor que nunca. @USER ya pon a trabajar a Nancy, por eso las mujeres no deben gobernar",1,benevolente,real,,,,,,,
Vieja ridícula!,1,explicita,real,,,,,,,
"Ya chingaste a tu reputamadre pinche corrupto, asesino, narco pendejo de mierda tú y la presirvienta de cagada y todo su séquito de lame culos imbeciles @USER @USER @USER @USER @USER @USER y todo @USER",1,explicita,real,,,,,,,
Senadores piden juicio político a Maru Campos Ariadna Montiel a MORENA y Leticia Ramírez a BIENESTAR,0,neutro o no misogino,real,,,,,,,
"He denunciado formalmente en Estados Unidos a Ariadna Montiel y a sus delegados del Bienestar . El mayor fraude de lavado de dinero lo he documentado en la denuncia que hice pública hace un mes “el primer mapa vivo de las redes financieras de Morena” Millones de muertos, cobrando",0,neutro o no misogino,real,,,,,,,
"Tuve el honor de conocer a Ariadna Montiel ( @USER ) desde los inicios de nuestro movimiento, cuando el Presidente Andrés Manuel nos encomendó ir a Veracruz a construir desde abajo, con el pueblo, las bases de esta gran transformación. Fui testigo de su entrega, de su",0,neutro o no misogino,real,,,,,,,
"Mentirosos de cuarta. No sacan a millones de la pobreza, han empobrecido a millones. Cada vez es más imposible vivir sin tener 2 trabajos. Ser profesionista sirve de poco cuando incentivas la mediocridad como lo hace Morena. Ojalá te encarcelen con tus amigos morenarcos.",1,explicita,real,,,,,,,
"Formaliza Ariadna Montiel su salida de Bienestar; llega Leticia Ramírez Redacción Tras varias semanas de trascendidos sobre su posible salida de la Secretaría de Bienestar ( @USER ), la tarde de este 28 de abril, @USER presentó formalmente su #renuncia. Así lo",0,neutro o no misogino,real,,,,,,,
"Leticia Ramírez, alfil de López Obrador, sustituirá a Ariadna Montiel en Bienestar La presidenta Claudia Sheinbaum ha anunciado el relevo en la Secretaría del Bienestar, que Montiel deja por la dirigencia de Morena",1,benevolente,real,,,,,,,
"Jajaja. No seas hipócrita Andrea, te la pasabas hablando mal de ella. Otro golpe a tu soberbia criolla.",0,neutro o no misogino,real,,,,,,,
"Luisa María Alcalde saldría en las próximas horas de la dirigencia de Morena En su lugar, llegaría Ariadna Montiel, actual secretaria de Bienestar, que deberá ser elegida por el consejo del partido",0,neutro o no misogino,real,,,,,,,
"En #BajaCalifornia, agradecí a las y los #ServidoresDeLaNación, a nombre de nuestra presidenta @USER , por recorrer el territorio con amor y compromiso para llevar bienestar al pueblo. Seguimos avanzando hacia nuevos retos como la próxima credencialización del Servicio",0,neutro o no misogino,real,,,,,,,
"Aviso importante Me reportan que en diversos estados del país se están realizando llamadas desde supuestos números telefónicos de la Secretaría de @USER y de servidores públicos de la institución, solicitando que se comuniquen a otro número y reproduciendo audios",0,neutro o no misogino,real,,,,,,,
"En #Nayarit nos reunimos con las y los #ServidoresDeLaNación para agradecer su trabajo y fortalecer el diálogo y el trabajo en equipo. A nombre de nuestra presidenta @USER , reconocemos su entrega, con la que han demostrado fortaleza, resistencia y profundo amor por el",0,neutro o no misogino,real,,,,,,,
"¡Y se confirma el movimiento! Después de semanas de rumores en los vestidores, la Presidenta Sheinbaum salió a los micrófonos a hacer oficial lo que ya todos sospechaban: Ariadna Montiel se va de la Secretaría del Bienestar en sustitución de Luisa María Alcalde. Cambio de",0,neutro o no misogino,real,,,,,,,
"Con #SaludCasaPorCasa, llevamos atención médica, prevención y bienestar directamente a los hogares. El derecho a la salud avanza y se hace realidad, casa por casa. @USER #HumanismoMexicano #PrimeroLosPobres",0,neutro o no misogino,real,,,,,,,
"#OchoColumnas Ariadna Montiel deja Secretaría del Bienestar para buscar la dirigencia nacional de Morena; Leticia Ramírez la releva Se precisó que, a pesar de estos cambios, los programas sociales están garantizados, conforme la Constitución",0,neutro o no misogino,real,,,,,,,
Ariadna Montiel deja el gabinete y va a Morena; Leticia Ramírez es la nueva titular de la Secretaría del Bienestar. bit.ly/4vYNh3U,0,neutro o no misogino,real,,,,,,,
"Bien merecida esta oportunidad que recibe para seguir regenerando la vida pública de México desde nuestro partido . Usted ha sido una servidora pública ejemplar: competente, trabajadora y honesta hasta la médula. Bienvenida a MORENA la presidencia la esta esperando.",0,neutro o no misogino,real,,,,,,,
#Radiografía de Morena ( @USER ): nuevas características del partido en el #gobierno Pablo Carlos Rojas Gómez ( @USER ) Tras la renuncia de Ariadna Montiel ( @USER ) a la #SecretaríadeBienestar –y su posible llegada a la dirigencia al partido,0,neutro o no misogino,real,,,,,,,
"Será soltera Ariadna Montiel, tendrá hijos de otro hombre que @USER pueda cuidar?",1,benevolente,real,,,,,,,
"Ariadna Montiel fue pieza clave en los sexenios de la 4T para sacar a millones de mexicanos de la pobreza, atender a los damnificados en los momentos más complicados y garantizar una logística excelente. A donde vaya siempre tendrá éxito por su enorme capacidad y honestidad.",0,neutro o no misogino,real,,,,,,,
"@USER ha hecho un excelente trabajo en la Secretaría del Bienestar , muchas felicidades",0,neutro o no misogino,real,,,,,,,
"Hoy en #LatinusDiario, 9:00 am por YouTube, Facebook y X de @USER : -FGR abre dos carpetas sobre agentes de la CIA en Chihuahua. -Ariadna Montiel sale de la Secretaría del Bienestar para encabezar la dirigencia de Morena rumbo a 2027. -Matan a familia en CDMX por no pagar",0,neutro o no misogino,real,,,,,,,
El nombramiento de Ariadna Montiel al frente de Morena es la confesión más cínica de cómo en Morena entienden el poder. Así lo dije en Hechos con @USER en un especial de @USER . Estamos hablando de la mujer que durante años ha operado el padrón de millones de,0,neutro o no misogino,real,,,,,,,
"Patsari son las #EstufasEficientesDeLeña que reducen el uso de leña y el humo en los hogares. Con esta estrategia se protege la salud de las familias, especialmente de las mujeres. En la región purépecha de #Michoacán avanza su construcción: más de 2,500 familias ya cuentan con",0,neutro o no misogino,real,,,,,,,
"Agradezco la compañía de @USER y de la Diputada Ariadna Montiel, en la conmemoración del 207 Aniversario de nuestra Independencia.",0,neutro o no misogino,real,,,,,,,
La compañera @USER deja la Secretaría del Bienestar Se va a “avanzar en otras tareas” Sin duda el domingo se convertirá en la próxima Presidenta de Morena. Un excelente “movimiento”de mi Presidenta para arreglar el desorden al que much@USER personajes han llevado al partido,0,neutro o no misogino,real,,,,,,,
"Sin duda Ariadna Montiel ( @USER ) fue y es una de las funcionarias públicas más eficientes, honestas y ejemplares del país. Tuvo un desempeño clave en el bienestar con el que millones de mexicanos salieron de la pobreza. Mucho éxito para lo que viene, que lo tendrá.",0,neutro o no misogino,real,,,,,,,
Enhorabuena. !! @USER . Que sea para seguir fortaleciendo el Partido!! @USER . Igual a seguir fortaleciendo la Política de Bienestar !! @USER,0,neutro o no misogino,real,,,,,,,
#EnPortada de El @USER : #ClaudiaSheinbaum exime a Estados Unidos de caso Chihuahua Va Ariadna Montiel a Morena y Leticia Ramírez a Bienestar Pactan gasolineros bajar diésel a 27 pesos bit.ly/34ubeFD,0,neutro o no misogino,real,,,,,,,
"Gracias a usted, siempre obtuve respuesta cuando en el caso de la pensión para mi mamá, jamás me había sentido correspondida por ningún funcionario, que le vaya muy bien y que siga la transformación, ojalá regrese algún día a funciones del estado si es que esta en sus planes.",0,neutro o no misogino,real,,,,,,,
SHEINBAUM: SALVEMOS LA MAYORÍA CALIFICADA El error político de las reformas electorales puso en riesgo la mayoría calificada en 2027. Las señales son: - La llegada de Citlalli y Ariadna Montiel a Morena - La idea de posponer la elección judicial,0,neutro o no misogino,real,,,,,,,
"Es un profundo honor y gran orgullo haber compartido esta segunda etapa de la Cuarta Transformación con el apoyo y liderazgo de la Secretaria @USER , una mujer excepcional cuya sensibilidad social, compromiso y vocación de servicio han dejado una huella significativa en la",0,neutro o no misogino,real,,,,,,,
Leticia Ramírez agradeció a la presidenta Claudia Sheinbaum por su designación como nueva secretaria de Bienestar en sustitución de Ariadna Montiel.,0,neutro o no misogino,real,,,,,,,
"Hoy, #EnPortadaEF | Investiga FGR a Samuel García Banxico valorará un último recorte a su tasa Relevo en Secretaría del Bienestar: se va Ariadna Montiel y llega Leticia Ramírez Gobierno y gasolineros pactan bajar diésel a $27 el litro Más noticias:",0,neutro o no misogino,real,,,,,,,
"Hoy en #Carrillera de nuestro director @USER : Felifer les “robó” el mes de abril Hannover, encuestas y fiesta en Los Arcos Confirmado: Ariadna Montiel deja Bienestar Dan oportunidad a excluidos de Medicina",0,neutro o no misogino,real,,,,,,,
"Todo mi reconocimiento, aprecio y admiración para @USER , he sido testigo del gran trabajo que ha realizado por todo el país para el beneficio del pueblo de México. Enhorabuena por las próximas tareas que asuma, un fuerte abrazo. Asimismo todo mi respeto y admiración",0,neutro o no misogino,real,,,,,,,
Juicio y prisión para la #TraidoraALaPatria,0,neutro o no misogino,real,,,,,,,
De Rocha Moya nada?...,0,neutro o no misogino,real,,,,,,,
El senador Felix Salgado considera que el cambio en la dirigencia de Morena es positivo para el partido. Da respaldo a Ariadna Montiel.,0,neutro o no misogino,real,,,,,,,
Todo mi reconocimiento al trabajo de @USER por su gran desempeño al frente de @USER Le deseo mucho éxito en su nueva tarea!,0,neutro o no misogino,real,,,,,,,
"Felicito y reconozco a @USER , por su trabajo y entrega al frente de la Secretaría de Bienestar del Gobierno de México, donde no solo impulsó apoyos para quienes más lo necesitan, también brindó certeza y esperanza a las familias mexicanas. ¡Mucho éxito en esta nueva etapa!",0,neutro o no misogino,real,,,,,,,
"Ariadna Montiel Reyes Gran servidora pública. Una mujer incansable, luchadora de la transformación. Su firme convicción y amor al pueblo de México son de respetarse.",0,neutro o no misogino,real,,,,,,,
"Muchas muchas gracias por todo su trabajo, es invaluable la estructura, el alcance y los resultados de su gestión. Gracias por irse a vivir a Guerrero para levantar Acapulco. Estamos ciertos de que hará un magnifico papel en la dirigencia de Morena.",0,neutro o no misogino,real,,,,,,,
"NO existe un MAL que dure 100 años, NI pueblo que lo aguante no puedes estirar una LIGA indefinidamente SIN riesgo a que reviente, con todo y sus calculos.",0,neutro o no misogino,real,,,,,,,
Ariadna Montiel confirma interés en buscar presidencia de Morena tras dejar Secretaría del Bienestar: “Que la transformación continúe” “Me siento muy orgullosa de formar parte de la Cuarta Transformación y de contribuir a que el bienestar sea un derecho para el pueblo de,0,neutro o no misogino,real,,,,,,,
El trabajo de @USER al frente de @USER fue clave para impulsar los programas sociales que hoy benefician al 82% de las familias mexicanas y ayudaron a sacar de la pobreza a 13 millones de personas. Reconocemos su labor y le deseamos éxito en lo que siga.,0,neutro o no misogino,real,,,,,,,
"#ÚLTIMAHORA | Claudia Sheinbaum anunció la salida de Ariadna Montiel de la Secretaría del Bienestar, la presidenta señaló que Leticia Ramírez será la nueva funcionaria a cargo de esta institución. #TelediarioNocturno con @USER y @USER",0,neutro o no misogino,real,,,,,,,
"Leticia Ramírez será la nueva secretaria de Bienestar, tras la renuncia de Ariadna Montiel Anuncia la Presidenta @USER #FórmulaNoticias #FelizMartes @USER 104.1FM - 1500 AM",0,neutro o no misogino,real,,,,,,,
Ariadna Montiel deja la Secretaria del Bienestar para buscar dirigir Morena a nivel nacional de cara a las elecciones del 2027,0,neutro o no misogino,real,,,,,,,
#LatinusDiario: 29 de abril FGR abre dos carpetas sobre agentes de la CIA en Chihuahua; Ariadna Montiel sale de la Secretaría del Bienestar para encabezar la dirigencia de Morena rumbo a 2027; matan a familia en CDMX por no pagar extorsión de “La Unión”. #Latinus,0,neutro o no misogino,real,,,,,,,
"#Análisis ¬ @USER y Alejandro @USER transmiten el mensaje de la Presidenta Claudia Sheinbaum, quien anunció que Ariadna Montiel presentó su renuncia a la Secretaría del Bienestar y se va a encabezar otras tareas en el Movimiento …",0,neutro o no misogino,real,,,,,,,
#EnVivo | Senadores piden juicio político a @USER . @USER a @USER y @USER a @USER 29/04/2026 …,0,neutro o no misogino,real,,,,,,,
Ya se pusieron de acuerdo para robar más? Nido de viejas ridiculas ratas. CHINGUEN A SU MADRE cada vez que respiren.,1,explicita,real,,,,,,,
El domingo Ariadna Montiel será ungida como nueva dirigente nacional de Morena. La maestra normalista Leticia Ramírez ocupará la vacante en Bienestar.,0,neutro o no misogino,real,,,,,,,
"#Política || La secretaria del Bienestar, Ariadna Montiel, renunció al cargo para contender por la presidencia nacional de Morena. Será sustituida por Leticia Ramírez Amaya, ex secretaria de Educación Pública. El anuncio fue confirmado por la presidenta Claudia Sheinbaum.",0,neutro o no misogino,real,,,,,,,
"¿Ya supiste lo de Rocha Moya? ¿Adán Augusto, si se salva? ¿Y tú?",0,neutro o no misogino,real,,,,,,,
¡CAMBIO EN EL GABINETE! Sheinbaum confirma salida de Ariadna Montiel de Bienestar. Leticia Ramírez deja Educación para asumir programas sociales de la 4T. Continúan pensiones y becas. #LeticiaRamirez #AriadnaMontiel #Bienestar #ClaudiaSheinbaum #4T,0,neutro o no misogino,real,,,,,,,
"En 2013, @USER llegó a Yucatán, con un grupo de compañeras y compañeros, para ayudarnos a lograr dar los primeros pasos de Morena Sí como partido en nuestro Estado. Desde ese momento me di cuenta de la convicción inquebrantable [1]",0,neutro o no misogino,real,,,,,,,
#Nacional| @USER deja la Secretaría del @USER ; asumirá @USER,0,neutro o no misogino,real,,,,,,,
"Qué alegría ver a mujeres que forjaron este movimiento desde el territorio llegar a espacios tan importantes. Felicito a mi querida Ariadna Montiel por su nueva etapa dentro de la organización de nuestro movimiento ejemplo de inteligencia, dedicación y amor al pueblo. Tláhuac",0,neutro o no misogino,real,,,,,,,
"Qué vas a hacer cuando te encarcelen al sugar?? Ya te cerraron el narcolaboratorio en Chihuahua, te quedas solita, mija jajajajaja",1,explicita,real,,,,,,,
"Total apoyo a nuestra presidentA @USER en todas y cada una de sus desiciones de Estado,con el fin de fortalecer las bases del 2o piso de la 4t, por el bien de los más desamparados,por el bien de México, por el bien de todas y de todos.aq",0,neutro o no misogino,real,,,,,,,
"#UltimaHora | Ariadna Montiel deja la Secretaría de Bienestar para “encabezar otras tareas”, anuncia la presidenta Sheinbaum; Leticia Ramírez es la nueva titular de la dependencia.",0,neutro o no misogino,real,,,,,,,
"Jajajajajajajajajaa esa Doña Barredora es bien chistosa, más corrupta y falsa no puede ser",1,explicita,real,,,,,,,
"Muy buen enroque anunció hoy @USER A @USER a seguir luchando va @USER Como Secretaria del Bienestar queda @USER Dos queridas y respetadas compañeras que han luchado toda su vida y que han servido a México con honestidad, dignidad e inteligencia.",0,neutro o no misogino,real,,,,,,,
La presidenta Claudia Sheinbaum informó que Ariadna Montiel deja la Secretaría del Bienestar. Leticia Ramírez asume la titularidad de la dependencia encargada de los programas sociales. #LasNoticiasDeFORO con @USER | #nmásforo | #SiempreEnVivo | #SiempreContigo | Sigue la,0,neutro o no misogino,real,,,,,,,
"Que cubrí la fuente, tonto. Y las ligas son las que le sacó Bejarano a Ahumada. ¿O eso también es una conjetura? Yo lo vi. Todos los vimos. Tenga un poquito de honestidad intelectual.",0,neutro o no misogino,real,,,,,,,
Totalmente agradecidos con su labor @USER @USER @USER,0,neutro o no misogino,real,,,,,,,
¿Política social o maquinaria electoral? @USER deja la Secretaría de Bienestar para dirigir Morena. El acceso a los padrones de beneficiarios enciende las alarmas por un posible conflicto de interés.,0,neutro o no misogino,real,,,,,,,
Deber cumplido? Robar a mansalva te parece deber cumplido vieja estupida? So eres una fiel representante del brazo legislativo del crimen organizado @USER,1,explicita,real,,,,,,,
"Excelente elección, presidenta. Muchas felicidades a @USER , extraordinaria, honesta y leal servidora pública en su nuevo encargo en la Secretaría @USER . También, mucho éxito a @USER en su nueva tarea como presidenta de @USER . Y eterno",0,neutro o no misogino,real,,,,,,,
Lo que son las cosas ud denunciando a esa @USER y @USER deshaciendose en elogios para ella y el #NarcoGobernador de San Luis Potosi el pollo gallardo,0,neutro o no misogino,real,,,,,,,
"Vaya, te va a tocar mover el padrón de beneficiarios de programas sociales y a los servidores de la nación como si le pertenecieran a morena. Cínica.",0,neutro o no misogino,real,,,,,,,
Gracias de verdad por el excelente trabajo Arquitecta Ariadna Montiel saludos y bendiciones buena vibra para sus nuevos proyectos execelente mujer de trabajo gran trayectoria muchas felicidades,0,neutro o no misogino,real,,,,,,,
#Entérate || Ariadna Montiel Reyes deja la Secretaría de Bienestar y la releva Leticia Ramírez La salida de Montiel ocurre en medio del relevo en la dirigencia morenista Más en el siguiente enlace,0,neutro o no misogino,real,,,,,,,
#ElDiarioNoticias SHEINBAUM ANUNCIA CAMBIO EN SECRETARÍA DEL BIENESTAR …,0,neutro o no misogino,real,,,,,,,
"Esa rata apestosa de Bejarano, pensó que dejándose la barba canosa; iba a generar mayor confianza y se nos iba a olvidar que se estaba c h i n g a n d o el billete de manera desesperada jajajsjs",1,explicita,real,,,,,,,
@USER anuncia relevo en la Secretaría de @USER ; Leticia Ramírez sustituye a Ariadna Montiel,0,neutro o no misogino,real,,,,,,,
en mi calidad de Consejero y Congresista Nacional el domingo votaré por Ariadna Montiel para presidenta nacional de morena para que continúe la organización de nuestro movimiento por #AmorPorMorena 2-2,0,neutro o no misogino,real,,,,,,,
"Mi todoa pendeja, si tienen corriente eléctrica, seguramente no está tan remota la comunidad. Estás bien pendeja.",1,explicita,real,,,,,,,
¡Bienvenida @USER @USER ! ¡Bienvenida @USER a @USER !,0,neutro o no misogino,real,,,,,,,
Excelente día !!!! Hoy es miércoles 29 de abril de 2026!!! Vámonos con la información más importante de #Durango #México y el mundo Renuncia @USER a la Secretaría del Bienestar; el domingo próximo asumirá la presidencia del CEN de #MORENA ¡¡El Centro,0,neutro o no misogino,real,,,,,,,
"#ÚLTIMAHORA: Como lo adelanté en mi columna #AccesoLibre, se confirma la salida de Ariadna Montiel de la Secretaría del Bienestar y llega Leticia Ramírez. Así lo anunció la presidenta @USER :",0,neutro o no misogino,real,,,,,,,
Felicidades a Morena por ese ingreso de @USER Excelente movimiento,0,neutro o no misogino,real,,,,,,,
"#ÚltimaHora Sacudida en la 4T: Ariadna Montiel deja Bienestar y va por Morena La presidenta Claudia Sheinbaum Pardo confirmó la salida de Ariadna Montiel Reyes de la Secretaría de Bienestar, quien buscará la dirigencia nacional de Morena. En su lugar, asumirá Leticia Ramírez",0,neutro o no misogino,real,,,,,,,
"Cuando haces un buen trabajo, se nota... @USER es un claro ejemplo en la @USER . Te comparto cómo fue que la presidenta @USER decidió que Ariadna Montiel continuara en la Secretaría del Bienestar.",0,neutro o no misogino,real,,,,,,,
Miserables.....,0,neutro o no misogino,real,,,,,,,
#MorenaEngañaPendejos es un orgullo :,0,neutro o no misogino,real,,,,,,,
"Por órdenes de López Obrador se va Ariadna Montiel de la secretaria de Bienestar a Morena y ella le agradece en un tuit Manejaba una bolsa de un billón de pesos de los programas del Bienestar, sabe en qué estado, en qué ciudad, en qué colonia y hasta en qué cuadra se reparte ese",1,benevolente,real,,,,,,,
"#MañaneraPresidenta | ARRANCA CREDENCIALIZACIÓN DEL SERVICIO UNIVERSAL DE SALUD La secretaria Ariadna Montiel ( @USER ) informó que el registro iniciará del 13 al 30 de abril para personas de 85+ años, de lunes a sábado (9:00 a 17:00). Comienza en capitales con",0,neutro o no misogino,real,,,,,,,
"Entre ignorantes y corruptas se felicitan, la 4T va.",1,explicita,real,,,,,,,
"Uffff.... CARLOS LORET: Ya le mostraron la puerta de salida a Luisa María Alcalde. El mandamás de Palenque quiere que la nueva dirigenta de Morena sea Ariadna Montiel. Una ficha 100% de AMLO que devolvería poder y operación a su hijo Andy, que había sido desplazado por Arturo",0,neutro o no misogino,real,,,,,,,
El @USER lanza nota como exclusiva confirmando Ariadna Montiel ocupará dirigencia de Morena en lugar de Luisa María Alcalde La titular del Bienestar tomará las riendas del partido de cara a las elecciones 2027 La presidente @USER hace otro movimiento en su,0,neutro o no misogino,real,,,,,,,
"Curiosa postal de todos los servidores de la nación, bien uniformaditos para recibir a la secretaria del bienestar, Ariadna Montiel otra títere más de Obrador, por instrucción de la sobrina incómoda Manuelita López Obrador. Utilizan a los trabajadores de la dependencia como carne de cañón para sus",1,benevolente,real,,,,,,,
Exclusiva: Ariadna Montiel ocupará dirigencia de Morena en lugar de Luisa María Alcalde - El Heraldo de México,0,neutro o no misogino,real,,,,,,,
"Ariadna Montiel: la discreta operadora de los programas sociales de la 4T Política discreta, pero eficaz, Ariadna Montiel dejará la Secretaría de Estado más poderosa, para hacerse cargo del partido en la antesala de 2027",0,neutro o no misogino,real,,,,,,,
"Lean a @USER , la llegada de la secretaria de Desarrollo Social a Morena, la que por años de encargó de entregar el dinero en efectivo de los programas sociales, presagia la elección de Estado que viene: Ariadna Montiel a Morena",0,neutro o no misogino,real,,,,,,,
"Concluyó el operativo de pagos marzo-abril para pensiones y apoyos sociales en México. Un anuncio importante de la Secretaría de Bienestar @USER , encabezada por Ariadna Montiel @USER , es que se concluyó la realización del pago del bimestre marzo-abril a millones de",0,neutro o no misogino,real,,,,,,,
"SHEINBAUM CONFIRMA Y DA LA NOTA: Estela Damián, actual Consejera Jurídica si le pidió irse a competir en Guerrero en 2027. Claudia, invitó a Luisa Alcalde para que sea su Consejera Jurídica. Luisa Alcalde le pidió unos días para pensarlo. Ariadna Montiel no le ha",0,neutro o no misogino,real,,,,,,,
ÚLTIMA HORA | Ariadna Montiel se perfila como dirigente de Morena en sustitución de Luisa María Alcalde dozz.es/vgr8p2,0,neutro o no misogino,real,,,,,,,
"En gira con la presidenta Claudia Sheinbaum en Felipe Carrillo Puerto, Ariadna Montiel resaltó legado de Elvia Carrillo Puerto y el impacto de programas sociales en mujeres mayas.",0,neutro o no misogino,real,,,,,,,
"Ariadna Montiel ( @USER ), titular de Bienestar, se reunió con Servidores de la Nación en #Guanajuato para reconocer su labor en programas sociales y apoyo a damnificados.",0,neutro o no misogino,real,,,,,,,
Qué miedo o qué peligroso sería si Ariadna Montiel @USER ex secretaria del Bienestar lleva consigo el acceso a los padrones → para fines electorales. @USER @USER @USER @USER @USER @USER @USER,0,neutro o no misogino,real,,,,,,,
"#Bienestar | Abren registro nacional para la Pensión de Personas con Discapacidad La secretaria de Bienestar ( @USER ), Ariadna Montiel Reyes ( @USER ), informó que del 23 al 29 de marzo se realiza el registro en todo el país para acceder a este apoyo, que otorga 3",0,neutro o no misogino,real,,,,,,,
"""Iniciaremos en este mes de abril este registro, con los adultos mayores de 85 años y más"": Ariadna Montiel presenta calendario de registro para el Servicio Universal de Salud Sigue #LaMañaneraDelPueblo en @USER",0,neutro o no misogino,real,,,,,,,
Es tiempo de mujeres: en México más de 18.5 millones de mexicanas reciben un Programa de Bienestar: Ariadna Montiel lanuevarepublica.online/3052961_es-tie …,0,neutro o no misogino,real,,,,,,,
#BajaCalifornia | #HistoriasBienestar La #PensiónDiscapacidad es un derecho que fortalece el bienestar y la autonomía. @USER #HumanismoMexicano #PrimeroLosPobres,0,neutro o no misogino,real,,,,,,,
Hoy el #Bienestar llega a millones de hogares y se refleja en la tranquilidad de las familias. Es la transformación que se vive en cada comunidad. @USER #HumanismoMexicano #PrimeroLosPobres,0,neutro o no misogino,real,,,,,,,
Más de 18.5 millones de mexicanas se benefician con un Programa de Bienestar: Ariadna Montiel .mx/mexico/gobiern …,0,neutro o no misogino,real,,,,,,,
Las mujeres son parte fundamental de la transformación de México. Hoy su esfuerzo es reconocido con la #PensiónMujeresBienestar. @USER #HumanismoMexicano #PrimeroLosPobres,0,neutro o no misogino,real,,,,,,,
"#EnLaMañanera | Ariadna Montiel, secretaría de Bienestar, informó que a partir del 2 de marzo se desplegarán los esfuerzos para que las personas puedan tramitar la Credencial Universal de Salud",0,neutro o no misogino,real,,,,,,,
Ariadna Montiel confirma pago del bimestre marzo-abril para 18 millones de beneficiarios del Bienestar,0,neutro o no misogino,real,,,,,,,
"En #Hidalgo, sostuvimos un encuentro con las y los #ServidoresDeLaNación, quienes con su entrega diaria hacen posible que el Bienestar llegue directamente a las personas. En nombre de la presidenta @USER , reconocemos su trabajo cercano, porque servir a la nación es un",0,neutro o no misogino,real,,,,,,,
Aviso Importante Mañana es el último día para realizar tu registro a la #PensiónDiscapacidad. No dejes pasar esta oportunidad y acude a tu #MóduloBienestar más cercano. Ubícalo en: @USER #HumanismoMexicano #PrimeroLosPobres,0,neutro o no misogino,real,,,,,,,
"Del 23 al 29 de marzo, regístrate a la #PensiónDiscapacidad Acude a tu #MóduloBienestar más cercano, de acuerdo con la primera letra de tu apellido. Consulta el Módulo y calendario en: @USER #HumanismoMexicano #PrimeroLosPobres",0,neutro o no misogino,real,,,,,,,
"Ariadna Montiel Reyes, titular de la Secretaría de Bienestar, anunció que la nueva etapa de registro de la Pensión Bienestar para personas con discapacidad se realizará en marzo 2026. #ImagenInforma #Noticias #Pensión",0,neutro o no misogino,real,,,,,,,
"Aviso Lleva los siguientes DOCUMENTOS en original y copia al #MóduloBienestar más cercano a tu domicilio, para registrarte a la #PensiónDiscapacidad del 23 al 29 de marzo. Ubicalo aquí: @USER #HumanismoMexicano #PrimeroLosPobres",0,neutro o no misogino,real,,,,,,,
"Finaliza dispersión de pagos de Bienestar, confirma Ariadna Montiel Ariadna Montiel Reyes, informó que concluyó formalmente el operativo de pago correspondiente al bimestre marzo-abril para los principales programas de la dependencia.",0,neutro o no misogino,real,,,,,,,
"Este lunes 2 de marzo, el arranque de la semana trajo consigo el anuncio más esperado por millones: la Pensión Bienestar 2026. Desde la conferencia mañanera, la secretaria Ariadna Montiel detalló junto a la presidenta Claudia Sheinbaum cómo se llevará a cabo la dispersión de",0,neutro o no misogino,real,,,,,,,
"Aviso importante Si tu apellido comienza con las letras de la R a la Z, esta semana podrás disponer de tu recurso correspondiente al bimestre marzo–abril de las #PensionesBienestar y del programa #MadresTrabajadoras. Consulta aquí el calendario:",0,neutro o no misogino,real,,,,,,,
"En el #DíaMundialDelAgua reflexionemos sobre su cuidado y uso responsable, para que todas y todos tengamos acceso a este vital líquido. Garantizar que llegue a cada hogar es una prioridad del @USER ; por ello, se impulsan acciones para su cuidado, distribución y",0,neutro o no misogino,real,,,,,,,
"Para la Credencialización del Servicio Universal de Salud, se instalarán 2,898 módulos de registro en las 32 entidades del país. Ariadna Montiel @USER , titular de la Secretaría de Bienestar @USER , informó que se generarán dos credenciales, una impresa y otra",0,neutro o no misogino,real,,,,,,,
"Las y los #ServidoresDeLaNación de #Puebla y #Tlaxcala recorren comunidades y escuchan a la gente para que el #Bienestar llegue a las familias, fortaleciendo los derechos del pueblo y la transformación del país. Hoy tuve la oportunidad de agradecerles, a nombre de nuestra",0,neutro o no misogino,real,,,,,,,
"Cuando se trata de servir al pueblo, no hay barreras para las y los #ServidoresDeLaNación, expresó Ariadna Montiel Reyes",0,neutro o no misogino,real,,,,,,,
"Ariadna Montiel, secretaria del Bienestar, dio a conocer cuál será la información que contendrá la Credencial Universal de Salud, así como la documentación necesaria para tramitarla.",0,neutro o no misogino,real,,,,,,,
"En Compostela, #Nayarit, junto a la presidenta @USER , nos reunimos con beneficiarias de la #PensiónMujeresBienestar. Las mujeres nayaritas son tejedoras de la patria y de nuestra historia, ejemplo de trabajo, esfuerzo y amor por sus familias. Esta pensión es un",0,neutro o no misogino,real,,,,,,,
"Pensión Bienestar: Calendario oficial de pagos COMPLETO de marzo de 2026 La secretaria del Bienestar, Ariadna Montiel Reyes, dio a conocer el calendario oficial de pagos de la Pensión Bienestar para el bimestre marzo-abril.",0,neutro o no misogino,real,,,,,,,
"La secretaria de Bienestar, Ariadna Montiel, anunció que los pagos de las pensiones de los Programas del Bienestar comienzan este 5 de enero, conforme al calendario establecido por orden alfabético. : @USER",0,neutro o no misogino,real,,,,,,,
"En Yautepec, #Morelos, continuamos los encuentros con las y los #ServidoresDeLaNación para reconocer su compromiso y cercanía con el pueblo de México. Gracias por su entrega, vocación de servicio y por servir con honor a la Nación. #SomosServidoresDeLaNación @USER",0,neutro o no misogino,real,,,,,,,
Ariadna Montiel Reyes informó que el Plan de Justicia para jornaleros en San Quintín avanza con coordinación del gobierno de @USER para atender rezagos.,0,neutro o no misogino,real,,,,,,,
"La Credencial Universal de Salud se perfila como el eje de la modernización sanitaria en México, según lo explicado hoy por la secretaria Ariadna Montiel. Durante la conferencia matutina de este martes 3 de marzo, se revelaron los pormenores de un despliegue logístico que busca",0,neutro o no misogino,real,,,,,,,
"El Plan de Justicia para Trabajadores Agrícolas de San Quintín, #BajaCalifornia, sigue avanzando. Sostuvimos una reunión para coordinar acciones entre instituciones y fortalecer las estrategias que garanticen bienestar, justicia social y mejores condiciones para las y los",0,neutro o no misogino,real,,,,,,,
"#SembrandoVida Si eres beneficiario del programa #SembrandoVida, a partir del 10 de marzo podrás disponer de tu apoyo correspondiente al mes de febrero en tu #TarjetaBienestar. @USER #HumanismoMexicano #PrimeroLosPobres",0,neutro o no misogino,real,,,,,,,
"En el marco de la conferencia matutina encabezada por la presidenta Claudia Sheinbaum, la titular de la Secretaría del Bienestar, Ariadna Montiel ( @USER ) anunció la instalación de casi 3 mil módulos en todo el país para tramitar la Credencial Universal de Salud.",0,neutro o no misogino,real,,,,,,,
"Hoy, gracias a la #PensiónMujeresBienestar, millones de mujeres reciben un apoyo directo que reconoce el esfuerzo de toda una vida. Una pensión impulsada por la primera mujer presidenta de México, que reafirma que al llegar una, llegamos todas. #LlegamosTodas",0,neutro o no misogino,real,,,,,,,
"Aviso importante Si tu apellido comienza con las letras de la G a la M, esta semana podrás disponer de tu recurso correspondiente al bimestre marzo–abril de las #PensionesBienestar y del programa #MadresTrabajadoras. Consulta aquí el calendario:",0,neutro o no misogino,real,,,,,,,
"Ariadna Montiel, secretaria del Bienestar, presentó el calendario de pagos de las pensiones para adultos mayores, mujeres trabajadoras y para personas con discapacidad.",0,neutro o no misogino,real,,,,,,,
Más de 18.8 millones de derechohabientes y beneficiarios reciben el pago bimestral de las #PensionesBienestar y del programa #MadresTrabajadoras a través de la #TarjetaBienestar del #BancoDelBienestar. @USER #HumanismoMexicano #PrimeroLosPobres,0,neutro o no misogino,real,,,,,,,
A través del programa de #EmergenciaSocialONatural continúa la entrega de enseres a las familias afectadas por las lluvias en #Puebla. @USER #HumanismoMexicano #PrimeroLosPobres,0,neutro o no misogino,real,,,,,,,
#Bienestar | Del 16 al 22 de febrero se realiza el registro a las Pensiones Mujeres Bienestar y Adultos Mayores: Ariadna Montiel @USER @USER @USER @USER @USER @USER @USER @USER @USER __,0,neutro o no misogino,real,,,,,,,
"En @USER llevamos a cabo la exposición titulada: ""Iniciación""; reuniendo 25 piezas que recorren momentos clave de la obra de Roger Von Gunten. En una atmósfera de armonía total y acompañados de su hijo, homenajeamos a un gran artista que dejó un legado para México. #SC",0,neutro o no misogino,real,,,,,,,
“Que me lo pongan y nos damos en la madr?$&%*+?$ solos.” -Mensaje de Sandra Cuevas a C4 Jiménez.,0,neutro o no misogino,real,,,,,,,
"Naco estacionarse en lugares prohibidos, presumir dinero, defender políticos, irle al america, Sandra Cuevas... Un niño bailando qué tiene de naco, no sean pendejos.",1,explicita,real,,,,,,,
Dos razones por las que me encanta Sandra Cuevas: Su autenticidad y carisma Ese par de locuras que la han llevado a donde hoy se encuentra,0,neutro o no misogino,real,,,,,,,
El C4 Jiménez trae de bajada a Sandra Cuevas todos los días Ya hoy Sandra lo retó a una pelea de Box. México mágico.,0,neutro o no misogino,real,,,,,,,
La peor enemiga de Sandra Cuevas es y será Sandra Cuevas,0,neutro o no misogino,real,,,,,,,
"Ahhh Pero la Sandra Cuevas de Querétaro, el alcalde de TEMU, Florifer el ocurrencias Macías alías @USER andaba de pachanga en Alemania!!",0,neutro o no misogino,real,,,,,,,
"Te faltó el paso 1 y más importante, estar un rato en la política como servidor público y el 1.1, lavar el dinero recaudado dentro de la gestión.",0,neutro o no misogino,real,,,,,,,
Y ahora que pasó? Nuevos Chokos,0,neutro o no misogino,real,,,,,,,
"¡VULGAR! Sandra Cuevas declaró a un medio deportivo que se pondría los guantes de box para ponerse en la ‘madre’ con un hombre al que le trae ganas, “que me lo pongan y nos ponemos en la madre solos”, insistió, al referirse al comunicador del canal C-4 Jiménez, con quien ha",1,explicita,real,,,,,,,
"Sandra Cuevas @USER habría retado a Carlos Jiménez, el “C4” @USER , a una p3*le4 de box durante una entrevista en un evento deportivo. Pese a que no dijo nombres, la exalcaldesa de Cuauhtémoc aseguró que le gustaría ponerse los guantes con un hombre con el que ha",0,neutro o no misogino,real,,,,,,,
La @USER compartiendo esto... Jajaja mija lo más seguro es que también vayan por ti y por tus patrocinadores. Ahora resulta que te hiciste de tu galería con recursos legítimos,1,explicita,real,,,,,,,
"¡VULGAR NO ES PARA MUJERES! Sandra Cuevas declaró a un medio deportivo que se pondría los guantes de box para ponerse en la 'madre' con un hombre al que le trae ganas, ""que me lo pongan y nos ponemos en la madre solos"", insistió, al referirse al comunicador del canal C-4 Jiménez, con quien ha",1,benevolente,real,,,,,,,
Ya te vimos Sandra cuevas,0,neutro o no misogino,real,,,,,,,
"Con tal de seguir vigente, esta se mete con hombre/mujer o quimera",1,explicita,real,,,,,,,
"A la vergaaa, la Sandra Cuevas con tacones blancos. Podrás sacar a la buchona genérica de Tepito pero no puedes sacar Tepito de la buchona genérica",1,explicita,real,,,,,,,
Ojalá @USER conectara conmigo,0,neutro o no misogino,real,,,,,,,
"Quitan la de Tito y atento contra Anaya, Lily Tellez y Sandra Cuevas.",0,neutro o no misogino,real,,,,,,,
"PARA ELLA NO HAY CABIDA. Sandra Cuevas huele a dónde sopla el viento... y ahora le hace la barba a la Presidente, lo real es que quiere vestirse de guinda. Pero su historial la delata. Cuando ha tenido poder, el gasto se dispara, se junta con rufianes y la transparencia brilla",1,explicita,real,,,,,,,
"m invitaron a sandra cuevas club d lectura donde próximamente se estará discutiendo ""archipiélago gulag"" d aleksandr solzhenitsyn",0,neutro o no misogino,real,,,,,,,
soy mas messy que sandra cuevas,0,neutro o no misogino,real,,,,,,,
No importa lo que te pongas pnche no dejas de ser una pobre ridcula aparentando lo que no Eres!,1,explicita,real,,,,,,,
Una rival menos para Sandra Cuevas,0,neutro o no misogino,real,,,,,,,
Sandra Cuevas reta a @USER a una pelea de Box. “Nos ponemos los guantes y nos damos en la madre solos”,0,neutro o no misogino,real,,,,,,,
hijEs de sPm y se supone q son los q cuidan a la ciudadania ¿Cuales son sus nexos con @USER ? la #Churpia,1,explicita,real,,,,,,,
Al rato ya se va a ver cómo Sandra cuevas por qué el presupuesto lo usa para arreglarse.,0,neutro o no misogino,real,,,,,,,
@USER disfrutando con sus amistades poblanas,0,neutro o no misogino,real,,,,,,,
Que ganas de conectar con usted ExAlcaldesa,1,benevolente,real,,,,,,,
Sandra Cuevas superando a la IA,0,neutro o no misogino,real,,,,,,,
Pide auxilio a tu amiga Sandra Cuevas ella tiene una camion desasolvar Ella si usa tecnología tú vas a querer quitar el agua a cubetasos,0,neutro o no misogino,real,,,,,,,
"No mamen, creo que de vez en cuando les da amnesia y cambian como cambian de calzones Sandra Cuevas Gracias Quiroz Salinas Pliego Alessandro Rojo",1,explicita,real,,,,,,,
sigueme por mas consejos económicos,0,neutro o no misogino,real,,,,,,,
"Si así como están chingue y chingue con intrascendentes como sergio mayer o ahora su mame con sandra cuevas,lo hicieran contra gente con poder q realmente daña Morena como adán augusto y su cartel,ebrard y su corrupción y privilegios,o el incongruente de noroña,otro gallo cantara",0,neutro o no misogino,real,,,,,,,
"¡VULGARIDAD Y ESPECTÁCULO! SANDRA CUEVAS CONVIERTE LA POLÍTICA EN RING DE BOX La polémica vuelve a rodear a Sandra Cuevas, quien ahora declaró que se pondría los guantes de box para enfrentarse “en la madre” con el comunicador Carlos Jiménez. Sí, así como se lee: una",0,neutro o no misogino,real,,,,,,,
ya estoy saliendo con alguien,0,neutro o no misogino,real,,,,,,,
"Pobre Cuauhtémoc 1ro les enjaretaron a monreal y su prole, ahora les van a enjaretar a un alfil del mafioso adan augusto No chillen ni Morena ni paleros de redes si queda la sandra cuevas 2 otra vez y se convierte en real peligro en 2030 para la CDMX Pinches cuotas asquerosas",1,explicita,real,,,,,,,
@USER pienso que debería a modelador cre que así ganaría más dinero manera horrada y si tanto habla de nuestro padre Dios no lo publique guárdeselo por favor por qué el veo lo que hace su mano izquierda y su mano derecha ( no presuma ) @USER,1,benevolente,real,,,,,,,
Además de andar cogiendose a pirujas feas como la Sandra Cuevas y darles un cargo público; para que después lo desprecien. Ahora sale con su parsimonia de conciliador!,1,explicita,real,,,,,,,
"¿Verías un reality show sobre la vida de Sandra Cuevas: sus negocios, sus amores, sus aspiraciones políticas y más, todo sin censura?",0,neutro o no misogino,real,,,,,,,
oomf yendo a cenar con Sandra cuevas…,0,neutro o no misogino,real,,,,,,,
"Exacto, y no solo él, también lilly téllez, alito, maru, sandra cuevas y esas mujeres que quieren poder, salinas, claudio x y muchos otros que deben estar en prisión. Pero la tibieza malentendida como democracia, le va a costar muchísimo electoralmente a @USER La oposición goza de total impunidad",1,benevolente,real,,,,,,,
Que patética es Sandra Cuevas. Vomitiva la tipeja.,1,explicita,real,,,,,,,
Póngame a un hombre que le traigo gana: Sandra Cuevas se quiere subir al cuadrilátero con @USER,0,neutro o no misogino,real,,,,,,,
"Otra más de la Naca_caldesa ""tiktokera"" Ales_Sandra Cuevas Rojo 2.0. Ahora desaparece la efigie de Ho Chi Ming, Líder del movimiento de Independencia del Viet Minh !...",1,explicita,real,,,,,,,
Busca más dinero; seguro ya pensó en Morena. Otra Sandra Cuevas para seguir subsistiendo.,0,neutro o no misogino,real,,,,,,,
sandra cuevas le dio like a esto,0,neutro o no misogino,real,,,,,,,
la sandra cuevas JAJAJAJAJAJA,0,neutro o no misogino,real,,,,,,,
“QUE ME LO PONGAN Y NOS DAMOS EN LA MADRE SOLOS” Sandra Cuevas lanza recadito a C4 Jiménez y lo reta a una pelea de box. @USER,0,neutro o no misogino,real,,,,,,,
"K no les sorprenda q a partir de 2030 la CDMX sea la capital de la ultraderecha en LATAM, si Morena sigue vulnerando la voluntad popular,imponiendo perfiles y dejando q otros hagan y deshagan x su pinche ambición como el adano arturo avila q se retroalimenta de la sandra cuevas 2",0,neutro o no misogino,real,,,,,,,
Mmm mi amor!,1,explicita,real,,,,,,,
CUANTAS PENDEJADAS DIJISTE? QUE LE LAMIAS LAS SUELAS A SANDRA CUEVAS? JAJAJAJAJA,1,explicita,real,,,,,,,
"Captan a la ex Alcaldesa de la Alcaldía Cuauhtémoc, Sandra Cuevas, en marcha de la Oposición en Venezuela. Le regala una bandera México a María Corina Machado. @USER",0,neutro o no misogino,real,,,,,,,
Guácala que rico,1,explicita,real,,,,,,,
"UPS! Quien este libre de pecado que tire la primera piedra. Y en @USER tenemos una lista larga desde Monreal, Néstor Nuñez y Sandra Cuevas de corrupción inmobiliaria. No sé miden ustedes. Cuando exhibirán así a todos los políticos corruptos que tienen y que hacen",0,neutro o no misogino,real,,,,,,,
"Al estilo Sandra Cuevas ""la mala suerte de los delincuentes """,0,neutro o no misogino,real,,,,,,,
Regresa lo que te robaste Alcaldesa Changa Wevas,1,explicita,real,,,,,,,
"Aquí, afuera de mi casa, en Kiosco Morisko, disfrutando de unas patitas, mollejas y esquites con chile del que pica. ¡Buena noche desde la alcaldía #Cuauhtémoc! #SandraCuevasMX",0,neutro o no misogino,real,,,,,,,
pues ahí nadie conoce asi que métete lo que quieras,1,explicita,real,,,,,,,
¿Exagerados? Sandra Cuevas vende arte y estos son los precios de su galería,0,neutro o no misogino,real,,,,,,,
La golfa del bienestar,1,explicita,real,,,,,,,
"Bueno, esa no es la finalidad de @USER El valor real es de $120,000 dlls, se simula una venta con una empresa interesada en deducir impuestos correspondientes a los 350k usd esa misma empresa la dona y exenta lo que explican. Gana ella, gana la empresa ese es el móvil",0,neutro o no misogino,real,,,,,,,
"Yo creo que sí, a los chavos de ahora les gustan puras chingaderas",1,explicita,real,,,,,,,
Sandra Cuevas cuando vea que Lorena Herrera está llorando porque perdió público heterosexual que la golfa del bienestar le bajo jajajajajajaja,1,explicita,real,,,,,,,
SAL DE MI CUENTA MALDITA SANDRA CUEVAS,1,explicita,real,,,,,,,
¿O sea que ya no habrá Sandra Cuevas Presidenta en 2030?,0,neutro o no misogino,real,,,,,,,
No mams!! pegar postiks es ver crecer tu empresa? Ta´ buena la lavandería,0,neutro o no misogino,real,,,,,,,
"Lowkey prefiero mil veces el brugadizado al sandracuevizado. Si, es molesto y pendejo ver montones de ajolotes en todos lados pero es 100% mejor que lo que hizo Sandra cuevas haciendo que todo se viera sin color",0,neutro o no misogino,real,,,,,,,
hermosa Sandra aceptame una cita por favor yo no soy un chaca soy un hombre de bien no lo digo en broma hablo en serio,0,neutro o no misogino,real,,,,,,,
SANDRA CUEVAS SACA LOS GUANTES La exalcaldesa de Cuauhtémoc se quiere agarrar a golpes con C4Jiménez porque desde hace rato traen un pique estos dos personajes. ¿Crees que Sandra Cuevas pueda noquear a C4Jiménez?,0,neutro o no misogino,real,,,,,,,
También te amo.,0,neutro o no misogino,real,,,,,,,
Es lo que me dicen.,0,neutro o no misogino,real,,,,,,,
Abrazos amigo.,0,neutro o no misogino,real,,,,,,,
"Ale: Es mentirosa, floja, ratera y PENDEJA. ¡Qué demuestre ante las autoridades competentes sus dichos! Y adelante con sus comentarios de cuentas falsas o perfiles pagados",1,explicita,real,,,,,,,
"En #SandraCuevasGA llevamos a cabo la exposición titulada: ""Iniciación""; reuniendo 25 piezas que recorren momentos clave de la obra de Roger Von Gunten. En una atmósfera de armonía total y acompañados de su hijo, homenajeamos a un gran artista que dejó un legado para México.",0,neutro o no misogino,real,,,,,,,
"Jajajajaj lo mismo dijeron con la pendeja de Xóchitl, Cabeza de vaca, Sandra Cuevas, Lorenzo Córdoba, Ricardo Salinas Pliego, el ayuwoki... Están bien perdidos.",1,explicita,real,,,,,,,
"Dice FeliFlor, la Sandra Cuevas de #Querétaro, el alcalde TEMU : ""Estoy concentrado en trabajar, no me distraigo"" Gildo Farsa, ""Periodista de Investigación"" Quote: ""Felifer parece distraído, atrapado en una vida de fiestas que lo pinta como un gobernante ausente""",0,neutro o no misogino,real,,,,,,,
#SDPNoche con @USER | ¿El Monrrealato llegó a la @USER ? @USER revela el sentir que le produce hablar o mencionar a su némesis @USER #RicardoMonreal #PRI #PAN #Morena #Cuauhtemoc,0,neutro o no misogino,real,,,,,,,
Cada día es una nueva oportunidad de mandar a chingar a su madre a Sandra Cuevas.,1,explicita,real,,,,,,,
"Siiiiiii, gracias a DIOS ya casi señora de las 4 décadas.",0,neutro o no misogino,real,,,,,,,
Es todo champ!! La paciencia es la mayor de las virtudes... Ánimo!!!,0,neutro o no misogino,real,,,,,,,
Tal cual. Por eso cada quien hace lo que les de su gana. Pero Maru Campos cruzó la linea y aún así no habrá ninguna consecuencia. ¡Viva la impunidad! ¿Cero impunidad? Ajá! Todos!,0,neutro o no misogino,real,,,,,,,
Creen que Sandra Cuevas conecte con los chavos?,0,neutro o no misogino,real,,,,,,,
Team Sandra Cuevas! Team callo!,0,neutro o no misogino,real,,,,,,,
"Hermosas las tres,eres una Diosa",0,neutro o no misogino,real,,,,,,,
Naco proxeneta misogino analfabestia y padtote d las macuarras #LadyTamal #MissTepito AKA sandra cuevas y la otra aflojapack rojo de la v...,1,explicita,real,,,,,,,
"En #SandraCuevasGaleríaDeArte trabajamos con pasión y en equipo junto a artistas mexicanos e internacionales. Impulsamos la educación, la cultura y el arte como motores vivos para nuestro #México. ¡Hoy inauguramos nuestra octava exposición! Bienvenidos.",0,neutro o no misogino,real,,,,,,,
"Sandra Cuevas 2, ¿que maldición tendrá la Cuhutemoc? Elige a mujeres insensatas para que le roben",0,neutro o no misogino,real,,,,,,,
Fuerte y libre siempre. #SandraCuevasMX,0,neutro o no misogino,real,,,,,,,
"El arrogante hablando de arrogancia,el chavorruco de Páez Varela @USER Súper encabritado porque Luisa Alcalde no le da entrevista,y así son cuando alguien no les da entrevista empiezan a injuriar y despotricar Sandra Cuevas es un ejemplo (me tienen bloqueado)",0,neutro o no misogino,real,,,,,,,
@USER @USER @USER para cuando encierran @USER Porque tanta impunidad,0,neutro o no misogino,real,,,,,,,
"INDIGNANTE cuando el alcalde TEMU, Felifer Macías mejor conocido como FeliFlor, FloriFer, Felipa, JennyFer, Jochis, FeliPillo o la Sandra Cuevas de #Querétarovolvió a mandar a su grupo de choque y a sus golpeadores#ElExtra disfrazados de Inspectores",0,neutro o no misogino,real,,,,,,,
ahi viene el @USER ah!!! y deja los filtros ya pareces purificadora de tanto usarlos,0,neutro o no misogino,real,,,,,,,
"No mi buen Alberto no cada vez más cerca, ya es líder de la delincuencia organizada en Oaxaca, perdón los Sindicatos, Sharon Curiel y @USER son los nuevos @USER y @USER en Oaxaca dicen que es una de sus queridas, así como le gustan corrientitas.",1,explicita,real,,,,,,,
"Deberías ser regia,no te merecen “vengache pa acá”",1,explicita,real,,,,,,,
Justo ahorita se está quemando Coltongo y por culpa de las tarimas @USER @USER @USER @USER @USER @USER @USER @USER,0,neutro o no misogino,real,,,,,,,
DIOSAAAAAAA,0,neutro o no misogino,real,,,,,,,
Esta Alessandra es peor que Sandra Cuevas,0,neutro o no misogino,real,,,,,,,
Como convertirse en millonario: 1. Pegar papel con cinta 2. ?????? 3. Profit,0,neutro o no misogino,real,,,,,,,
alchile andaba bien braviao pense que la doña era la sandra cuevas,1,explicita,real,,,,,,,
"y está Sandra rojo de cuevas, cuando se pone a chambear?",1,explicita,real,,,,,,,
"Malditos, la linea 2 estaba mejor que la 3 por mucho simplemente por trenes mejores, decidieron desmadrar la 2 y no darle el mantenimiento a la linea 3, esto es gracias a ustedes @USER @USER amigui de sandra cuevas y una ajolota Brujada @USER SU CULPA",0,neutro o no misogino,real,,,,,,,
"We sandra cuevas es como el saul goodman en la vida real, solo que en mujer",0,neutro o no misogino,real,,,,,,,
"Trabajar es pegar un pedazo de cinta, No Mame !!",0,neutro o no misogino,real,,,,,,,
si te doy un beso seguro me sabe agrio,1,explicita,real,,,,,,,
Cuándo era la secre de @USER acataba todo lo que le decía su jefe. Ahí tenemos al travesti y todas las lacras que se subieron al tren del mame en 2024. Ojalá y N0 vayan a aceptar a Sandra Cuevas que es delfin del Traidor de @USER,1,explicita,real,,,,,,,
Buena noche Y procede a venir de nuevo porque le ardió el fundillo a Sandra Cuevas 2.0 En fin pobre señora cada día mas ridícula.,1,explicita,real,,,,,,,
La ursurera tía salinas Colosio jr Al ex menudo A Cristiano Ronaldo A pedro sola A la transexual del rojo A la delatora de malandros Sandra cuevas,1,explicita,real,,,,,,,
"Esperemos que no vayan a consumar otra chingadera en la Cuauhtémoc y de Guatemala pasemos a Guatepior entregándole esa plaza a adán augusto, que es el titiritero de todos los adanos, y ademas se pierda, lo q perfilaría fuertemente a sandra cuevas 2 al 2030 CDMX",0,neutro o no misogino,real,,,,,,,
"Si hubieran puesto a otra candidata quiza hubier ganado morena ,pero no olviden que pusieron a la hija de monreal,que por cierto monreal apoyo a sandra cuevas.",0,neutro o no misogino,real,,,,,,,
EN EL EDOMEX ALV,0,neutro o no misogino,real,,,,,,,
Sandra cuevas real estate,0,neutro o no misogino,real,,,,,,,
¿Quién es que estudió? Diría Sandra Cuevas.,0,neutro o no misogino,real,,,,,,,
Uy qué pnche pendiente!,0,neutro o no misogino,real,,,,,,,
@USER la novia de la impunidad! @USER @USER la otra es una P E N D E J A!,1,explicita,real,,,,,,,
La Sandra Cuevas anotando los números de los participantes :,0,neutro o no misogino,real,,,,,,,
"Que bella, si así camina y se mueve...",1,explicita,real,,,,,,,
Q preciosa con el cabello suelto,0,neutro o no misogino,real,,,,,,,
Que bonitas!!!! Las 3.....,1,explicita,real,,,,,,,
Si ya sabemos cómo está eso,0,neutro o no misogino,real,,,,,,,
Nadie: Neta nadie: Sandra Cuevas cuando emprendes un negocio:,0,neutro o no misogino,real,,,,,,,
Ya quiero verla en la cárcel,0,neutro o no misogino,real,,,,,,,
Mira cómo le tiembla...,0,neutro o no misogino,real,,,,,,,
"Entre ella y Sandra Cuevas, a quien prefieren?",0,neutro o no misogino,real,,,,,,,
"Sandra Cuevas lanza reto… y apunta contra “C4” Jiménez La exalcaldesa de la Cuauhtémoc, Sandra Cuevas, volvió a encender la polémica tras asegurar que le gustaría participar en un combate de boxeo entre celebridades… ¡pero contra un hombre! Durante un evento, Cuevas",0,neutro o no misogino,real,,,,,,,
"La novia de la delincuencia (Emilio Zebadua, prófugo dé la justicia), más dañina qué Sandra Cuevas y Rosario Robles",0,neutro o no misogino,real,,,,,,,
UNOS BROWNIES PATROCINADOS POR SANDRA CUEVAS A ESE PERRO ROLÓN #KornoMiope,0,neutro o no misogino,real,,,,,,,
"¡No les conté! Me agarró la madrugada en la colonia Peralvillo, de mi querida alcaldía #Cuauhtémoc, ¡y el antojo no perdona!… así que pasé por unas fresas con mi querida Melani, de ""Las Famosas"". #SandraCuevasMX",0,neutro o no misogino,real,,,,,,,
No mms la neta que esos mañosos que traías atrás si comían bueno,1,explicita,real,,,,,,,
Lo que tiene de mafiosa lo tiene de Ricarda,1,explicita,real,,,,,,,
"Agradezco al artista Andy Ghohan, por este regalo inmerecido, el cual va más allá de la imagen. Por su mirada, por su sensibilidad y por la forma en que logra capturar no solo un rostro, sino la esencia. Sin duda: ¡El arte siempre encuentra la manera de trascender! #SCMX",0,neutro o no misogino,real,,,,,,,
"Que deliciosa está madre santa, perdón no soy vulgar",1,explicita,real,,,,,,,
Será cierto? Así nos ven en otras alcaldías? Quién votó genuinamente por ella? O fue castigo a @USER ? Sandra Cuevas y @USER son la misma dinámica,1,benevolente,real,,,,,,,
Tu muy bien. Saludos,0,neutro o no misogino,real,,,,,,,
Lo mejor que pudo hacer es alejarse de tipos como este. Bien hecho Licenciada,0,neutro o no misogino,real,,,,,,,
"Soy grande, soy fuerte, soy muy inteligente …",0,neutro o no misogino,real,,,,,,,
A este y a su hermano igual se los deben llevar a Estados Unidos por narcos,0,neutro o no misogino,real,,,,,,,
Se ve hermosa como siempre,0,neutro o no misogino,real,,,,,,,
Te ves deliciosa !!!,1,explicita,real,,,,,,,
Te ves un poco mejor sin tanto puto maquillaje,1,explicita,real,,,,,,,
"Se ve más chida, que se habrá hecho la wey??",1,explicita,real,,,,,,,
"wow!!!! ahora entiendo, con esa mirada... wow",0,neutro o no misogino,real,,,,,,,
"Sólo paso a comentarles que no pasará nada con @USER , nada con @USER , nada con @USER nada con @USER nada con NADIE, NADA!! Nunca pasa nada con nadie y sólo estamos aquí acabándonos el hígado",0,neutro o no misogino,real,,,,,,,
"Lo bueno que @USER nunca dejó caer la alameda de la Santa María La Ribera por que hoy @USER la tiene sucia,descuidada y con los jardines dados a la chingada @USER #CDMX dirá la lady selfies que es campaña en su contra jajajaja ó que es culpa de",0,neutro o no misogino,real,,,,,,,
¡De la política al arte! Sandra Cuevas abre su propia galería en la CDMX con piezas exclusivas de Sebastián y Fernando Andriacci. Desde esculturas de 6 millones de pesos hasta subastas y renta de espacios en Gutenberg 39. …,0,neutro o no misogino,real,,,,,,,
Preciosa y deliciosa,1,explicita,real,,,,,,,
Que se hizo ?,0,neutro o no misogino,real,,,,,,,
Soy delincuente hay chance de un palito?,1,explicita,real,,,,,,,
La gustan los colágenos ?? Yo encantado,1,explicita,real,,,,,,,
Es bueno ver qué ahora los Chairos aceptan su realidad y como AMLO los trae como sus perros!,0,neutro o no misogino,real,,,,,,,
Que guapa!!,0,neutro o no misogino,real,,,,,,,
"Ya chula la morra, con filtros y sin ellos @USER",1,explicita,real,,,,,,,
Mi buchona favorita,1,explicita,real,,,,,,,
Ya me enamore de ti,0,neutro o no misogino,real,,,,,,,
lo dice el pedófilo que defiende como perra rabiosa a la drogadicta de Sandra Cuevas 2.0 @USER jajajaja,1,explicita,real,,,,,,,
"no mamen, apoco es @USER efectiva mente un filtro mas y purifica el puto cutzamala.",1,explicita,real,,,,,,,
"Tranquilito, despacito para que todo siga bonito. ¡Avanzando! #SandraCuevasMX",0,neutro o no misogino,real,,,,,,,
"Sharon Curiel, La Sandra Cuevas Oaxaqueña y quién creen que la puso el chavo ruco @USER porque creen que bajaron a los villaseca, porque está changa es su empleada directa, investiguen y verán la porquería de personajes, Oaxaca cuídate porque el cobro de piso va endurecer.",0,neutro o no misogino,real,,,,,,,
Buenas mieleras,1,explicita,real,,,,,,,
¡Siempre trabajando y amando cada día más mi hermosa vida! ¡Feliz de ver crecer a mi empresa #SandraCuevasDiamondGroup! #SCMX,0,neutro o no misogino,real,,,,,,,
Chiquita Bebe,1,explicita,real,,,,,,,
"Sandra Cuevas , cuentos con nuestro apoyo, tú no te has refugiado en morena como Corral. Dejó cuentas pendientes. Muchas gracias..",0,neutro o no misogino,real,,,,,,,
"Si Andrea Chavez gana la gubernatura de Chihuahua voy a vivir en este Estado sintiéndome bien culero así como cuando ustedes vivían bajo el circo ese que montaba Sandra Cuevas en la Cuauhtemoc. Puro show, pura gritadera.",1,explicita,real,,,,,,,
Chulada! DTB.,1,explicita,real,,,,,,,
"la otra sandra cuevas , negando a sus amigos",0,neutro o no misogino,real,,,,,,,
Eso fue un novio de @USER,0,neutro o no misogino,real,,,,,,,
Y este cabr0n quien es ?,0,neutro o no misogino,real,,,,,,,
"@USER ¿Ve como no ha podido con la Alcaldía? Pero en grabar tiktoks con información falsa estamos al día. Insisto, salió peor que la impresentable @USER",0,neutro o no misogino,real,,,,,,,
"Eso y más se merecen por votar a lo tarugo, antes Sandra Cuevas y ahora otra demente. Que disfruten lo votado",0,neutro o no misogino,real,,,,,,,
"Oye Sandrita, ¿has considerado andar así, con maquillaje ligero?, la verdad te ves súper bien.",1,explicita,real,,,,,,,
Se ve muy bien usted,1,explicita,real,,,,,,,
No será amigo de Sandra Cuevas también?,0,neutro o no misogino,real,,,,,,,
Sandra Cuevas sorprendió al revelar que le gustaría participar en una pelea de exhibición de boxeo contra un hombre en particular.,0,neutro o no misogino,real,,,,,,,
Ya no hay recursos jovén....se están usando en la precampaña de le tiktokere AKA la Sandra Cuevas de #Querétaro,1,explicita,real,,,,,,,
Ya señora Sabemos que el supuesto arte solo se utiliza para deducción de impuestos En realidad ninguna de las personas con todos esos recursos creen que eso sea arte,0,neutro o no misogino,real,,,,,,,
"Su calidad para entregar un reporte o archivar, igual que ella, muy chafa.",0,neutro o no misogino,real,,,,,,,
Es amigo de @USER o hasta free chance jajaja,1,explicita,real,,,,,,,
en smart fit delta y hay una mujer que se parece muchísimo a Sandra Cuevas,0,neutro o no misogino,real,,,,,,,
"El alcalde TEMU, Feliflor, la Sandra Cuevas de #Querétaro, conocido porirregularidades en el uso de recursos públicos, pagos excesivos a proveedores no registrados y obrassobrevaluadas. El MEDIOCRE vendehúmos señalado por utilizar ""EMPRESAS FANTASMA""LO HIZO OTRA VEZ",0,neutro o no misogino,real,,,,,,,
Si me pagaran por cada novio Chaca entambado suyo que nos manden… si andaba poniendo la asociación eh,0,neutro o no misogino,real,,,,,,,
@USER @USER senadores de @USER es hora de definirse si están de acuerdo en que se viole la Constitución impunemente comprometiendo la soberanía nacional por parte de @USER gobernadora de Chihuahua. En 2027 @USER con los ciudadanos los derrotará,0,neutro o no misogino,real,,,,,,,
Le aprendió a Sandra cuevas,1,explicita,real,,,,,,,
"En #Querétaro el periodismo se convirtió en propaganda -Mauricio Kuri gasta aprox. 426 millones de pesos cada año en PANfleteros -FeliFlor,la Sandra Cuevas de San Francisquito, se mama 160 millones de pesos de TU DINERO c/año, sin incluir la compra de voluntades #ElExtra",0,neutro o no misogino,real,,,,,,,
Tu amiga la adicta a los chacales,1,explicita,real,,,,,,,
Cada vez más joven y bonita,1,explicita,real,,,,,,,
Como galleta de animalito,1,explicita,real,,,,,,,
Que viejota!!,1,explicita,real,,,,,,,
Te invito una birria y a andar en bici Si o que?,0,neutro o no misogino,real,,,,,,,
"Uuuuuh lo que ya se comprobó es que tu alcoholica porrista de Chihuahua es una Vendepatrias como tú, INDIGNA!",1,explicita,real,,,,,,,
la peor candidata de la historia no sabe como seguir llamando la atención. Qué triste haber sido solo un títere más del PRIAN! Ten dignidad y retírate!,1,benevolente,real,,,,,,,
Jajaja díganle que si ala señora al fin puro ardido,1,explicita,real,,,,,,,
Hibiera sigo otro México contigo y no con los NARCO POLITICOS RAGEROS DE MIERDEÑA,1,explicita,real,,,,,,,
Poco a poco se irá entendiendo el cómo se pintó el mapa electoral de aquella terrible elección. Tuviste razón en todo. El país se le está cayendo a Claudia y sí son un narcopartido.,1,explicita,real,,,,,,,
"Nah, seguro #NarclaudiaShitbaum mañana en la marranera saldrá a decir que no hay pruebas y que la FGR no tiene ninguna carpeta de investigación abierta porque no hay indicios de que haya hecho nada malo el angelito. P.D. Ahora ve y pide que te devuelvan la multa xD.",1,explicita,real,,,,,,,
Que raro que los panistas se declaren del lado de un gobierno extranjero...,0,neutro o no misogino,real,,,,,,,
"lastima que hiciste mala campaña, por enfocarse a atacar y no a proponer ... no fue capacidad , fue mala ejecucion",0,neutro o no misogino,real,,,,,,,
Hay que pedir el rembolso,0,neutro o no misogino,real,,,,,,,
"Tenía razón , así como cuando hablo en un debate del Huachicol Fiscal ..",0,neutro o no misogino,real,,,,,,,
Yo te sigo amando hdtpm,0,neutro o no misogino,real,,,,,,,
"Por que los que hicieron el pacto con los narcos son USTEDES PANISTA CAGADA LOS MEXICANOS NUNCA LO OLVIDAREMOS, mientras ustedes creen que se ""alejan"" del problema acusando a alguien mas...",1,explicita,real,,,,,,,
"Correcto, el tiempo te dió la razón, así como cuando hablabas del huachicol.",0,neutro o no misogino,real,,,,,,,
Dijiste lo del huachicol.. también dijiste que a Claudia se le iba caer el país... pero los muertos de hambre se acostumbraron a vivir en la mierda por 3000 miserables pesos..,0,neutro o no misogino,real,,,,,,,
Primero que se arregle los dientes de rata porque se ve horrible,1,explicita,real,,,,,,,
Fuiste la voz de cientos de miles que no somos afín a los morenarcos.,0,neutro o no misogino,real,,,,,,,
Ahora si se les anda cayendo el teatro a los narcos de morena y no saben que hacer y aun faltan muchos otros que estan en morena asi como @USER y todos sus corruptos hijos,0,neutro o no misogino,real,,,,,,,
¿Será que el @USER se disculpa con @USER y le regresa el dinero de la multa?,0,neutro o no misogino,real,,,,,,,
NO QUE ESTABAS CHINGANDO A TU MADRE ALLÁ EN SANTIAGO PINCHE NACA GELATINERA #CandidatadelPRIAN,1,explicita,real,,,,,,,
Tu que pinche churpia jajajajajjajajajajaj,1,explicita,real,,,,,,,
Jajajajajajaja ya callate pndja,1,explicita,real,,,,,,,
"Odias a AMLO porque nunca te dio la atención que buscaste con tantos espectáculos vulgares, tienes que hablar de él para que por lo menos te recuerden a tu indígena progenitora, no es discriminación, solo el recuerdo de tus “orígenes”",1,explicita,real,,,,,,,
Pues parece que morena SI ES un narco partido y una autoridad electoral le debe una ENORME disculpa a @USER,0,neutro o no misogino,real,,,,,,,
Déjate de mamadas hija de tú pta madre,1,explicita,real,,,,,,,
"Si lo pides rascándote la cola y pegando un chicle… puede que alguien te haga caso, puede… y aprovechando que eres fan de la rendición de cuentas, como van las víctimas de secuestro y mutilación que dejó tu familia?",1,explicita,real,,,,,,,
Que poca vergüenza tienes No entiendes te demandaron ya por mentirosa y sigues La presidenta debería de investigar te a fondo por la casa roja Por los vínculos con los tolmex Y eso si está fundamentado y hay pruebas,0,neutro o no misogino,real,,,,,,,
"Lástima que le vas a cruz azul,saquese a chingar a su madre al América que son igual de ratas que tú.",1,explicita,real,,,,,,,
Mujer tu no tienes voz ya !!!! El pueblo de México te dio la espalda y te la quito !!!,1,benevolente,real,,,,,,,
"Wey traes ideas fresquísimas, deberías candidatear por la presidencia",0,neutro o no misogino,real,,,,,,,
Hay muchas cosas que ACLARAR.,0,neutro o no misogino,real,,,,,,,
La investigadora de CIA…. Con que calidad moral ..,0,neutro o no misogino,real,,,,,,,
"Excelente eso del menos peor (auténtica realidad), un no menos peor pudo ser José Antonio Meade, Enrique de la Madrid , Ricardo Anaya e increíble pero ... Xóchitl Gálvez, a diferencia de las NULIDADES Andrés y Claudia López...los escritos son GIGANTES.",0,neutro o no misogino,real,,,,,,,
"Mientras tanto, deja de andar de víctima y de santita. La gente ya te tiene bien calada: eres pura lengua larga y nalguitas de oposición, pero cero huevos para decir las cosas cuando te convenía. ¡Cállese, pinche oportunista!",1,explicita,real,,,,,,,
"¡Vete mucho a la verga, Xóchitl! Si tanto te preocupan las víctimas y la justicia, empieza por pedir auditorías a todas las porquerías que hicieron Fox, Calderón y Peña Nieto. Ahí sí vas a encontrar un pinche cementerio de corrupción y sangre.",1,explicita,real,,,,,,,
"Tu lealtad no es a las víctimas, pinche vieja. Tu lealtad es al viejo sistema de siempre: el de los contratos millonarios para tus cuates, el de robar sin que nadie te audite y el de llorar cuando ya no estás en el poder.",1,explicita,real,,,,,,,
"Las megaobras de AMLO se hicieron con prisa porque el país llevaba décadas de retraso y de pura corrupción prianista. Sí, ha habido accidentes y problemas (como en cualquier obra grande del mundo), pero tú y tus amigos de la oposición solo las usan para seguir chingando",0,neutro o no misogino,real,,,,,,,
"que nunca ganaron? Ahí sí no pedías auditorías ni te importaban las víctimas, ¿verdad, cabrona?",1,explicita,real,,,,,,,
"¿Dónde estabas tú y tus cuates del PAN y PRI cuando se construyeron aeropuertos privados a sobreprecio, carreteras que se caían a pedazos, o cuando el sexenio pasado había muertos todos los días por la “guerra contra el narco”",0,neutro o no misogino,real,,,,,,,
"¡Cállate ya, pinche Xóchitl, vieja hipócrita y oportunista hija de tu put@ madre!",1,explicita,real,,,,,,,
"Están tan huérfanos de figuras los popositores que a cualquiera le ven tamaños para vencer a MORENA,ingenuos y ridículos,ese globo chihuahuense se desinflara en unos cuantos días, cómo pasó con su candidata estrella la millonaria vendedora de gelatinas Xóchitl Gálvez",1,explicita,real,,,,,,,
Espantosa x del #jrtoxico #xochitlhermanadelasecuestradora cuando va a transparentar contratos gubernamentales d sus empresas?,1,explicita,real,,,,,,,
@USER @USER #poposicionde4 #paniaguados No hay miserias todos sueñan con #lamansiondorada …,1,explicita,real,,,,,,,
"Te ilustró un poquito! Por qué la sorpresa o molestia si es un secreto a voces! Ya hay acusación formal de EEUU en contra d rocha moya y su séquito, así q inicia la justicia, misma q no llegó por los gobernantes, llegó por los vcinos del norte, a quienes si les importa su Nación!",0,neutro o no misogino,real,,,,,,,
Ya que andas metiéndote en dónde no te llaman porque no pides que comparesca la traidora gobernadora de Chihuahua!,0,neutro o no misogino,real,,,,,,,
"Xóchitl Gálvez exige investigar obras del sexenio anterior y advierte complicidad En su mensaje semanal en las redes sociales, enumeró una lista de obras que, dijo, se hicieron a las prisas y sin rigor técnico, y hoy se están viviendo las consecuencias. #AMLO #megaobras",0,neutro o no misogino,real,,,,,,,
SECUESTRADORA SINVERGUENSA RIDICULA ESTUPIDA IGNORANTE ANALFABETA COGGUPTA Y SE PONE HABLAR DE SEGURIDAD JAJAJA SI HUBIER SIDO PESIDENTA JAJA ALIAS LA MALI LA MOCHA DEDOS Y OREJITAS LA UBIERA CHISPADO DE CANA Y HORA SERIA LA SECRETERIA DE SEGURIDAD PUBLICA,1,explicita,real,,,,,,,
"Creo que si su lealtad y poder, está sobre cualquier investigación o auditoría, los amigos y compadres son primero",0,neutro o no misogino,real,,,,,,,
Por qué te avergüenzas de reconocer tu voto Ya sé que votaron por Xóchitl Gálvez pero por quién votaste por el pri Y el pan el PRD por quién votaste,0,neutro o no misogino,real,,,,,,,
@USER CHINGA TU MADRE PINCHE CABALLO DE TROYA TRAIDORA DE MIERDA...,1,explicita,real,,,,,,,
"Quizás no solamente sea cuestión de lealtad, es muy probable que esté involucrada.",0,neutro o no misogino,real,,,,,,,
Cual desastre xochitl Galvez tu mejor desfrutar tu vacaciones en España ahora que estas en contacto con la naturaleza..y que desayunas con el chayotero de Ciro Gomez estas llena de una espiritualidad española,0,neutro o no misogino,real,,,,,,,
Que las de invertidas en gelatinas.,1,explicita,real,,,,,,,
"Algunos le deben una disculpa a @USER , cuando fue candidata presidencial la criticaron duramente por llamar #narcopartido a @USER y pues nada que dice Estados Unidos que ya no son narcopartido, son #narcogobierno",0,neutro o no misogino,real,,,,,,,
"Porque tmb reciben su tajada, o como entender q xochitl se rindió a la primera @USER",0,neutro o no misogino,real,,,,,,,
La chachalaca no podía faltar.,1,explicita,real,,,,,,,
Coguptaaaa diría @USER,0,neutro o no misogino,real,,,,,,,
@USER @USER @USER @USER @USER @USER Vaya Vaya se les viene la Noche a los Narcopoliticos de Morena,0,neutro o no misogino,real,,,,,,,
"¿Cómplice o justiciera? Xóchitl Gálvez lanza ultimátum a Claudia Sheinbaum. La excandidata presidencial no se guardó nada y lanzó una fuerte advertencia: si la Presidenta no investiga las ""obras deficientes"" del sexenio de AMLO, estará aceptando su complicidad. ""Si no",0,neutro o no misogino,real,,,,,,,
"Como dijo el Pompin "" Que bonita familia """,0,neutro o no misogino,real,,,,,,,
"Si, esta bien! te avisamos luego de tú solicitud...",0,neutro o no misogino,real,,,,,,,
"Xochitl nunca explicó los ""fraudecitos"" de sus viviendas, la conexióncita con el cártel inmoviliario, su corrupcioncita con su empresa y contratos de gobierno. Primero hay que tener cara.",0,neutro o no misogino,real,,,,,,,
La @USER un pinche parásito toda la vida. La tal @USER una traidora loca inútil La Taguga @USER nada más y nada menos que la candidata más ridícula y torpe en la historia Jajajaja Pero ellas creen que engañan al pueblo mexicano. Jajajaja,1,explicita,real,,,,,,,
"Son una secta de engañapendejos, y no se delatan entre ellos.",0,neutro o no misogino,real,,,,,,,
"Es inútil pedir peras al olmo El reverso de la podredumbre 4tera es una ¿oposición? sin Proyecto, que solo espera a brincar como ""salvadora"" cuando eso estalle Aunque esté totalmente embarrada Ya es tiempo de ser más proactiva doña @USER , ha sido demasiado tolerante",0,neutro o no misogino,real,,,,,,,
@USER @USER @USER @USER @USER @USER @USER @USER @USER @USER @USER @USER @USER @USER @USER @USER @USER @USER @USER PUTOS DELINCUENTES,0,neutro o no misogino,real,,,,,,,
La Viuda negra,1,explicita,real,,,,,,,
Jajaja @USER @USER @USER @USER SON LA LA MISMA MIERDA QUE ESTOS PUTOS DEL PRIAN @USER @USER @USER @USER @USER @USER @USER PINCHES DELINCUENTES CÍNICOS CORRUPTOS SAQUEADORES DE MIERDA,1,explicita,real,,,,,,,
"No gastes tu tiempo, se sabe que NUNCA va a existir justicia ni transparencia en la 4T. Llevan 8 años demostrando y evidenciándose que son chingo mil veces peores que los que estaban antes. Y seguirán en el poder porque se adueñaron de él y MX vive en la dictadura perfecta.",0,neutro o no misogino,real,,,,,,,
"""Los gobiernos morenistas han dominado con excelencia el camino para evadir sus responsabilidades. Pueden estar en medio de una crisis, pero a través de su calculadora narrativa se exculpan y justifican sus errores garrafales"", #OpiniónPlus de @USER",0,neutro o no misogino,real,,,,,,,
sigan votando por morena por favor,0,neutro o no misogino,real,,,,,,,
"Pues aqui difiero, Lenia Batres solo esta diciendo la verdad, el SS solo no puede con sus asegurados, menos aumentando la carga de usuarios y sin presupuesto.",0,neutro o no misogino,real,,,,,,,
Ya lo había propuesto en México @USER y la tiraron de a loca.,0,neutro o no misogino,real,,,,,,,
… @USER llorando. @USER @USER @USER @USER @USER @USER @USER @USER @USER @USER @USER @USER @USER,0,neutro o no misogino,real,,,,,,,
Ella que? Yo soy del DF ella de Hidalgo,0,neutro o no misogino,real,,,,,,,
"Así es a diferencia de @USER que nos regaló carcajadas al punto de llorar de la risa, el Tv azteco cae mal, es repudiate, pedante y bastante. Imagínate la inteligencia que tiene para contratar a @USER ve mas coches bomba que algoritmos el padre.",0,neutro o no misogino,real,,,,,,,
"Excelente noticia, ¿Fuiste compañero de la incorruptible, honestísima y brillante @USER ?",1,benevolente,real,,,,,,,
"Que te valga verga!!... La constitución se hace valer y la soberanía nacional se respeta... No hay más, son unos cínicos traidores y creen que la mayoría de la gente les cree... X no es México, se vio con la @USER y ahora que encierre a la traidora lo confirmarás...",0,neutro o no misogino,real,,,,,,,
… No se puede ser tan estúpidos @USER @USER @USER @USER @USER @USER @USER @USER @USER @USER @USER . @USER @USER @USER @USER @USER,0,neutro o no misogino,real,,,,,,,
@USER @USER @USER @USER @USER @USER @USER @USER @USER @USER @USER @USER @USER @USER @USER @USER @USER @USER PUTOS DELINCUENTES DE CAGADA,0,neutro o no misogino,real,,,,,,,
Este twitt debe circular por todas partes. Reafirmar lo que todos sabemos y bien nos lo dijo en su momento @USER la narcocandidata @USER ahora narcopresidenta,1,explicita,real,,,,,,,
"@USER ""La ex Candi ratota del PRIÁN"" ""¡Ya paguele con eso!""",0,neutro o no misogino,real,,,,,,,
Los problemas agobian a México buff.ly/pNjxebU a través de @USER #Saltillo #Coahuila #Torreón #PRI #PAN #Morena @USER @USER @USER @USER @USER @USER @USER @USER #ÚLTIMAHORA @USER @USER,0,neutro o no misogino,real,,,,,,,
"A la que falsificó su Acta de Nacimiento y, la de sus padres, para llenar requisitos y ser candidata a presidencia de México... NO DIGAN QUE NO SABÍAN. @USER @USER @USER @USER @USER @USER @USER @USER @USER",0,neutro o no misogino,real,,,,,,,
De extrema extrema derecha . Ay no . Nada bueno sale de ahi,0,neutro o no misogino,real,,,,,,,
"No hay panistas como @USER @USER @USER @USER @USER entre otros farsantes, que no les guste hacerse pndjos solitos. Son una verdadera ... …",0,neutro o no misogino,real,,,,,,,
Hola donde andas no te he visto,0,neutro o no misogino,real,,,,,,,
… @USER miente. @USER @USER @USER @USER @USER @USER @USER @USER @USER @USER @USER @USER @USER @USER @USER @USER @USER,0,neutro o no misogino,real,,,,,,,
Como ven traidores de @USER @USER ??? Que mal que se sienten con halcones para que les den migajas de poder.,0,neutro o no misogino,real,,,,,,,
"México, un país que se desmorona entre populismo e incapacidades buff.ly/AJhfVGH #Saltillo #Coahuila #Torreón #PRI #PAN #Morena @USER @USER @USER @USER @USER @USER @USER @USER #ÚLTIMAHORA @USER @USER",0,neutro o no misogino,real,,,,,,,
CUÁNDO LE GANARON LA PRESIDENCIA A XÓCHITL GÁLVEZ,0,neutro o no misogino,real,,,,,,,
Ahí les hablan @#PRIANistas #RIP @USER @USER #PN @USER @USER @USER @USER @USER @USER @USER @USER @USER,0,neutro o no misogino,real,,,,,,,
Que le pregunten a tu hermana dónde los dejo...,0,neutro o no misogino,real,,,,,,,
Gracias y así como @USER Elimino al prd así @USER eliminaria al PAN de una vez por todas,0,neutro o no misogino,real,,,,,,,
@USER @USER @USER @USER @USER @USER @USER @USER @USER @USER @USER @USER @USER @USER @USER @USER @USER PUTOS DELINCUENTES …,0,neutro o no misogino,real,,,,,,,
@USER @USER @USER @USER @USER @USER @USER @USER @USER todo les sale mal... FRACASADOS,0,neutro o no misogino,real,,,,,,,
"Pero hay un dicho que alguien dijo A mí no me vengan, con que la ley es la ley!!!",0,neutro o no misogino,real,,,,,,,
"@USER @USER @USER @USER @USER @USER @USER a que se deberá que l@USER que hacen pasar por sus cartas fuertes, siempre resultan ser delincuentes???",0,neutro o no misogino,real,,,,,,,
"Igual conocías re bien a Xóchitl Gálvez, anduviste de rogón para que aceptara ser candidata presidencial, la impulsaste hasta tu último aliento y perdió por goliza.... Entonces, lo que crees que conoces de la Dra. no pasa de ser una anécdota de cantina de viernes en la noche...",1,explicita,real,,,,,,,
"Te entiendo y estoy de acuerdo , pero si hubiera ganado @USER no mmes estaríamos peor , mal gobierno ,peor oposición ...",0,neutro o no misogino,real,,,,,,,
Entra en CELO @USER en @USER @USER @USER @USER,0,neutro o no misogino,real,,,,,,,
"Ven a este pendejete (Emilio Vallejo) es el resultado es el resultado del cruce sexual entre Xóchitl Gálvez y Alejandro Moreno, no lo vuelvan a hacer por favor.",1,explicita,real,,,,,,,
"""porque todo el tiempo"" sigan dándose sus palmaditas en la espalda pinches primaria trunca, las votantes de Xóchitl Gálvez No saben ni escribir, menos van a saber de relaciones internacionales",1,explicita,real,,,,,,,
@USER @USER @USER @USER @USER @USER @USER @USER @USER @USER @USER @USER @USER @USER @USER @USER @USER @USER EL PEOR CÁNCER DE,0,neutro o no misogino,real,,,,,,,
"La #TiktokeraArtificial anda posteando sus propias encuestas, tiene todo el estilo de Xóchitl Gálvez, va a terminar perdiendo todo igual que la #Grenentinas,la gente sabe perfectamente bien quién es una genuina servidora pública.",1,explicita,real,,,,,,,
"No hicieron NADA, SOLO ENDEUDARNOS Y, ROBARNOS ELECCIÓN, CON 1 EXTRANJERA SIN ACTA DE NACIMIENTO OFICIAL, USURPANDO LA PRESIDENCIA; LO SABES, PORQUE COMETIERON ERRORES INFANTILES GRAVES. @USER @USER @USER @USER @USER @USER @USER",0,neutro o no misogino,real,,,,,,,
"Tú, @USER , @USER , @USER , @USER , @USER , @USER y demás #PRIANistas siguen creyendo que están por arriba de @USER cuando las encuestas dicen lo contrario, siganle así, sin PROPUESTAS, con candidatos IDIOTAS ya están #RIP",0,neutro o no misogino,real,,,,,,,
@USER JUICIO POLÍTICO A ESTA PUTA RATA DELINCUENTE @USER @USER @USER @USER @USER @USER @USER @USER @USER @USER @USER @USER @USER @USER @USER @USER,0,neutro o no misogino,real,,,,,,,
"Se acuerdan cuando en campaña @USER publicó el cel de @USER ? Pues si, para eso servirá el registro de celulares vayan ALV ! #NarcoBancada",0,neutro o no misogino,real,,,,,,,
"@USER @USER @USER @USER @USER @USER @USER tómala #chupitosCampos prepárate para rendir cuentas, por una vez en tu corrupta carrera política",0,neutro o no misogino,real,,,,,,,
"Hasta me multaron por llamar narcopartido a Morena. Hoy el tiempo me dio la razón. Mientras en Estados Unidos hay investigaciones por nexos de políticos del partido oficialista con el crimen organizado, en nuestro país voltean a otro lado. La Presidenta Sheinbaum está obligada",0,neutro o no misogino,real,,,,,,,
"‘El tiempo me dio la razón’: Xóchitl Gálvez exige la renuncia de Rocha Moya Luego de darse a conocer que Estados Unidos investiga al gobernador de Sinaloa, @USER , por presunto narcotráfico, la excandidata presidencial, @USER , recordó que ella llamó narcopartido",0,neutro o no misogino,real,,,,,,,
Xóchitl Gálvez sobre el derrame en el Golfo de México.,0,neutro o no misogino,real,,,,,,,
Que casualidad que el narco partido @USER tiene nexos con la CIA y que el narco ex gobernador @USER viva sin problemas en el gabacho,0,neutro o no misogino,real,,,,,,,
"Oye @USER ¿Y cuándo le dirás a tus aliados NARCOPOLÍTICOS y NARCOPARTIDOS? O ¿Eres de las qué únicamente vende teatro tibia que divide la opinión publica desde el privilegio, la mezquindad y la colusión? @USER @USER @USER",1,explicita,real,,,,,,,
Jajaja ay chairo pendejo!,1,explicita,real,,,,,,,
Y Maru campos la perdonamos o que ?,0,neutro o no misogino,real,,,,,,,
"Ya estaba confirmado, solo faltaba que lo confirmaran.",0,neutro o no misogino,real,,,,,,,
"Date una vuelta por Sinaloa mediocre palero mamador de huevos de los narcos, ahí están las evidencias irrefutables que pides pendejo, todo el país es un narco estado puedes ir y comprobarlo tú mismo",1,explicita,real,,,,,,,
"Las morras que abrieron un Only y no pegaron, ahora saben lo que sintió Xóchitl Gálvez.",1,benevolente,real,,,,,,,
"Fue fraude, muchos lo dijimos y está documentado.",0,neutro o no misogino,real,,,,,,,
"Tal como AMLO jamás presentó pruebas de corrupción de gobiernos anteriores (ojo, no que no hubiera corrupción con PRI y PAN, solo nunca presentó nada) Saludos!",0,neutro o no misogino,real,,,,,,,
Xóchitl Gálvez aseguró que las investigaciones en Estados Unidos sobre presuntos vínculos de políticos de Morena con el crimen organizado respaldan las advertencias que ha hecho en el pasado sobre el partido oficialista. La excandidata presidencial consideró que la presidenta,0,neutro o no misogino,real,,,,,,,
No mames tu hermana los secuestraba y desaparecía y tú afirmas nunca saber nada,1,explicita,real,,,,,,,
Y la presidenta lo sabía también debe ser detenida,0,neutro o no misogino,real,,,,,,,
"No mi pendeja, no te equivoques. Las falsas acusaciones de Estados Unidos en medio de la desenmascarada que le están dando al narco partido acción nacional no es significado de que tengas la razón. No somos sus pendejos, aquí no queremos a los putos gringos.",1,explicita,real,,,,,,,
En el tema del fracking sí estoy con Claudia.,0,neutro o no misogino,real,,,,,,,
Como puede ella servir de tapete a un pedofilo y asesino de niñas. Los gringos no tienen ni un gramo de moral para que venga a México.,1,explicita,real,,,,,,,
Ay mi chairo endejo Morena es un narcopartido y todos lo sabemos Y sí Xóchitl tenía razón aún que te arda el culo Morena es un nido de ratas y quienes lo defienden una bola de pendejos,1,explicita,real,,,,,,,
"Cayó el segundo sobrino del exsecretario de Marina de López Obrador, Fernando Farías. ¡Qué bueno! Ojalá vayan por los más altos cómplices del entramado del huachicol fiscal, no nos digan que operaban solos. Basta de impunidad.",0,neutro o no misogino,real,,,,,,,
"No mi pendejo. No te equivoques. El señor tiene años que está señalado de narcotráfico. ¿O ya se te olvidó que se iba a reunir con ""El Mayo"" Zambada? Ahí tienes a tus verdaderos traidores a la patria.",0,neutro o no misogino,real,,,,,,,
Lo bueno que ahora que gane Xóchitl Gálvez va a vender la refinería dos bocas y la de Cadereyta como chatarras porque el petróleo es obsoleto,0,neutro o no misogino,real,,,,,,,
"Aquí hay de dos sopas: o el director de Pemex le mintió a la presidenta o la presidenta le mintió a los mexicanos. Si es lo primero, la mandataria debe cesar inmediatamente al titular de Pemex; si es lo segundo, debería asumir su responsabilidad. Hablemos con la verdad.",0,neutro o no misogino,real,,,,,,,
"No les va a pedir su renuncia, pues son sus cómplices.",0,neutro o no misogino,real,,,,,,,
Traidora tu ya le hubieras dado las nalgas caídas a los yankees al primer dia de ponerte la banda presidencial pobre experimento.,1,explicita,real,,,,,,,
"Los pendejos que se quejan porque la gasolina premium cuesta 29 pesos creen que con la inepta de Xóchitl Gálvez eso no habría pasado. No pendejos, si gobernaran el PRI y el PAN, la que costaría más de 30 pesos sería la gasolina magna y ustedes estarían más jodidos, pero callados.",1,explicita,real,,,,,,,
Pinches panistas. Xóchitl Gálvez calló sobre el fraude que resultó Milei. Maru Campos calló sobre la CIA en México. Lilly Téllez calló sobre su patrón PDF Ricardo Salinas.,1,explicita,real,,,,,,,
"Vieja ridícula, En donde estabas cuando tu presidente @USER Cerraba aeropuertos enteros Para esperar las toneladas de cocaina. #GalvezSecuestradora #LavadoDeDinero #EnriquecimientoIlicito #contratosILEGALES @USER",1,explicita,real,,,,,,,
"Por eso, y por corrupta, fue humillada @USER por los mexicanos en 2024: No iba a saber gobernar el país",1,explicita,real,,,,,,,
"Falsas? Ya salió nacho mier a confirmar que hay órdenes de usa por narco tráfico, ya se están empezando a deslindar",0,neutro o no misogino,real,,,,,,,
Y las prueba? Pos son las mismas que condenaron a García Luna y que tanto festejó Morena. Y ahora?,0,neutro o no misogino,real,,,,,,,
Los EEUU que nunca vieron al narco gobierno de Felipe Calderón y su secretario GGL Los mismos que controlaban el aeropuerto BJ Incluso le dieron chamba en harbarth Los padrinos del PRIAN,0,neutro o no misogino,real,,,,,,,
"La presidenta Sheinbaum está obligada a pedir investigaciones y auditorías de las megaobras de su antecesor López Obrador. Además de pérdidas económicas y daños ambientales, han cobrado la vida de personas. No puede estar su lealtad por encima de la justicia a las víctimas.",0,neutro o no misogino,real,,,,,,,
Jajaja ya salió la gelatina. Corruptaza y hermana de una secuestradora a darse baños de pureza. Llévense a todos!,1,explicita,real,,,,,,,
"Los fachos andan tirando espuma por la boca (otra vez) xq el actor protagonista de ""La Oficina"" compartió sus preferencias políticas (de izquierda). Curioso como no existen personalidades que admitan sus votos por Xóchitl Gálvez, ni por Ricardo Anaya, etc... Por algo será.",0,neutro o no misogino,real,,,,,,,
"Alessandra Rojo de la Vega es la nueva versión del ""candidato prefabricado"" de la oposición. No aprendieron nada luego de los fracasos de Enrique Peña Nieto y la pendeja de Xóchitl Galvez. Están absolutamente derrotados.",1,explicita,real,,,,,,,
"Pinche gelatinera guanga, no tienes ninguna razón y el tiempo no te ha dado absolutamente nada. Eres una pendeja, corrupta, de familia delincuente que pensó que podía ser presidenta, solo eres eso.",1,explicita,real,,,,,,,
Siento una pena inmensa por Xóchitl Gálvez. Decidió viajar a España justo ahora para no quedarse atrás.,0,neutro o no misogino,real,,,,,,,
Pues está en la cárcel pagando su falta ¿o qué querías o qué?.,0,neutro o no misogino,real,,,,,,,
Y tu hermana secuestradora? Todos son iguales.,0,neutro o no misogino,real,,,,,,,
"Deberíamos salir a marchar pidiendo un transporte público de calidad, nos vestimos todos de rosa y proponemos a Xochitl Gálvez como el nuevo transporte público.",1,benevolente,real,,,,,,,
No cabe duda que USA esta tratando de desestabilizar...Que conveniente que ahora sacan lista de nsrvogobierno de Morena . más bien pare e cortina de humo para desviar la injerencia de la CIA en Chihuahua,0,neutro o no misogino,real,,,,,,,
Pobre estúpida prianista .,1,explicita,real,,,,,,,
"Eso es lo peor del caso, tú quieres ir sobres de un partido, sobres de un político. Qué asco da saber que estamos rodeados de asquerosas alimañas como tú @USER, que le rinden culto a un partido por que no saben pensar por si misma, a un político que rendirle lealtad y verdadera preocupación a su gente y a su país.",1,benevolente,real,,,,,,,
"No mames: Xochitl, eres mujer, índigena, y de Derecha?????",1,explicita,real,,,,,,,
Pues está en la cárcel no?,0,neutro o no misogino,real,,,,,,,
"Falsas, como no.",0,neutro o no misogino,real,,,,,,,
"no escupas para arriba, que tu narcopartido está siguiendo al pie de la letra los ejemplooos",0,neutro o no misogino,real,,,,,,,
"La primera señal vino desde la mañanera, a la presidente, los Estados Unidos ya le había informado por cortesía que esto venía, y por eso duró tan poquito su mañanera",0,neutro o no misogino,real,,,,,,,
Te van a devolver la multa @USER ?,0,neutro o no misogino,real,,,,,,,
Tú sabes que esto es intervencionismo gringo que busca derrocar al gobierno de izquierda mexicano que no sirve a los intereses de Estados Unidos. Se van a inventar acusaciones y después no presentarán pruebas como con Maduro.,0,neutro o no misogino,real,,,,,,,
"Vaya noticia, Sra. Gálvez. Usted tiene un gremendo coeficiente IQ, como de 70...",1,benevolente,real,,,,,,,
"Pedazo de mierda, ya está pagando en la cárcel, ahora hay que esperar para que cada mierda de morena pague también.",1,explicita,real,,,,,,,
Le pedí a la IA que creara una imagen estilo periódico mostrando cómo estaría el precio de la gasolina en México si gobernara Xóchitl Gálvez y este fue el resultado.,0,neutro o no misogino,real,,,,,,,
"Margarita Zavala, Xóchitl Gálvez y Ricardo Anaya fueron los primeros en despotricar contra Dos Bocas, pero hoy los hechos hablan solos: apostar por una refinería fue un acierto que ayudó a reducir la dependencia y a darle mayor control a los precios.",0,neutro o no misogino,real,,,,,,,
"Y de Maru no sacaste video? Ahora solo falta la respuesta del gobierno, y no se anda con rodeos y ni maromas como las de los PRIANDEJOS. Si el señor el culpable que se cumpla la ley sin rodeos.",1,explicita,real,,,,,,,
"Guey ! Encontraron culpable AL SECRETARIO DE SEGURIDAD DE CALDERÓN y no le hicieron NADA a Calderón, ósea",0,neutro o no misogino,real,,,,,,,
¿En cuál reunión estaría la presidenta Xóchitl Gálvez?,0,neutro o no misogino,real,,,,,,,
La candidata del #PartidoAliadoDelNarco llamando narcos a los demás,0,neutro o no misogino,real,,,,,,,
¡Goooool! Vamos @USER .,0,neutro o no misogino,real,,,,,,,
"No seas asnaca,eso es la venganza porque les falló el plan de la CIA para llevar a cabo el golpe de Estado en Chihuahua.Los narcos del periodo 2003-2012 son ustedes narco panistas y los periodistas chayoteros y chayoteras que les acompañan .Venganza de los narco senadores cubano",1,explicita,real,,,,,,,
Y tu silencio el 2 de junio... 2 horas con el sistema caído Elección de estado con todos los medios volcados... Proselitismo anticipado de años Intervención directa del presidente. Y tú? Aceptando las elecciones como limpias y soberanas.... Cállese con su egreee,1,explicita,real,,,,,,,
Ahora saliste tu más chingona quieres que deje su cargo x que USA lo acusando pero la traidora de chihuahua no no mames,0,neutro o no misogino,real,,,,,,,
"Y no, pendeja gelatinera prianista?",1,explicita,real,,,,,,,
Tubo razón con el esquema de huachicol en el debate y ahora con llamar a morena narco partido,0,neutro o no misogino,real,,,,,,,
Xóchitl Gálvez fue Estados Unidos a quejarse de su asquerosa dentadura,1,explicita,real,,,,,,,
Una cosa es decirlo y otra cosa es demostrarlo. Puedes ir a la ventanilla de denuncias de mamadas que inauguraste y llevar las pruebas.,0,neutro o no misogino,real,,,,,,,
"Cuando Xóchitl Gálvez está de tu lado, deberías de saber que estás haciendo todo mal.",1,explicita,real,,,,,,,
"JAJAJAJA Los pueden estar abofeteando con la realidad y lo peor del caso es que van a seguir repitiendo el mismo descerebrado curso, jajaja que asco ser así.",0,neutro o no misogino,real,,,,,,,
Estas tan falta de cerebro que ni comprensión lectora tienes… Y así querías gobernar,1,benevolente,real,,,,,,,
Retirarse de que? Ya no esta en la política y puede opitanr tanto como tu o yo,0,neutro o no misogino,real,,,,,,,
"Otro imbecil que aplica la filosofia de "" si, pero el PRI robo mas*",1,explicita,real,,,,,,,
"Se los dije en 2006, 2012, 2018 y repetí en 2024… @USER siempre fue un peligro para México y su secta @USER es un daño histórico. 2006 Voté por Calderón 2012 Vote por EPN 2018 Ricardo Anaya @USER 2024 Xóchitl Gálvez @USER Nota:",0,neutro o no misogino,real,,,,,,,
"ÚLTIMA HORA Xóchitl Gálvez dice SÍ al fracking. Sin embargo, el fracking NO le preguntó ni madres a Xóchitl Gálvez.",0,neutro o no misogino,real,,,,,,,
"Tantito que hubieras luchado, carajo.",0,neutro o no misogino,real,,,,,,,
"Aquí una muestra del proceso de desestabilización de la CIA contra el gobierno de México. Esperemos a ver las pruebas contra Rubén Rocha solo recordemos como y porque fué capturado Nicolás Maduro. Trump está del lado de los vendepatrias: María Corina Machado, Xochitl Gálvez, etc.",0,neutro o no misogino,real,,,,,,,
"Gracias a Dios que si hay gente que estudia y se da cuenta lo que en realidad se vive, sobre todo,creo que el pico del problema que genera toda esta montaña de impunidad, se llama corrupción",0,neutro o no misogino,real,,,,,,,
Comienza la invasión de Estados Unidos llegan los boinas verdes la derecha está desquiciada de alegría las perritas de Lili Téllez Pedrita Perriz Xóchitl Gálvez es la comitiva que les da la bienvenida,1,explicita,real,,,,,,,
"Y las pruebas? En cambio, sí hay pruebas de que TÚ (vulgar ambiciosa), eres hermana de una secuestradora.",1,explicita,real,,,,,,,
cansan sus idioteces,0,neutro o no misogino,real,,,,,,,
"Si veo una mentira, suelo señalarla, y lo hago solamente porque no me parece correcto ni ético difundir mentiras. He señalado mentiras contra Paco Calderón, Xóchitl Gálvez, D. Dresser y hasta contra Trump. Eso no significa que los defienda a ellos. Creo que es fácil de entender.",0,neutro o no misogino,real,,,,,,,
"Hasta me señalaron por llamar y tener una hermana secuestradora de los Tolmex,hoy el tiempo me dió la razón. Que bueno que está maldit@ secuestradora se pudre en la cárcel como una vil delincuente asquerosa ,ojalá su tortura sea lenta y tormentosa día a día , SECUESTRADORES",1,explicita,real,,,,,,,
PRIANDEJOS que creen que haciendo show pueden ganar una elección. Igual que xóchitl Gálvez decía que no era de PRI ni del PAN sin embargo tragan del mismo plato,1,explicita,real,,,,,,,
Por Xóchitl Gálvez,0,neutro o no misogino,real,,,,,,,
"Claro campeón, por eso votaste por la super carismática y muy preparada gelatinera panista Xóchitl Gálvez.",1,benevolente,real,,,,,,,
"Si lis Argentinos se estan comiendo a los burros, no tardarán en comerse a toda la Derecha mexicana. Milei y XOCHITL GÁLVEZ, son burros por naturaleza.",1,explicita,real,,,,,,,
"Alessandra Rojo de la Vega pasó de ser financiada por la banda de secuestradores de Xóchitl Gálvez y la red de trata de Alito y Cuauhtémoc Gutiérrez, a ser financiada por Ricardo Salinas Pliego y Aznar (Ayuso-Calderon). Ambos pedófilos aparecen en los Epstein files. #CeroVotos",0,neutro o no misogino,real,,,,,,,
"Xóchitl Gálvez lanzó un nuevo cuestionamiento contra Claudia Sheinbaum al acusarla de concentrar sus señalamientos fuera del oficialismo, mientras evita abrir la discusión sobre el círculo más cercano de López Obrador. La ex candidata presidencial sostuvo que la mandataria “ve",0,neutro o no misogino,real,,,,,,,
Jaja este imbécil,1,explicita,real,,,,,,,
"Así es tía!! Todo a su tiempo, los Morenarcos de Claudia Sheinbaum y Clarabrugada no vivirán impunes por siempre",1,explicita,real,,,,,,,
"@USER tambien hay que arrobar al sonrisas @USER , a la narcamenudista, hampona, crimen organizado @USER pura gente del crimen organizado u todavia se atreven a ladrar",1,explicita,real,,,,,,,
"“Mientras en Estados Unidos hay investigaciones por nexos de políticos con el crimen organizado, en nuestro país voltean a otro lado” : Xóchitl Gálvez ( @USER ) reacciona al anuncio del Departamento de Justicia de EU sobre los cargos contra el gobernador Rubén Rocha",0,neutro o no misogino,real,,,,,,,
Sin Presidencia y sin boletos para el Mundial Xóchitl Gálvez reveló que NO ha pudo conseguir ni un boleto para el Mundial 2026 Intentó desde el año pasado Se registró en preventas Esperó hasta 8 HORAS en fila virtual Cuando entró: precios altísimos o sin,0,neutro o no misogino,real,,,,,,,
Aquí hay menos impunidad y falta . La MARU campos es una auténtica traidora a la patria !! Y salió también Chupitos ..,1,explicita,real,,,,,,,
"1.- estás vieja 2.- estás prieta 3.- y estás horripilante Comprendo que votes por el pan, es la opción que toman los resentidos, amargados y perdedores",1,explicita,real,,,,,,,
Ni Xóchitl Gálvez con Massive Caller se atrevió a tanto.,0,neutro o no misogino,real,,,,,,,
NO ES CIERTO FUÉ CALDERÓN,0,neutro o no misogino,real,,,,,,,
"Si hay algo que me Caga los güevos de esta pinché vieja @USER Es el hocicote que tiene, Xóchitl Gálvez tiene Cuentas pendientes con la Ley, Ya hay que cobrarselas no creen, . @USER @USER @USER @USER @USER @USER",1,explicita,real,,,,,,,
Parece que Xochitl Gálvez estuvo en el metro de Estocolmo.,0,neutro o no misogino,real,,,,,,,
"Lo cierto es que la seguridad sigue siendo un gran pendiente del gobierno morenista de cara a la celebración del Mundial de futbol, #OpiniónPlus de @USER",0,neutro o no misogino,real,,,,,,,
Pues si wey Qué querías que Nos declaremos a favor del narco cómo morena o que? Chairos por qué están tan endejos?,0,neutro o no misogino,real,,,,,,,
"Me preguntan si estoy disfrutando lo votado, de una vez les aclaro. Yo voté por Xóchitl Gálvez.",0,neutro o no misogino,real,,,,,,,
"Pues todo lo que dijiste si pasó, jajajaja Chairo p3ndejo @USER se le cae el país. Y hoy más que nunca hay Huachicol.",1,explicita,real,,,,,,,
"El secretario de Guerra de Trump de pronto se sintió como Samuel L. Jackson en Pulp Fiction, recitó el salmo falso y ya quería disparar misiles. Fue como Xochitl Gálvez citando a Colosio al ritmo de: Veo un México con hambre de sed!!! #PolíticaCero #DéjenseAhí",0,neutro o no misogino,real,,,,,,,
"El partido MC “progresista, inclusivo y sobretodo feminista” apoyando el Congreso de Masculinidad. Será interesante escuchar las maromas de la suplente de Xochitl Gálvez @USER ! Ni a cuál irle NL o Jalisco?",0,neutro o no misogino,real,,,,,,,
Cómo es posible que el mundo no haya escuchado a Xochitl Gálvez y hoy estén en disputa por el control del petróleo y pasos estratégicos?,0,neutro o no misogino,real,,,,,,,
Ayúdanos a que Matías llegue a China. Apoyemos la música y el talento de los jóvenes. Donativos deducibles de impuestos... @USER @USER @USER @USER @USER @USER @USER @USER @USER @USER @USER,0,neutro o no misogino,real,,,,,,,
Xóchitl Gálvez dejó unas verdaderas joyas por lo tonta que es.,1,benevolente,real,,,,,,,
La perra judía es la primera que se dobla ante Trun,1,explicita,real,,,,,,,
MichelleBaqhelet Angela Merkel Margaret Thatcher son como unas niñas de primaria comparadas con Claudia Sheimbaum imagínen si la comparan con Xóchitl Gálvez o peor aun con Lili Téllez?,1,explicita,real,,,,,,,
"No lo ha dejado la vendepatrias de Maru, ahora nuestro gobernador lo va a dejar por chismes",1,explicita,real,,,,,,,
"Un chiste de: -Salinas Pliego -Xóchitl Gálvez -Su ""tía panista"" (Que en realidad era él)",0,neutro o no misogino,real,,,,,,,
"Escuchando a Lilly Téllez ayer; la forma en que se se dirigió a Javier Corral,acusarlo gravemente sin pruebas y burlarse de Fdz Noroña, me pareció ver esta mujer en una cantina—una pendenciera con su gavilla de matones. @USER @USER @USER @USER",1,explicita,real,,,,,,,
"Litio? No hay en México, el que encontraron fue un bulo. Petróleo? El poco que tiene México lo derraman a cada rato en el golfo. Electricidad? Jsjajsj con pedos y la CFE produce electricidad con combustoleo Oro? Hay muy poco Puras mamadas",0,neutro o no misogino,real,,,,,,,
Reclámale a la FIFA.,0,neutro o no misogino,real,,,,,,,
Se les dijo Chairos! No escucharon a Xochitl Gálvez respecto a PEMEX y nuestra soberanía energética! Cuántos MCPRIANISTAS tendrán ya sus baterías de hidrógeno y coches eléctricos? Ricardo Anaya va en bici al Senado? Me da coraje!,0,neutro o no misogino,real,,,,,,,
"Es este el ídolo de Leo Zuckerman, Sergio Sarmiento, Salinas Pliego, Carlos Mota, Xochitl Gálvez… y de la fauna MCPRIANISTA? El león Milei! Ahora entiendo todo!",0,neutro o no misogino,real,,,,,,,
"Una completa escoria PaNazi, basura humana lo bueno es que ya no existe en este plano para que no lo siga .pudriendo con su existencia",1,explicita,real,,,,,,,
Otra pobre pendeja,1,explicita,real,,,,,,,
"Si este señor hubiera sido el candidato de la oposición, le habría ganado a Sheinbaum, por que ella no sabe gobernar, se sabía y aun así decidieron hacerle caso a López Obrador y mandaron a Xochitl Galvez, por eso no creo que en México haya oposición política real, solo le siguen el juego a morena",1,benevolente,real,,,,,,,
"Con razón no le llegaste ni a los talones a @USER nadie te está dando la razón, esa acusación tiene los Mismos fundamentos que tú tuviste para llamar narcopartido; se parecen mucho, muchísimo",0,neutro o no misogino,real,,,,,,,
¿Y la “oposición” dónde quedó cuando toca fracking? Xóchitl Gálvez abrió la puerta al fracking y dijo coincidir con @USER en apostar por esa vía. La coincidencia no es menor: es una agenda energética que choca con el discurso ambiental y prende focos por agua y,0,neutro o no misogino,real,,,,,,,
"El premio por lavarle la cara al racista Lencho Córdova y hacer proselitismo a favor d Xochitl Gálvez es: -el nombramiento de Rigoberta Menchú como Consejera de la @USER Es el problema d nombrar a personajes q no tienen ni la más mínima afinidad con la 4T, como @USER",0,neutro o no misogino,real,,,,,,,
Entonces también te molestó eso de @USER,0,neutro o no misogino,real,,,,,,,
"Usted cállese que nos dejó a merced de los narcos, si hubiera defendido el voto como debía se la creíamos pero nel, entregó el futuro de México en manos de narco gobierno que ya sabía que era, no le dió la razón, usted entregó el país, y lástima que millones confiamos en usted.",0,neutro o no misogino,real,,,,,,,
jajajajajajajajaja,0,neutro o no misogino,real,,,,,,,
"El ídolo de Leo Zuckerman, Sergio Sarmiento, Xochitl Gálvez… amigo y socio de Ricardo Salinas Pliego! El león Milei en otro de sus patéticos y denigrantes espectáculos, pero que más da cuando lo importante es la libertad, no?",0,neutro o no misogino,real,,,,,,,
Se va a enojar Negré y su pasquín @USER,0,neutro o no misogino,real,,,,,,,
"Desafortunadamente, mientras haya gente que compre un boleto, aun siendo el más barato, el abuso de los organizadores seguirá...",0,neutro o no misogino,real,,,,,,,
"Panista tenía que ser!! Así son violentos, vándalos, provocadores, asesinos!!",0,neutro o no misogino,real,,,,,,,
"O SEA; UNA FICHA como los asesinos locos de USA. Y aparte de asesino, idiota; porque para decirle Richie al agiotista tranza y votar por Xochicles gelatinera se necesita estar PNDJO.",1,explicita,real,,,,,,,
"Igual que lo que hacen Alejandro Moreno, Xochitl Gálvez, Salinas Pliego y otros más",0,neutro o no misogino,real,,,,,,,
Lo que se convirtió en un muy jugoso negocio fueron los SECUESTROS de TU FAMILIA Y HERMANA al mando de los Tolmex,0,neutro o no misogino,real,,,,,,,
Como siempre ha sido. No estas diciendo nada nuevo.,0,neutro o no misogino,real,,,,,,,
El Mundial solía ser una celebración cercana a la gente. Hoy esa sensación parece haberse perdido por intereses comerciales. @USER,0,neutro o no misogino,real,,,,,,,
Lo cierto es que nadie cree que sepa opinar!! Vete a vender gelatinas,1,benevolente,real,,,,,,,
"Los #PANazis como siempre, violentos, intolerantes y corruptos.",0,neutro o no misogino,real,,,,,,,
La encargada de la GRENETINA era Malillany la hermana de @USER con sus secuestrados desvividos les sacaba la Grenetina de los huesos La Receta #Xochitl De los #Tolmex,1,explicita,real,,,,,,,
Pobre brutarga quedó traumads,1,explicita,real,,,,,,,
"Este caso del asesinó de Teotihuacán, me recuerda al perfil de los que conforman @USER @USER y @USER Por ejemplo: La hermana de @USER ¿cuantas personas secuestró y desvivió con la ayuda de Xóchitl?",1,explicita,real,,,,,,,
"Bien lo dijo @USER lo único que le queda a @USER es la violencia y así como sus narco políticos, por qué recuerden el único y verdadero narco gobierno fue de ellos, en palabras de mi presidente @USER la doctrina de la derecha es la HIPOCRESÍA.",0,neutro o no misogino,real,,,,,,,
Xóchitl descubriendo el hilo negro y el agua tibia... ¿Sabrá la existencia de una marca llamada Coca Cola?,1,explicita,real,,,,,,,
"Señora va muy tarde!! De verdad, eso no es novedad!!",0,neutro o no misogino,real,,,,,,,
"@USER @USER @USER @USER @USER @USER que vamos a hacer??? Sabemos lo peligroso que es esto, por favor, organícense, díganos cómo ciudadanos que podemos hacer, vamos que volamos a ser Venezuela.",0,neutro o no misogino,real,,,,,,,
PINCHE GATA COGUPTA @USER #LOSTOLMEX #LOSGALVEZ,1,explicita,real,,,,,,,
"Se le fue el discurso como a la Xochitl Gálvez!! PANISTA tenía que ser: ""necio, pendejo e ignorante""",1,explicita,real,,,,,,,
Sino fuera por esos pros indígenas no tendrías patria ya que cuando se independizaron fueron los únicos que tuvieron los huevos para ir en primera línea a morir … deberías lamerle hasta las patas hijo de puta,0,neutro o no misogino,real,,,,,,,
Chida tu imagen con AI chairete comunistoide tragaatole,1,explicita,real,,,,,,,
Ya te veremos pinche gelatinas en algún estadio festejando haciéndote presente ya verás !! Eres dos caras,1,explicita,real,,,,,,,
"Si Xóchitl Gálvez, Salinas Pliego, Ricardo Anaya y toda una pleyade de conservadores apoyan el fracking, no comadre y compadre, podemos decir seguro y sin equivocarnos, que no, no es por ahí.",0,neutro o no misogino,real,,,,,,,
@USER @USER @USER @USER @USER @USER @USER @USER @USER @USER @USER diferencia abismal entre una dama y otra conocida como #LaLocaDelSenado,1,explicita,real,,,,,,,
Jajajaja y te filtraron la información? O trabajas para ellos? Creo más bien te gusta mamar la vrg durísimo!!!,1,explicita,real,,,,,,,
Con la gorda asquerosa #zóochitl @USER estaríamos en la 3a. división...,1,explicita,real,,,,,,,
Dijeron lo mismo de @USER . El resultado es historia...,0,neutro o no misogino,real,,,,,,,
Si a ellas los gringos los violaban cuando gobernaban pues por eso no les preocupa @USER @USER @USER @USER @USER @USER @USER @USER @USER @USER,1,explicita,real,,,,,,,
SE DISFRAZÓ DE BEATRIZ PAREDES Y DE XÓCHITL GÁLVEZ para envenenar al pueblo contra USA,1,explicita,real,,,,,,,
Ojalá pudieras sacar a todas las promotoras de la muerte que están en el pan como Alexandra rojo y Xóchitl Gálvez es una pena que convivan contigo en el mismo partido,0,neutro o no misogino,real,,,,,,,
La Guardia Nacional.,0,neutro o no misogino,real,,,,,,,
"La gente no es pendeja. Si fuera así, nuestra presidenta sería @USER .",0,neutro o no misogino,real,,,,,,,
"Ryan Reynolds compra al Necaxa y Xóchitl Gálvez empata a Sheinbaum (según Massive Caller), ¿será? | Trending Topic …",0,neutro o no misogino,real,,,,,,,
"El asesino de Teotihuacán, Julio Cesar N, estaba afiliado al Narco Partido @USER . Ahora se entiende la razón de que era un criminal, fascista y ultraderechista. Ademas le decia ""Tío Richie"" al pedofilo de @USER y votó por @USER ...",0,neutro o no misogino,real,,,,,,,
"Ya es tiempo que pongan fin a que los Panistas, Priistas, vayan a Estados Unidos a suplicar la intervención . Desde @USER , candidata del PRIAN, Alito Moreno, Lily Tellez, Marco Cortés, Maru Campos, Todos son Traidores a la Patria.",0,neutro o no misogino,real,,,,,,,
"Así o más claro que en México no hay oposición a MORENA. Ahí tienen a su “súper preparada y tibia”ex candidata presidencial Xochitl Gálvez la que supuestamente iba a derrotar a Morena rebasándolos con más izquierda , hoy ya de manera cínica dice que está con Claudia Sheinbaum, se los dijimos",1,benevolente,real,,,,,,,
"Lamentable lo sucedido en las Pirámides de Teotihuacán. ¿Falta de seguridad en la zona turística? ¿Impunidad? ¿Problemas psicológicos del tirador? Lo cierto es que la seguridad sigue siendo un pendiente del gobierno morenista, de cara a la celebración del Mundial.",0,neutro o no misogino,real,,,,,,,
No vayan a etiquetar a @USER que decía que el petróleo ya iba de salida o a @USER que en su candidatura se la pasó diciendo que iba a cerrar todas las refinerías porque el futuro era la “electro movilidad” jajajajaja,0,neutro o no misogino,real,,,,,,,
"Los fachos andan enojadísimos xq Fernando Bonilla SÍ tiene el valor de reconocer por quién voto en 2024 (no como los fachos que se avergüenzan de decir que votaron por Xóchitl Gálvez). La derecha sigue peleándose con memes, playeras, canciones y ahora con series. Nunca cambien.",0,neutro o no misogino,real,,,,,,,
¡Cierto. . . !,0,neutro o no misogino,real,,,,,,,
Morena tiene miedo: la campaña sucia contra Xóchitl Gálvez | Trending Topic …,0,neutro o no misogino,real,,,,,,,
y como le fue a la gelatinas y al cuello de panocha....,1,explicita,real,,,,,,,
"Más claro imposible!!! @USER , @USER , @USER , @USER , @USER , @USER , @USER , @USER ..... @USER",0,neutro o no misogino,real,,,,,,,
Xóchitl Gálvez llama a proteger casillas y votar por un México unido en Colima @USER Esto dijo la candidata …,0,neutro o no misogino,real,,,,,,,
Jajaja ya vez como le paso a Xóchitl Gálvez que recuerdos,0,neutro o no misogino,real,,,,,,,
Los estadios estarán llenos de suertudos y de aquellos que pudieron comprar boletos costosísimos en reventa #Opinión de @USER,0,neutro o no misogino,real,,,,,,,
La INGENIEGGGGA,1,benevolente,real,,,,,,,
"Su estilo de vida va más allá de una cuestión estética, Xóchitl Gálvez inició una vida fitness con la que ha perdido más de 20 kilos",0,neutro o no misogino,real,,,,,,,
No nos digas que tu hermana la criminal secuestradora operaba sola sin ti ???,1,explicita,real,,,,,,,
"Pues ni para eso sirve, dice la vieja judía que con 990 $ se puede comprar la canasta básica semanal, miente y remiente",1,explicita,real,,,,,,,
Tal vez te refieres a Xóchitl Gálvez que está coludida con la banda de secuestradores de la que es integrante su hermana.,1,explicita,real,,,,,,,
Se ríe en público y llora en privado porque las inversiones llegan a EUA y huyen de México.,0,neutro o no misogino,real,,,,,,,
"En los últimos días han intentado callarme durante mis participaciones en tribuna, ¿qué opinan si hago un nuevo programa de noticias para contarles toda la verdad sin que me interrumpan?",0,neutro o no misogino,real,,,,,,,
"Voté en contra del Plan de Justicia de @USER Es retórica sin metas, sin presupuesto, ni autonomía. Silencio sobre Ayotzinapa, Segalmex, Rancho Izaguirre, ni cooperación con organismos internacionales. Una Fiscalía que no rinde cuentas no combate la impunidad.",0,neutro o no misogino,real,,,,,,,
"Así se manifiesta el odio promovido por AMLO y Sheinbaum. Son responsables por esta violencia. Morena envenena de odio al pueblo, tal como en el régimen nazi. Tenemos que echarlos del poder para lograr la paz en México.",0,neutro o no misogino,real,,,,,,,
"¡Otro logro de la presión pública! Sigamos alzando la voz, señalando y haciendo escándalo ante las injusticias, el abuso de poder y la corrupción de Morena.",0,neutro o no misogino,real,,,,,,,
"Es de una tremenda ignominia ver que Lilly Téllez solo va al Senado para gritar con su megáfono, o a insultar y calumniar, debería de dejar su cargo como mujer incompetente no debería estar ahí. Quien la viera. Ella que no terminó ni la preparatoria y que ni siquiera se pone a trabajar. Nos merecemos mejores representantes.",1,benevolente,real,,,,,,,
"Esa es la ideología de Morena, así la dicta Sheinbaum todos los días. Son como el régimen nazi.",1,explicita,real,,,,,,,
"Saludos, Melita",0,neutro o no misogino,real,,,,,,,
En las hojas del discurso de Sheinbaum.,0,neutro o no misogino,real,,,,,,,
Cada vez es más peligroso estar en el pleno con la bancada de los mafiosos. Deberían revisar que no entren armados al Senado estos delincuentes con cargo.,0,neutro o no misogino,real,,,,,,,
El que usó la embajada en RU como airbnb gratuito. Devuelva el dinero de los mexicanos.,0,neutro o no misogino,real,,,,,,,
"Sí, mucho caso le van a hacer Eso sí es odiar a los mexicanos: no cumplir con dar seguridad.",0,neutro o no misogino,real,,,,,,,
"SOBRINO DEL TÍO RICHIE…Trasciende que el asesino de Teotihuacán identificado como Julio César Jasso, se declaró presuntamente en sus redes sociales como n3onazi y admirador de figuras intolerantes de la extrema derecha como la panista incompetente Lilly Téllez y el evasor Ricardo Salinas",1,explicita,real,,,,,,,
"Y tú también, querida @USER",0,neutro o no misogino,real,,,,,,,
"La única que votó en contra del llamado Plan de Justicia de Ernestina Godoy fue Lilly Téllez. Mi total reconocimiento y admiración para Doña María Lilly del Carmen Téllez García por jamás doblarse ante el régimen. Sí, estuvo cerca de ellos un tiempo. Como millones de mexicanos,",0,neutro o no misogino,real,,,,,,,
El alojamiento de un particular en la Embajada de México en Reino Unido no puede quedar impune. Presentaré una solicitud de investigación y exigiré la renuncia de Marcelo Ebrard. Usar el cargo para beneficiar a familiares es abuso de poder y corrupción.,0,neutro o no misogino,real,,,,,,,
"Votaré en contra de esta nueva ley, que bajo el pretexto de regular la IA, abre la puerta a la censura y a la discrecionalidad contra la libertad de expresión. México necesita democracia constitucional, no controles ambiguos para castigar a los críticos. @USER",0,neutro o no misogino,real,,,,,,,
"¡Gracias por el cariño, jóvenes de Morelia!",0,neutro o no misogino,real,,,,,,,
"Agradezco la solidaridad de mi querida compañera Senadora @USER , por pasarme el megáfono a la tribuna",0,neutro o no misogino,real,,,,,,,
"ERA SOBRINO DEL TÍO ""RICHI"" El asesino de Teotihuacán identificado como Julio César Jasso se declaró en sus redes sociales como neonazi y admirador de figuras de la intolerante extrema derecha como Salinas Pliego y Lilly Tellez...",0,neutro o no misogino,real,,,,,,,
"Pinches prianistas. Ya defendieron al narco Genaro García Luna, al rata Alito Moreno, al PDF evasor Salinas Pliego, al genocida Calderón, a la mitómana Lilly Téllez, al racista Chumel Torres, al racista Alazraki y ahora a la vendepatrias Maru Campos. Están muy enfermos.",1,explicita,real,,,,,,,
"Hoy es un gran día para México, celebro que al gobernador Rubén Rocha le imputen cargos penales en EUA. Lamento que no se haya hecho en México y que la justicia tenga que venir del extranjero. Los tomé por sorpresa en tribuna y la bancada de los mafiosos se puso histérica.",0,neutro o no misogino,real,,,,,,,
Esta ladrona tibia es a la que Sheinbaum defiende,1,explicita,real,,,,,,,
Morena odia a los mexicanos,0,neutro o no misogino,real,,,,,,,
"No nos van a callar Valiente Senadora Lilly Téllez @USER empezamos a ver resultados de todo lo que hemos señalado, documentado y denunciado, es un día para celebrar en nuestro país !!!",0,neutro o no misogino,real,,,,,,,
"El PAN va a pasar a la historia como el partido político que conspiró contra su propio país y que atenta contra la soberanía, la integridad territorial, independencia y la estabilidad del Estado. Y todo por las Traidoras a la Patria de Maru Campos y Lilly Téllez. Es cuanto.",0,neutro o no misogino,real,,,,,,,
"Hasta a mí, que soy senadora, me hacen difícil el trabajo.",0,neutro o no misogino,real,,,,,,,
Usted dará lástima porque a la próxima llevaré mi megáfono. Encubridora de sus aliados electorales pederastas.,0,neutro o no misogino,real,,,,,,,
"¡EN RIDÍCULO! La senadora Martha Lucía Mícher le puso otra soberbia regañada a Lilly Téllez por grosera y mentirosa, le aclaró que ya está cansada que use la tribuna para sus calumnias y desplantes injerencistas. Este jalón de orejas se suma al de Javier Corral quien la acabó al",0,neutro o no misogino,real,,,,,,,
¿Ya salió Lilly Téllez a condenar esta blasfemia?,0,neutro o no misogino,real,,,,,,,
Y no contestó la pregunta el cobarde. Abrazo Jorge Manuel,0,neutro o no misogino,real,,,,,,,
Y de privilegios,0,neutro o no misogino,real,,,,,,,
"Frente a Adán Augusto López, exijo una investigación sobre las operaciones de su cártel, ""la barredora"", en Chihuahua, para financiar la campaña de @USER Que comparezca Sheinbaum en el Senado por su molestia por la cooperación entre México y EUA contra los cárteles.",0,neutro o no misogino,real,,,,,,,
"Un facho pendejo sinaloense le dijo ""traidor a la Patria"" a Noroña. Seguramente es de los descerebrados que piensan que mujeres como Maru Campos y Lilly Téllez pueden goobernar y son patriotas que defienden la nación.",1,explicita,real,,,,,,,
"OJO: LILLY TÉLLEZ AMENAZA A LOS MEXICANOS CON CREAR SU PROPIO PODCAST Y LA FUNAN EN REDES La senadora del Partido Acción Nacional, Lilly Téllez, generó polémica luego de que en redes sociales insinuara la posibilidad de lanzar su propio “programa de noticias”, lo que provocó",0,neutro o no misogino,real,,,,,,,
El desmantelamiento de un narco laboratorio en Chihuahua es un golpe al financiamiento ilegal de Adán Augusto López para su protegida @USER,0,neutro o no misogino,real,,,,,,,
"No se pierdan la magistral intervención de hoy de la Senadora @USER en el Senado de la República. La Senadora Lilly es la legisladora más valiente de todo el Congreso de la Unión, por eso millones la admiramos. El morenarco de @USER se quedó callado y",0,neutro o no misogino,real,,,,,,,
MARU CAMPOS NO VINO A DARLE PERLAS A LOS CERDOS (DE MORENA): LILLY TÉLLEZ Lilly Téllez defendió a Maru Campos por no acudir al Senado. La senadora del PAN dijo que la gobernadora de Chihuahua no fue invitada a dialogar. Afirmó que Morena quería llevarla a un,0,neutro o no misogino,real,,,,,,,
"¡VENDEPATRIA! la panista Lilly Téllez, aduladora del genocida Donald Trump salió a defender la injerencia de los agentes de la CIA en Chihuahua, despotricando contra la 4T y hasta culpándolos del fallecimiento de los agentes, quienes ilegalmente estaban en un operativo nacional,",0,neutro o no misogino,real,,,,,,,
"Sobre el borrador o proyecto de iniciativa de regulación de IA, el PRI adelanta que no la acompañarán Lilly Téllez también adelantó que estará en contra, pero no sabemos cómo lo hará el resto de la bancada del PAN De MC no vaya ser que salgan con “reservas” y le de el voto a",0,neutro o no misogino,real,,,,,,,
#VIDEO | “El país está feliz (...) felicito a los EU por presentar cargos penales contra el gobernador”: Lilly Téllez celebra las acusaciones contra Rubén Rocha Moya mile.io/4mWmGjK,0,neutro o no misogino,real,,,,,,,
"Lilly Téllez celebra cargos contra Rocha Moya La senadora de @USER , @USER celebró desde la tribuna del Senado la presentación de cargos penales en Nueva York contra el gobernador de Sinaloa, Rubén Rocha Moya. la legisladora afirmó que es un ""día de felicidad",0,neutro o no misogino,real,,,,,,,
"¡SON TAL PARA CUAL! Luego que medios le han cerrado las puertas por tóxica y vendepatria, la panista Lilly Téllez estaría por regresar a Tv Azteca. Salinas Pliego ya le abrió de nuevo las puertas de la televisora. Ambos personajes representan lo más ruin y deshonesto de la",0,neutro o no misogino,real,,,,,,,
Ahora sí put0s @USER,1,explicita,real,,,,,,,
El comportamiento de Lilly Téllez no se toleraría ni en la peor de las cantinas... Increíble que se le permita ocupar un cargo en el Senado mexicano.,1,benevolente,real,,,,,,,
"¡TRAIDORA! La senadora del PAN, Lilly Téllez llamó ""cerdos"" a los integrantes de la bancada de Morena tras su afán de seguir defendiendo que los agentes yanquis sigan metiéndose en asuntos de México. No quiere que le toquen a su gobernadora Maru Campos y explota contra los que",0,neutro o no misogino,real,,,,,,,
"¡ES UNA BURLA! La vendepatria Lilly Téllez amenazó en redes con abrir su propio ""programa de noticias"" para decir mentiras sin interrupciones, pero las redes no perdonan. La tundieron preguntándole si su patrón Salinas Pliego la financiaría o si haría el ridículo como siempre.",1,explicita,real,,,,,,,
"Se enciende el Senado: Lilly Téllez celebra acusación por asociación delictiva de EU contra Rubén Rocha Moya, gobernador de #Sinaloa",0,neutro o no misogino,real,,,,,,,
Maromas de Anaya y Lilly Téllez por Maru Campos; Morena habla de responsabilidades penales Comenta Martha Olivia López youtu.be/CERWnv2azRU,0,neutro o no misogino,real,,,,,,,
"Censuran en el Senado a Lilly Tellez cuando toca un tema que les incomoda. ¿Así o más claro que los de Morena protegen a Naasón Joaquín García y sus cómplices de la Luz del Mundo? ¿Qué les deben, eh?",0,neutro o no misogino,real,,,,,,,
PONCHO: LILLY TÉLLEZ ES NACA El señor @USER se le fue fuerte a @USER . ¿Lo denunciarán por violencia política de género?,1,explicita,real,,,,,,,
"Ufff, si las PUTIZAS de Ricardo Anaya y Lilly Téllez fueron demoledoras; la bonita y tremenda PUTIZA de Luis Donaldo Colosio por la necedad de Morena de citar a la gobernadora de Chihuahua, Maru Campos por el caso de los agentes de la CIA, fue ANIQUILADORA",1,explicita,real,,,,,,,
Mensaje al presidente Javier Milei @USER sobre el contraalmirante huachicolero capturado en Argentina: NO lo extradite a México.,0,neutro o no misogino,real,,,,,,,
"Es un día de fiesta y celebración,Lilly! Inicia el fin de MORENA! Por cierto,ya te ofreció disculpas el miserable bruto Saúl Monreal luego que te agrediera por decirle sus verdades? Porque su 1d10ta hermano @USER aparece públicamente apoyando a un NARCOGOBERNADOR",0,neutro o no misogino,real,,,,,,,
"A todos aquellos que coreaban el ""no estás sólo"", ¿Esos quedaran impunes? @USER @USER",0,neutro o no misogino,real,,,,,,,
"Todo el tiempo quieren callar a mi estimada @USER , en el #Senado los de Morena y aliados tienen órdenes de @USER y @USER para ocultar a toda costa los narco pactos y los delitos que han cometido, pero Lilly con valor y honestidad los expone al pueblo de",0,neutro o no misogino,real,,,,,,,
"“Celebro que en Nueva York le presenten cargos a Rubén Rocha… celebro que empiecen a caer” : Lilly Téllez ( @USER ) reaccionó al anuncio del Departamento de Justicia de EU sobre las investigaciones contra el gobernador y otros nueve funcionarios, presuntamente",0,neutro o no misogino,real,,,,,,,
"Senadora @USER permítale hablar a la Senadora Valiente Lilly Téllez @USER ella si nos representa y le daremos voz por las redes sociales. Siempre interrumpe sus mensajes importantes y puntuales, entiendo que el exhibir la inmensa corrupción e impunidad de este",0,neutro o no misogino,real,,,,,,,
"¡Nunca! Al contrario, ellos se intimidan y se hacen pequeños cuando los exhibo en toda su corrupción",0,neutro o no misogino,real,,,,,,,
Sus corajes le obstruyen el sentido común @USER y se equivocó en callarme en este tema. Puso su soberbia sobre la niñas violadas por el líder de la Iglesia de la Luz del mundo. Quedó en evidencia que usted solo tiene intereses electorales y que a mí no me puede callar.,0,neutro o no misogino,real,,,,,,,
"¡DE PENA AJENA! La vendepatria Lilly Téllez no se cansa de hacer el ridículo, pero ahora fue su propio canal facho gringo Fox News quien la puso a prueba y evidenció. Dale y dale acusando de ‘narcogobierno’, de ‘narcopolíticos’, le preguntaron: ¿Tiene las pruebas senadora? Y la",1,explicita,real,,,,,,,
"Lilly Téllez pide al Presidente @USER no extraditar al ex marino Fernando Farías. Ante el temor de que sea asesinado para que su testimonio no alcance al círculo más cercano de @USER , la Senadora @USER pidió al presidente argentino Javier Milei resguardar al",0,neutro o no misogino,real,,,,,,,
"La senadora Lilly Téllez afirmó que la imputación de cargos penales contra Rubén Rocha en EU representa ""un gran día para México"". Señaló que, aunque lamenta que la justicia no haya actuado aquí, celebró que se exijan responsabilidades en el extranjero.",0,neutro o no misogino,real,,,,,,,
"Entre Lilly Téllez q se dice ""profundamente católica y al servicio de Dios"", y Trump q se autoproclama el ""mesías"", me entra la duda si los expulsaron del cielo o los expulsaron del infierno por hipócritas.",0,neutro o no misogino,real,,,,,,,
"""DESPUÉS DE ROCHA MOYA SIGUE ADÁN AUGUSTO"" ¿Tendrá razón? Lilly Téllez subió a tribuna para hablar sobre Rubén Rocha Moya. Celebró que se hayan presentado cargos penales en Nueva York en su contra. Pero que lamentaba que la justicia tuviera que venir de Estados Unidos.",0,neutro o no misogino,real,,,,,,,
¡¡¡Anda @USER has lo tuyo...No nos desepciones!!,0,neutro o no misogino,real,,,,,,,
"@USER , ande, mujer, vocifere contra estos (presuntos) delincuentes. Anda, @USER , despotrica contra estos (presuntos) delincuentes. Venga, @USER , saca a el priísta que llevas dentro y SEÑALA a estos (presuntos) delincuentes…",0,neutro o no misogino,real,,,,,,,
"Defiendo a Chihuahua ante el ataque de la bancada de los mafiosos, brazo legislativo de los cárteles.",0,neutro o no misogino,real,,,,,,,
"¡Eres una valiente, Lilly! Sigue diciéndoles sus verdades a los #MoreNarcos",0,neutro o no misogino,real,,,,,,,
"La senadora Lilly Téllez ( @USER ) celebró que el Departamento de Justicia de EU presentara cargos penales contra el gobernador de Sinaloa, Rubén Rocha Moya ( @USER ), por presuntos vínculos con el narcotráfico y delitos relacionados con armas, y exigió al Gobierno",0,neutro o no misogino,real,,,,,,,
"Mientras tanto, Verástegui y Lilly Téllez rezando por su mesías neoliberal.",0,neutro o no misogino,real,,,,,,,
"La senadora Lilly Téllez respaldó a la gobernadora Maru Campos tras su ausencia en el Senado. Aseguró que la mandataria de Chihuahua no fue convocada a un diálogo formal, sino a lo que calificó como un “linchamiento político” por parte de Morena. ""A lo que querían traerla era a",0,neutro o no misogino,real,,,,,,,
Ahora sí con todos los titulares este par de hijos de puta tienen que pagar,0,neutro o no misogino,real,,,,,,,
"""Bancada de mafiosos"": la senadora del PAN Lilly Téllez increpa a morenistas con un megáfono. Sara Pablo",0,neutro o no misogino,real,,,,,,,
Es un día de fiesta,0,neutro o no misogino,real,,,,,,,
"Se escuchaba como una persona normal, no una loquita como hoy",1,benevolente,real,,,,,,,
"HDSRPMORENA! HOY HIZO PRESENCIA, PERO LA MUY PERRA.. SALIÓ CORRIENDO A LAS 10 AM YA SE FUÉ A ESCONDER EL DESGRACIADA MORENISTA DE ESTIÉRCOL",1,explicita,real,,,,,,,
"Gracias senadora,por tener ésos pinches huevotes qué les faltan a sus compañeros de ""oposición"". Les debería prestar tantitos!",0,neutro o no misogino,real,,,,,,,
"@USER es la onda!, tan directa, valiente. #NoTeRindas ojalá pronto EUA haga uso de su derecho de proteger a su país y desaparezca a los terroristas que gobiernan México, jamás los morenarcos harán algo vs. sus cuates y jefes, ojalá pronto los veamos caer como cucarachas.",0,neutro o no misogino,real,,,,,,,
¿Que te parece este gabinete para el 2030? Presidente: Ricardo Salinas Pliego Gobernación: Lilly Téllez Economía: Ricardo Anaya Seguridad: García Harfuch (transexenal) Educación: Enrique de la Madrid Hacienda: Alejandro Moreno Turismo: Samuel García Cancillería: Marcelo,0,neutro o no misogino,real,,,,,,,
"OJO | ""SI VIENE A MÉXICO, LO MATARÁN"": LILLY TÉLLEZ LE RUEGA A MILEI QUE NO EXTRADITE A FARÍAS LAGUNA La plurinominal panista Lilly Téllez ( @USER ) volvió a encender la polémica al pedir al presidente de Argentina, Javier Milei ( @USER ), que no extradite a México al",0,neutro o no misogino,real,,,,,,,
"La senadora Lilly Téllez respaldó a la gobernadora Maru Campos tras su ausencia en el Senado, al asegurar que no fue convocada a un diálogo formal, sino que Morena pretendía someterla a un “linchamiento político”. @USER",0,neutro o no misogino,real,,,,,,,
"Víbora , gusano , traidora",1,explicita,real,,,,,,,
"Bus nadie lo localiza, solo puso un X en donde desde luego niega todo Esperemos que pronto salga todas las pruebas",0,neutro o no misogino,real,,,,,,,
@USER opera para la CIA Por medio de agencias extranjeras quieren regresar al poder. No solo @USER también @USER @USER trabajan para Washington todas sus visitas a EEUU es para recibir $ y órdenes. Ellos también deben ser juzgados,0,neutro o no misogino,real,,,,,,,
"Muy su pedo muy su cola, tu se la chupas a @USER todo el tiempo, y?",1,explicita,real,,,,,,,
"Ya sentía “pasos en la azotea” este miserable corrupto, NARCOPOLITICO.",0,neutro o no misogino,real,,,,,,,
"“La felicito”: Lilly Téllez ( @USER ), senadora del PAN, respaldó a Maru Campos tras confirmar que no podría atender la invitación del Senado y acusó a Morena de intentar realizar un “linchamiento político”. #FórmulaNoticias con Azucena Uresti ( @USER )",0,neutro o no misogino,real,,,,,,,
"¡REGRESA EL VENENO A LA TV! LILLY TÉLLEZ VUELVE COBIJADA POR SALINAS PLIEGO No es sorpresa, pero sí una señal clara de cómo opera la derecha: se reciclan entre ellos. Luego de quedar exhibida por su discurso tóxico, clasista y abiertamente vendepatria, Lilly Téllez estaría",0,neutro o no misogino,real,,,,,,,
"Jajajajajajaja, la perra sirviendo para lo que se vende, ladrando el guion que le manda su amo para que le den una palmada en la cabeza",1,explicita,real,,,,,,,
"Si sigue él, después de las 14.5 toneladas de marihuana deshidratada que encontraron en su rancho en el 2009. Si Lilly Téllez hablaba con conocimiento de causa.",0,neutro o no misogino,real,,,,,,,
Este wey está escondido en Palenque. Vayan por él; los mexicanos de bien se los van a agradecer.,0,neutro o no misogino,real,,,,,,,
"Celebra la senadora Lilly Téllez las acusaciones formuladas por la justicia estadounidense en contra de Rubén Rocha Moya, gobernador de Sinaloa. Es ""un gran día para México"", dijo.",0,neutro o no misogino,real,,,,,,,
"Lilly Téllez, la ""loca"" del Senado: ""Levántate y anda... pero a chingar a tu madre.""",1,explicita,real,,,,,,,
Agarren a todos y todAs del cartel de MORENA. #CARTELMORENA,0,neutro o no misogino,real,,,,,,,
"""EMPIEZA A CAER LA BANCADA DE LOS MAFIOSOS"": LILLY TÉLLEZ ( @USER ) La senadora encendió la tribuna al celebrar las acusaciones formales contra Rubén Rocha Moya ( @USER ) en EE.UU. sobre narcotráfico. Pese a los intentos por callarla, la legisladora fue",0,neutro o no misogino,real,,,,,,,
¡ QPM ! Es Estados Unidos está acusado de abuso sexual y de pederasta. Aquí en México la hija de su reputisisima MDRE... ¡ lo declaró inocente ! Lilly Téllez la exhibió en la cámara de Senadores... ¡ y le apagaron el micrófono ! Morena es una BASURA.. @USER,1,explicita,real,,,,,,,
"Lilly Téllez exige a Fernández Noroña explicar el origen de su casa de 12 millones en Morelos Además, lo llama “Changoleón”",0,neutro o no misogino,real,,,,,,,
"El gobierno de Estados Unidos acusó al gobernador de Sinaloa, Rubén Rocha Moya, y otros nueve funcionarios de delitos relacionados con el crimen organizado y vínculos con el Cártel de Sinaloa.",0,neutro o no misogino,real,,,,,,,
Pero que no se escape la gobernadora borracha,1,explicita,real,,,,,,,
De clau presidentA no vas a andar hablando jaja,1,explicita,real,,,,,,,
"La noticia no fue sorpresa, eso ya se sabia pero si sorprendió a la 4T, la justicia viene de fuera y llegara",0,neutro o no misogino,real,,,,,,,
Los amigos de Sheinbaum y de López Obrador siempre son delincuentes.,0,neutro o no misogino,real,,,,,,,
Ni le importa. Está podrido en dinero y va a otro lugar.,0,neutro o no misogino,real,,,,,,,
Así es Senadora. Este País es de Jesús y Santa María de Guadalupe y Dios lo va a liberar. Quienes tenemos nuestra Fe en el Todopoderoso sabemos que es Providencia Divina. Sigamos pidiendo a nuestro Señor que libre a nuestro País del yugo de satanás.,0,neutro o no misogino,real,,,,,,,
Tenía que ser asi por que la Pinocha y su combo solo sirven para defender a los derechos humanos de los carteles del crimen...,0,neutro o no misogino,real,,,,,,,
"Van arder HDSPM, Por fin, la justicia les va a llegar uno a uno",0,neutro o no misogino,real,,,,,,,
"Que raro que el wey que tiene ordenes de captura en México por lavado de dinero, narcotráfico y desvio no le haga nada , a caso sera que EUA no quiere dañar a los socios del Pan Cómo son los que más se arrastran a los gringos no quieren perder a esas porristas como @USER",0,neutro o no misogino,real,,,,,,,
"Toda mi admiración y respetos para usted, por su lealtad a México y valentía, Senadora Lily Téllez.",0,neutro o no misogino,real,,,,,,,
@USER @USER @USER @USER Vaya quemada y exhibida y a nivel Internacional .,0,neutro o no misogino,real,,,,,,,
"Ay querida, querida, jajajaja el par de mujeres más pendejas en la política jajaja, que bueno que se tienen para echarse porras juntas.... Con tan poca inteligencia, y sabiendo tan poco de política, todos sabemos cómo llegaron a dónde están, en fin!! Espero que pronto vuelvan.",1,explicita,real,,,,,,,
Hoy aplica esa antigua sabiduría: No les den perlas a los cerdos.,0,neutro o no misogino,real,,,,,,,
"Dirá que se investigue y que abran carpetas como siempre. Defendiendo lo indefendible. Dirá q defenderá la soberanía, etc.etc.",0,neutro o no misogino,real,,,,,,,
"""Felicito a EU por presentar cargos penales contra el gobernador Rubén Rocha"" : Lilly Téllez. La senadora calificó este anuncio como un momento importante para México.",0,neutro o no misogino,real,,,,,,,
"Y esto es el principio, irán cayendo uno a uno, el 90% de los NarcoMorena y el NarcoGobierno!",0,neutro o no misogino,real,,,,,,,
"""Solo con la presión de la gente podremos hacer que este gobierno corrupto proceda contra el narco"". Declaraciones de @USER , Senadora del PAN. aztecanoticias.info/4cHkmd8",0,neutro o no misogino,real,,,,,,,
"@USER @USER que descanso es tener la razón, vamos a ver si entregan a Rocha Moya a la justicia",0,neutro o no misogino,real,,,,,,,
"Lilly Téllez: “Hoy es un gran día para México, celebro que al gobernador Rubén Rocha le imputen cargos penales en EUA. Lamento que no se haya hecho en México y que la justicia tenga que venir del extranjero.”",0,neutro o no misogino,real,,,,,,,
"Ese Farsante Lideró las Entregas de Millones de Dólares a la Campaña del Narco Expresidente AMLO y la de Sheimbaum,El Enemigo Público Número Uno de México, Ahora,Se les Viene la Noche,Al Régimen Comunista, Socialista Criminal de Morena,Ya Bastaaaa,Expresaron en EEUU, Fuera",0,neutro o no misogino,real,,,,,,,
y hay sigue viviendo en EUA felizmente,0,neutro o no misogino,real,,,,,,,
Hasta la Interpol lo anda buscando,0,neutro o no misogino,real,,,,,,,
"Hoy es un gran día Senadora! comparto absolutamente su felicidad, justicia al pueblo de México, y si .. lo tuvo que hacer EEUU",0,neutro o no misogino,real,,,,,,,
Bravo Lily. Morena es un nido de ratas,0,neutro o no misogino,real,,,,,,,
"Con la vara que mides, serás medida, sin duda alguna. Al tiempo...",0,neutro o no misogino,real,,,,,,,
"Postura de Lilly Téllez Lilly Téllez calificó como “un gran día para México” la imputación de cargos en EE.UU. contra Rubén Rocha Moya. Dijo que la justicia no actuó aquí, pero sí en el extranjero. #México #Sinaloa #EEUU #Justicia",0,neutro o no misogino,real,,,,,,,
"Bravo Lilly Téllez esa tipeja de Sheinbaum que siempre te quiere callar que también la encarcelé USA, por que no sabe gobernar",1,benevolente,real,,,,,,,
"“No hay que darle perlas a los cerdos” La senadora Lilly Téllez elevó el tono en el Senado durante el debate por el caso de la CIA en Chihuahua, al llamar “cerdos” y “mafiosos” a legisladores de Morena. En defensa de la gobernadora María Eugenia Campos, también lanzó",0,neutro o no misogino,real,,,,,,,
Jajajaja wey es más grave la acusación a un gobernador en turno de NARCOTRAFICO,0,neutro o no misogino,real,,,,,,,
Que grandiosa noticia y que vergüenza para nuestro podrido gobierno. Algo de justicia para todos los muertos de Sinaloa.,0,neutro o no misogino,real,,,,,,,
"La loca del senado , que le hagan un antidoping urge",1,explicita,real,,,,,,,
Es correcto,0,neutro o no misogino,real,,,,,,,
"Pobre Claudia, está rodeada de puro pendejo, literalmente en las mañeras sale a arreglar sus cagaderos y tapar lo que es evidente",0,neutro o no misogino,real,,,,,,,
Me hubiera encantado ver sus caras.,0,neutro o no misogino,real,,,,,,,
"Es una burla lo que está haciendo la criminal @USER inepta corrupta y de lado de los mafiosos del país. Hasta que no veamos en alguna investigación de @USER se le puede creer, x lo pronto es tapaderA",1,explicita,real,,,,,,,
"Que casualudad, exactamente cuando se descubrió que la CIA opera en México de la mano de los VENDEPATRIAS DEL PAN #OposicionMoralmenteDerrotada #OposicionMasPendejaYCorruptaQueHaExistido #tiopedófilo #tiopederasta",0,neutro o no misogino,real,,,,,,,
AUNQUE FALTAN MUCHOS,0,neutro o no misogino,real,,,,,,,
"“LA JUSTICIA VIENE DE EU”: LILI TÉLLEZ CELEBRA ACUSACIÓN A ROCHA La senadora @USER celebró que en Estados Unidos se imputen cargos contra Rubén Rocha Moya y lamentó que no haya ocurrido en México. Aseguró que tomó por sorpresa a Morena en tribuna, donde —dijo— “la",0,neutro o no misogino,real,,,,,,,
"El tema del gobernador de Sinaloa ya llegó el Senado. @USER exigió hablar del tema, pero fue interrumpida por la presidenta de la Mesa, Laura Itzel Castillo. Las noticias en López-Dóriga Digital.",0,neutro o no misogino,real,,,,,,,
"#LoÚltimo La senadora Lilly Téllez afirmó que es “un gran día para México” tras la imputación de cargos penales en Estados Unidos contra el gobernador de Sinaloa, Rubén Rocha Moya. La legisladora lamentó que el proceso no se haya iniciado en México y sostuvo que la justicia",0,neutro o no misogino,real,,,,,,,
no hay negocio jugoso que no tenga el visto bueno de la.presidenta,0,neutro o no misogino,real,,,,,,,
Ojalá the clown se lo cargue…,0,neutro o no misogino,real,,,,,,,
"No esperaba menos de la vendepatrias número 1 del prianismo, si en tus manos estuviera la decisión no dudo que entregabas México al trump en bandeja de plata.",0,neutro o no misogino,real,,,,,,,
"Ya no prestarle camaraa a esta mujer por favor, se engrandece la pobre.",1,benevolente,real,,,,,,,
"Mira tú... Que conveniente Los gringos tratando de distraer de la traición a la patria de la gobernadora borracha. Sin pruebas, no lograrán nada",0,neutro o no misogino,real,,,,,,,
"La senadora Lilly Téllez denunció la colusión entre Morena y organizaciones criminales dedicadas a la trata de personas Afirmó que no se quizo investigar a fondo el caso de la joven Edith, asesinada la semana pasada en CDMX",0,neutro o no misogino,real,,,,,,,
Con razón tanta insistencia por el tema del mayo jajaja ahora que Argentina no extradite a Farias y lo mande a Estados Unidos y que cante todo lo que sabe.,0,neutro o no misogino,real,,,,,,,
@USER todas las mañanas,0,neutro o no misogino,real,,,,,,,
"Sí es una pena que nuestro país no haga justicia y nos la tenga que dar EU, pero de donde sea es bienvenida ¡Ya era tiempo!",0,neutro o no misogino,real,,,,,,,
pdejos que lo demuestren los usa,0,neutro o no misogino,real,,,,,,,
Que este sea el destino de el simio rupestre @USER senadora @USER,0,neutro o no misogino,real,,,,,,,
"Primer gobernador oficialmente acusado. Faltan muchos, muchos más, políticos, expresidentes, empresarios diputados y senadores No sin excluir a muchos de @USER , @USER @USER @USER @USER",0,neutro o no misogino,real,,,,,,,
"Se les Viene la Noche al Narco Gobierno Terrorista Asesino del Cartel de Morena,Son una Verdadera Amenaza para Toda América y el Mundo ,Ya Basta, Fuera Morenaa",0,neutro o no misogino,real,,,,,,,
¡¡ LILLY TÉLLEZ SE QUEDÓ CALLADA CUANDO LE DIJERON SU VERDADES !!,0,neutro o no misogino,real,,,,,,,
Ambos traidores,0,neutro o no misogino,real,,,,,,,
"Le apagaron el micrófono a la loca del Senado Lilly Téllez por CULERA y calumniadora. A CASM inche vieja pioja, a gritar a su casa, peona de Salinas Pliego. @USER",1,explicita,real,,,,,,,
"A todo guajolote le llega su navidad, Rocha Moya y 8 morenistas serán juzgados en EEUU.",0,neutro o no misogino,real,,,,,,,
Ojalá ustedes cómo oposición sigan denunciando ante EEUU todos los delitos que los narco4treros están cometiendo.,0,neutro o no misogino,real,,,,,,,
Te entiendo escuchar y ver a sheinbaun es nauseabundo,1,explicita,real,,,,,,,
"Otra vez “pico chueco” @USER quiso censurarte, pero no pudo. Se le va a enchuecar más por el coraje que hizo. Ahora si chairos, ya se puede decir que #MorenaNarcoPartido es un cartel delictivo? Que dirá la tripa seca @USER ?",1,explicita,real,,,,,,,
Eres una miserable vendepatrias. Primero que respondan por los agentes de la CIA que violaron la soberanía nacional.,1,explicita,real,,,,,,,
"Dicen que está desaparecido desde las 10 de mañana,",0,neutro o no misogino,real,,,,,,,
"Por traicionar al MORESINDICATO, ! FUERA MORENA !",0,neutro o no misogino,real,,,,,,,
Narcogobierno podrido no tienes vergüenza CÍNICOS,0,neutro o no misogino,real,,,,,,,
"""CERDOS, BANCADA DE MAFIOSOS"" @USER hace estallar al @USER al defender a @USER de las garras de @USER y humilla al exgobernador Javier Corral.",0,neutro o no misogino,real,,,,,,,
Bien @USER … @USER está es una gran oportunidad de parar el flujo de dinero a los gobiernos ligados al narco en la región,0,neutro o no misogino,real,,,,,,,
"TENSIÓN EN EL SENADO: TELLEZ LLAMA “CERDOS” A MORENA Durante el debate por el caso Chihuahua y la presunta participación de agentes de la CIA, la senadora Lilly Téllez lanzó el calificativo contra la bancada de Morena.",0,neutro o no misogino,real,,,,,,,
"Ese pobrísimo nivel de argumentación es cuando son gatas primaria-trunca, con perdón de las gatitas de verdad.",1,benevolente,real,,,,,,,
"Con la Presidenta no te metas, pinche mierda.",0,neutro o no misogino,real,,,,,,,
"La que nace cerda, cerda se queda !",1,explicita,real,,,,,,,
Pensé que estaba en el teatro no en el senado que lastima que ay personas preparadas para hacer un buen debate y ponen a una pendeciera irrespetuosa y mentirosa pobrecita mujer desquiciada,1,benevolente,real,,,,,,,
"Faltan más personajes, pero solo una petición , por favor cuando vengan por Adan Augusto dejen que Lili Tellez le ponga las esposas en el foro del senado y ella lo entregue , gracias",0,neutro o no misogino,real,,,,,,,
Ahora sí a ladrar perra.. lo que no me explico es porque tú sigues impune seguro porque ya fuiste a mamarle a vrga a los estadounidenses verdad pvta @USER por eso... Pero mi otra pregunta porque en México no hacen nada contra esta quita maridos.... @USER @USER,1,explicita,real,,,,,,,
¡Y es solamente el comienzo! Se vienen muchas cosas interesantes en contra de la narco secta.,0,neutro o no misogino,real,,,,,,,
"Lilly Téllez celebra investigación en EU contra Rocha Moya La senadora Lilly Téllez afirmó que la imputación de cargos penales en Estados Unidos contra Rubén Rocha Moya representa “un gran día para México”. La legisladora señaló que, aunque lamenta que la justicia no haya",0,neutro o no misogino,real,,,,,,,
Ah pobrecito Rocha Moya! No mames! Lo de chihuahua no lo hace inocente pendejo,0,neutro o no misogino,real,,,,,,,
No sé va a querer ir Moya por las buenas y los pinches de la 4T les va a tocar defenderlo a capa y espada. Que gozadera será ver qué se les cae todo el imperio.,0,neutro o no misogino,real,,,,,,,
"| MENSAJE AL PRESIDENTE MILEI: La Senadora @USER pidió a @USER que no extradite al exmarino Fernando Farías a México, ya que su vida corre peligro por su testimonio, que vincula al círculo cercano de AMLO con el robo más grande en la historia mexicana. En su",0,neutro o no misogino,real,,,,,,,
"""NO ESTÁS SÓLO, NO ESTÁS SÓLO"", gritaban todos en la secta, jajajaja",0,neutro o no misogino,real,,,,,,,
"La senadora @USER celebró que al gobernador Rubén Rocha Moya se le imputen cargos penales en EUA. Señaló que es “un gran día para México”, aunque lamentó que el proceso no se haya iniciado en el país. También afirmó que tomó por sorpresa a la bancada oficialista en tribuna",0,neutro o no misogino,real,,,,,,,
Ya se agazapo??? Ya NO quiere dar la cara??? Los cobardes son los primeros en saltar de barco...,0,neutro o no misogino,real,,,,,,,
Lamento que no cumplan tus deseos. Ahora a mamarla.,1,explicita,real,,,,,,,
tan bueno que es el cerdito para compararlo con estos.,0,neutro o no misogino,real,,,,,,,
Qué joya. Sí les ardió lo que les dijo @USER,0,neutro o no misogino,real,,,,,,,
"Por el bien de su propia imagen, ya debería cancelar las mañaneras. Si esto solo es el comienzo, no va a poder meter ni las manos.",1,benevolente,real,,,,,,,
Se pueden hacer las dos cosas al mismo tiempo. Pero tú sigue justificando a tus narcogobernadores…,0,neutro o no misogino,real,,,,,,,
"Si a @USER @USER @USER y demás ratas se les está perdonando, De está ""Tepo"" no hay ninguna excusa, Si no se cumple sería complicidad.",0,neutro o no misogino,real,,,,,,,
"Así es, es un gran día para México Wow,… justicia divina, que felicidad y pronto como lo dije hace tiempo caerán uno por uno como fichas de domino los #NarcoMorenos y el líder del crimen organizado #NarcoKakas. Gracias Simón LEVY, Marco RUBIO y Donald TRUMP",0,neutro o no misogino,real,,,,,,,
@USER @USER citen a estos individuos @USER #GodBlessAmerica #ThanksDonaldTrump #NarcoGobiernoMorena @USER @USER @USER @USER @USER @USER @USER @USER @USER,0,neutro o no misogino,real,,,,,,,
"Me siento muy orgullosa de formar parte de la Cuarta Transformación y de contribuir a que el bienestar sea un derecho para el pueblo de México. Les comparto que hoy presenté mi renuncia a la presidenta @USER , con la intención de participar en la elección de la",0,neutro o no misogino,real,,,,,,,
"Gracias, @USER , por tu trabajo en favor de las mujeres desde la Secretaría de las @USER . Ahora continuarás impulsando la transformación del país desde otro espacio de lucha. Te deseo mucho éxito en esta nueva encomienda en Morena. #EsTiempoDeMujeres",0,neutro o no misogino,real,,,,,,,
"En #Durango nos reunimos con las y los #ServidoresDeLaNación para agradecer su trabajo, muchas veces silencioso, que hace posible que el bienestar llegue hasta el último rincón del país. Ustedes son la fuerza que sostiene la transformación, con compromiso y profundo amor por el",0,neutro o no misogino,real,,,,,,,
La llegada de Citlalli Hernández y Ariadna Montiel al partido es de una obviedad empalagosa. Que el 27 no rime con el 21 —año maldito categorizado como irrepetible— correrá por cuenta de ambas. Hoy en @USER,0,neutro o no misogino,real,,,,,,,
"Gracias por abrirnos las puertas de sus casas en cada censo. Por su confianza, su tiempo y por permitirnos escucharles de cerca. Gracias por cada conversación y por el cariño que nos llevamos en el corazón. Nos vamos con el orgullo de haber caminado junto al pueblo. Porque",0,neutro o no misogino,real,,,,,,,
"Servidoras y servidores de la Nación, les comparto este mensaje con mucho cariño. Fue #UnHonorServirALaNación con ustedes. #SomoServidoresDeLaNación #HumanismoMexicano #PrimeroLosPobres",0,neutro o no misogino,real,,,,,,,
Registro #PensionesBienestar Regístrate a la #PensiónMujeresBienestar y a la #PensiónAdultoMayor del 27 de abril al 3 de mayo. Te comparto el calendario de registro para que consultes los días en los que puedes acudir al #MóduloBienestar más cercano a tu domicilio.,0,neutro o no misogino,real,,,,,,,
"""Haber"", chairos. Ahora sí, hablemos de García Luna. Les recuerdo, chairos cínicos de doble moral, que a García Luna lo condenaron sin ninguna prueba y ustedes aplaudieron hasta con las nalgas. ¡Lo condenaron solo con testimonios y ustedes felices!¡Tantita madre, cabrones!",0,neutro o no misogino,real,,,,,,,
"Del PRI a Morena persisten el clientelismo político, el uso electoral de recursos públicos y la fusión entre partido y gobierno. Si Ariadna Montiel asume la dirigencia, Morena reforzará su capacidad de operación electoral. Lee a @USER",0,neutro o no misogino,real,,,,,,,
"En #Sinaloa nos reunimos con las y los #ServidoresDeLaNación para reconocer su compromiso y el trabajo que realizan todos los días en el territorio. Su labor demuestra que el bienestar se construye caminando y cerca de la gente. A nombre de nuestra presidenta @USER ,",0,neutro o no misogino,real,,,,,,,
"Los programas sociales son una mierda cuando vienen de ustedes! Solo por comprar a la gente que siga votando por ustedes con sus becas y todo el dinero que regalan! Están sumiendo a México en la miseria, pobreza e ignorancia!",0,neutro o no misogino,real,,,,,,,
"En Acaxochitlán, #Hidalgo, en el corazón de la Sierra de Tenango, junto a la presidenta @USER , nos encontramos con beneficiarios de los Programas para el Bienestar. Entre neblina, bordados y tradiciones vivas, los pueblos nahua, otomí y tepehua nos recuerdan que aquí, en",0,neutro o no misogino,real,,,,,,,
¡Gracias a usted por su trabajo!,0,neutro o no misogino,real,,,,,,,
Buena noticia relevante Mi Hermosa #PresidentA Dra.CSPGracias por siempre informarnos saludamos a todas y todos los coordspor su arduo trabajopor el #Bienestar Y damos bienvenida a una mujer honesta @USER como la nueva Sria.Del Programa queda en lugar de @USER .,0,neutro o no misogino,real,,,,,,,
"Cómo sacaron a esos 13 millones de la pobreza, ya tienen un trabajo formal, un salario? Dónde están esos 13 millones ?",0,neutro o no misogino,real,,,,,,,
"Me reuní con Ariadna Montiel ( @USER ), una mujer inteligente y de ideales firmes; fue un gusto recibirla. Le deseamos éxito en su postulación a la Presidencia Nacional de MORENA.",0,neutro o no misogino,real,,,,,,,
Ya Vienen Por Nosotros Monreal,0,neutro o no misogino,real,,,,,,,
"En #Oaxaca agradecí a las y los #ServidoresDeLaNación por estar siempre cerca de la gente, llevando bienestar y trabajando en equipo; cumpliremos todas nuestras metas. A nombre de nuestra presidenta @USER , reconocemos su esfuerzo incansable, que representa la resistencia",0,neutro o no misogino,real,,,,,,,
"#ÚLTIMAHORA La presidenta Claudia Sheinbaum anunció la salida de Ariadna Montiel de la Secretaría de Bienestar, luego de que expresara su interés por asumir nuevas responsabilidades. Leticia Ramírez Amaya tomará las riendas de la dependencia.",0,neutro o no misogino,real,,,,,,,
Se perfila Ariadna Montiel como dirigente de Morena. Sería entregar Morena a quien administró programas sociales: la política social convertida en maquina de votos Montiel llega tras mandato gris de Alcalde. No acarrea desgaste x escándalos de excesos …,0,neutro o no misogino,real,,,,,,,
"Que la llegada de Citlalli Hernández y el ascenso de Ariadna Montiel a la cúspide de Morena sean reacción, castigo o ruptura, no termina de convencerme. La lógica de intrigas a menudo ensombrece lo que pretende explicar. Hoy en @USER",0,neutro o no misogino,real,,,,,,,
"Estos son los clientes de Ariadna Montiel, la ya presidenta de Morena. Son habitantes del municipio El Higo, en Veracruz, y llevan meses sin que Ariadna Montiel los atendiera en la Secretaría del Bienestar, tras los daños de las inundaciones a principios de año. Si así si Ariadna",0,neutro o no misogino,real,,,,,,,
Ariadna Montiel Reyes @USER deja la Secretaría de Bienestar del Gobierno de México para participar en la elección de la Presidencia Nacional de Morena. En sus redes sociales dio a conocer la noticia a través del mensaje: “Me siento muy orgullosa de formar parte de la,0,neutro o no misogino,real,,,,,,,
"El Maestro Alfonso Cepeda Salas, Srio. Gral. del #SNTE y Senador de la República, reconoce la labor desempeñada por @USER al frente de @USER , donde contribuyó al fortalecimiento de la política social del país, y le desea éxito en los nuevos proyectos que emprenda.",0,neutro o no misogino,real,,,,,,,
"En Gabriel Zamora, región Múgica, realizamos la #FeriaDelBienestar como parte del #PlanMichoacánPorLaPazYLaJusticia, acercando los Programas de Bienestar directamente a las familias. @USER #HumanismoMexicano #PrimeroLosPobres",0,neutro o no misogino,real,,,,,,,
"gracias a usted @USER ,por estar 7 años y 6 meses al frente de @USER y estar apoyando a los sectores importantes y desprotegidos del pais. Con los programas sociales , en general, la calidad de vida , ha aumentado en gran medida los ingresos de la población , dando",0,neutro o no misogino,real,,,,,,,
"Es momento de recoger tu #TarjetaBienestar Si te registraste en febrero a la #PensiónMujeresBienestar o a la #PensiónAdultoMayor, ¡prepárate para recibirla del 20 al 25 de abril! Te enviaremos un SMS con el día, la hora y el lugar para acudir por ella. También puedes",0,neutro o no misogino,real,,,,,,,
#CorteInformativo 17:00 horas #CaribeMexicano fortalece alianzas y va por más conectividad en el Tianguis Turístico 2026 @USER va por la dirigencia de #Morena Trump endurece postura: amenaza con bloqueo prolongado a Irán @USER @USER,0,neutro o no misogino,real,,,,,,,
"Felicidades a @USER por su nombramiento como secretaria de @USER . Me voy segura de que el trabajo realizado en favor del pueblo de México queda en buenas manos y de que fortalecerá los Programas para el Bienestar, consolidando los derechos en todo el país. Le deseo",0,neutro o no misogino,real,,,,,,,
"En política no hay coincidencias, es necesario aceitar la máquina electoral para el 2027, no quieren un sustito como en las intermedias del 2021. Dejar la Secretaria Del Bienestar para ""dedicarse a la transformación"", es más que llamarle a dirigir el partido. Usar los padrones...",0,neutro o no misogino,real,,,,,,,
"ACAPULCO EN EL CORAZÓN En su mensaje de despedida, @USER recordó los momentos más difíciles… pero también los más humanos. Cuando el puerto de Acapulco más lo necesitó, hubo manos que no soltaron hubo apoyo, hubo presencia hubo pueblo.",0,neutro o no misogino,real,,,,,,,
Bien sabes que son unos corruptos y tu aprendiste de tu amante Adan Augusto por eso dicen que eras la dueña del laboratorio de metanfetaminas que confirmaron.Ya di la verdad no seas mamona,1,explicita,real,,,,,,,
"La presidenta Claudia Sheinbaum, la próxima presidenta de Morena, Ariadna Montiel y el todavía gobernador de Sinaloa, Rubén Rocha Moya…",0,neutro o no misogino,real,,,,,,,
"'Es una mujer comprometida con la gente', dijo el senador Félix Salgado Macedonio sobre Ariadna Montiel, quien dejó la Secretaría del Bienestar para competir por la dirigencia nacional de Morena. Además, aseguró que la unidad en el partido guinda es fundamental para rectificar",0,neutro o no misogino,real,,,,,,,
Más Fuerte que Nunca! #MORENA Se Fortalece @USER La Tigresa de #MORENA @USER @USER @USER @USER …,0,neutro o no misogino,real,,,,,,,
"La #PensiónMujeresBienestar es un logro que reconoce la entrega, el cuidado y la historia de millones de mujeres que han construido nuestro país, y hoy se traduce en bienestar. @USER #EsTiempoDeMujeres #PrimeroLosPobres",0,neutro o no misogino,real,,,,,,,
"Nuestra presidenta @USER fue reconocida por @USER como una de las 100 personas más influyentes de 2026. Su liderazgo, diplomacia y visión humanista, junto con sus resultados, la consolidan como una de las figuras más destacadas a nivel global. #HumanismoMexicano",0,neutro o no misogino,real,,,,,,,
"Adelante Ariadna, a poner orden pf, cuentas con mi apoyo",0,neutro o no misogino,real,,,,,,,
"Me dio mucho gusto saludar a Ariadna Montiel, @USER , una mujer íntegra, sensible y profundamente comprometida con el bienestar del pueblo de México. Mi cariño y reconocimiento por su labor. #DoloresDiputada",0,neutro o no misogino,real,,,,,,,
Todo el éxito del mundo para @USER y para Leticia Ramírez en su nueva encomienda frente a la Secretaria del @USER .,0,neutro o no misogino,real,,,,,,,
"Hoy celebramos el #DíaInternacionalDelBeso Un gesto que expresa amor, cariño y cercanía. En cada beso vive la forma más pura de conectar con quienes más queremos. Que nunca nos falten los motivos para demostrar afecto. @USER #HumanismoMexicano #PrimeroLosPobres",0,neutro o no misogino,real,,,,,,,
"NI UN PASO ATRÁS. Es tiempo de recuperar el rumbo de los principios y valores q infundo AMLO. Se necesita compromiso y liderazgo al frente de MORENA para tomar acciones con independencia y pensamiento propio,cualidades q has demostrado tener.",0,neutro o no misogino,real,,,,,,,
#ÚLTIMAHORA La presidenta Claudia Sheinbaum confirma la renuncia de Ariadna Montiel como secretaria de Bienestar federal. Más en,0,neutro o no misogino,real,,,,,,,
"LA LAVADORA DE DINERO del @USER , Ariadna Montiel @USER tiene una denuncia por PECULADO desde el 2023 por desviar recursos del pueblo mexicano a las campañas electorales de @USER y a la Presidencial de @USER",0,neutro o no misogino,real,,,,,,,
"En la tierra del General Lázaro Cárdenas, #Michoacán, agradecí a las y los #ServidoresDeLaNación por su entrega y trabajo en territorio. A nombre de nuestra presidenta @USER , reconocemos su labor para hacer del bienestar una realidad para el pueblo. Su compromiso,",0,neutro o no misogino,real,,,,,,,
"¡Sonaron las golondrinas! Ariadna Montiel acaba de renunciar a la Secretaría del Bienestar, pero no es el único elemento que ha dejado el Gabinete de Sheinbaum; te contamos sobre todos los cambios que ha habido en su gestión",0,neutro o no misogino,real,,,,,,,
"Ariadna Montiel deja la Secretaría del Bienestar; Leticia Ramírez la reemplaza Esta noticia se da en medio de los trascendidos de que Montiel encabezará la dirigencia nacional de Morena, luego de que Luisa María Alcalde dejó el puesto y fue invitada por la mandataria para ser la",0,neutro o no misogino,real,,,,,,,
"Documentos, registro Credencial del Servicio Universal de Salud. Si tienes 85 años o más, acude al #MóduloBienestar con tu documentación Consulta en: @USER #HumanismoMexicano #PrimeroLosPobres",0,neutro o no misogino,real,,,,,,,
Por favor a defender el movimiento y a la Presidenta @USER Las bases estamos molestos por las tibiezas de @USER y Andrés Manuel López Beltrán. Borrados de la esfera política y reaccionando tardíamente ante ataques de la derecha. Errores menores pero molestan.,0,neutro o no misogino,real,,,,,,,
"En #Tabasco, en la tierra que vio nacer a @USER , nos reunimos con las y los #ServidoresDeLaNación para refrendar el reconocimiento de nuestra presidenta @USER a su trabajo y convicción por el bienestar del pueblo de México. Gracias a su labor, hemos cambiado la",0,neutro o no misogino,real,,,,,,,
"Así lo expresó nuestra presidenta @USER en la IV Cumbre en Defensa de la Democracia, reafirmando una visión donde la libertad cobra sentido cuando se garantiza el bienestar, la justicia y la dignidad de los pueblos. #ClaudiaLíderGlobal #HumanismoMexicano",0,neutro o no misogino,real,,,,,,,
"@USER Senador del Estado de Sinaloa del partido morena, acusados de narcotrafico por la Corte de Manhattan, junto con 9 funcionarios más de su Estado. A rendir cuentas a NewYork narcosenador. Y si dice que es un ataque a la 4T es por que todos son morenarcos.",0,neutro o no misogino,real,,,,,,,
Se les acabo la fiesta culeros...!!! #MorenaCuevaDeDelincuentes .,0,neutro o no misogino,real,,,,,,,
"Hoy en la portada de La Jornada: - Sheinbaum: no basta con renuncia; Senado: el caso CIA, traición a la patria - Escala pugna entre sindicatos en la México-Puebla - Gobierno de Campeche, quebrado; no hay ni para pagar la luz, denuncia Sansores - Ariadna Montiel sale de la",0,neutro o no misogino,real,,,,,,,
6 AÑOS DE TRABAJO DE NUESTRO PRESIDENTE LÓPEZ OBRADOR PARA CONSTRUIR LA INFRAESTRUCTURA DE APOYOS SOCIALES QUE HA SACADO ADELANTE A MILLONES DE MEXICANOS Y LA NARCO-SATÁNICA ZIONISTA $HEINBAUM LO ARRUINARÁ EN UNAS SEMANAS PONIENDO A UNO DE SUS INEPTOS CORRUPTOS AL FRENTE,1,explicita,real,,,,,,,
"Mi reconocimiento y agradecimiento ante tu labor titanica , el Pueblo de México te lo reconoce, suerte en la asamblea!!",0,neutro o no misogino,real,,,,,,,
"Con deuda financia los programas sociales @USER , no los está sacando de la pobreza, está hipotecando el futuro de varias generaciones. No seas hipócrita @USER",0,neutro o no misogino,real,,,,,,,
"Claro que son el corazón de su movimiento, compran voluntades con el dinero de los contribuyentes, son programas clientelares y pues qué bueno que lo reconozcan pinches delincuentes de mierda",0,neutro o no misogino,real,,,,,,,
"Su secta está acabada, se fue la inútil y llega la corrupta.",1,explicita,real,,,,,,,
| Ariadna Montiel Deja Bienestar: así reaccionan políticos Actores políticos destacaron el trabajo de Ariadna Montiel tras su renuncia como Secretaría de Bienestar. También expresaron su apoyo a Leticia Ramírez como la nueva titular. La salida de Montiel ocurre en medio de,0,neutro o no misogino,real,,,,,,,
"La atención médica hoy toca la puerta de millones de hogares. #SaludCasaPorCasa acerca la salud, cuida y da seguimiento médico. La prevención también transforma vidas. @USER #HumanismoMexicano #PrimeroLosPobres",0,neutro o no misogino,real,,,,,,,
"En la #MañaneraDelPueblo, junto a la presidenta @USER , informamos que en abril inicia el registro para la Credencial del Servicio Universal de Salud. Del 13 al 30 de abril se registrará a las personas de 85 años o más, y se realizará conforme a la letra del primer",0,neutro o no misogino,real,,,,,,,
"Hace 23 años cubrí el PRD DF para el diario @USER En esa fuente conocí a Ariadna Montiel, una extraordinaria operadora electoral y distinguida integrante de la corriente política de Bejarano y Dolores Padierna. Aquí las únicas suposiciones son las suyas. Ahora tenga el valor",0,neutro o no misogino,real,,,,,,,
"En #Hidalgo, tierra de comunidad y raíces profundas, acompañamos a nuestra presidenta @USER para reunirnos con las y los beneficiarios de los Programas para el Bienestar. Aquí, donde nacen los valores de la parcela, de las asambleas y del trabajo colectivo, se fortalece",0,neutro o no misogino,real,,,,,,,
"Supongo que Ariadna Montiel aportará todos sus ""conocimientos femeninos"" al Movimiento. #SátiraSurrealista de @USER #Latinus #InformaciónParaTi",1,explicita,real,,,,,,,
A ver qué responde @USER,0,neutro o no misogino,real,,,,,,,
"Buen día, #FelizMiércoles Desde #Uruapan, #Michoacán #HechaEnMéxico #HechaEnUruapan #Paz . . . #YadiraRamírezMora #PorAmorAUruapan @USER / @USER #RecuperemosMichoacán #UnidadpoRMichoacán #UnidadYOrganización #FuerzaMujeresMichoacán",0,neutro o no misogino,real,,,,,,,
"Enhorabuena Ariadna! me da mucha confianza y tranquilidad que lleves las riendas de la 4T y se continúe con la transformación. No más gente desagradable en el movimiento sino personas con principios, ética e inteligencia.",0,neutro o no misogino,real,,,,,,,
#ÚLTIMAHORA | Ariadna Montiel deja la Secretaría de Bienestar,0,neutro o no misogino,real,,,,,,,
De estar al frente de la Secretaría del Bienestar a buscar la dirigencia nacional de Morena; esta es la trayectoria política de Ariadna Montiel:,0,neutro o no misogino,real,,,,,,,
"Dios se apiade de Doña Leti porque dejaste la vara muy alta. Como fundadora del movimiento sabes que hay que volver a las bases, no más improvisaciones, no más acuerdos con impresentables.",0,neutro o no misogino,real,,,,,,,
"Reconozco la gran labor de @USER al frente de la secretaría de Bienestar y le deseo mucho éxito en esta nueva etapa. A @USER le reitero mi reconocimiento y cariño, así como todo el apoyo desde Sonora para cumplir con esta importante responsabilidad.",0,neutro o no misogino,real,,,,,,,
"Éxito en lo que viene, querida Adriana!",0,neutro o no misogino,real,,,,,,,
Te comparto información sobre la entrega de tu #TarjetaBienestar Consulta los detalles aquí. @USER #HumanismoMexicano #PrimeroLosPobres,0,neutro o no misogino,real,,,,,,,
Legisladores morenistas respaldan a Ariadna Montiel para dirigencia nacional del partido,0,neutro o no misogino,real,,,,,,,
MUY BIENVENIDA,0,neutro o no misogino,real,,,,,,,
"La nueva titular de @USER será Leticia Ramírez Amaya, así lo anunció la presidenta #Sheinbaum tras la salida de Ariadna Montiel. Hoy en #PulsoNoticias conversamos con @USER acerca de los cambios en el gabinete y al interior de #Morena. e-.mx/Noticiarios-pu …",0,neutro o no misogino,real,,,,,,,
"#ÚltimaHora | Ariadna Montiel Reyes (@USER) ya suena fuerte para relevar a @USER y más de uno debería empezar a preocuparse. No es una improvisada ni una vocera de paso. Es una operadora con estructura, memoria política y capacidad real de control. Y en",0,neutro o no misogino,real,,,,,,,
"#Política || La secretaria del Bienestar, Ariadna Montiel, renunció al cargo para contender por la presidencia nacional de Morena. Será sustituida por Leticia Ramírez Amaya, ex secretaria de Educación Pública. El anuncio fue confirmado por la presidenta Claudia Sheinbaum. Lee",0,neutro o no misogino,real,,,,,,,
Ya viene tu tío y padrote don richie al rescate,1,explicita,real,,,,,,,
2 ENORMES PROBLEMAS #1- LA NARCO-SATÁNICA ZIONISTA $HEINBAUM SOLO UTILIZARÁ A ARIADNA MONTIEL DEBIDO A QUE LA GENTE LA UBICA BIEN COMO ORGANIZADORA DE LOS APOYOS SOCIALES #2- $HEINBAUM PONDRÁ A UNO DE SUS CORRUPTOS A MANEJAR LAS BECAS Y PROVOCARÁ UN DESASTRE Y SAQUEO,1,explicita,real,,,,,,,
"Ariadna Montiel hizo un trabajo muy chingón en la Secretaría de Bienestar, no por nada fue de las funcionarias transexenales de la 4T. Como dirigente del @USER y se le ve mas dura y determinada para hacer lo que hay que hacer. No andar de queda bien con nadie.",0,neutro o no misogino,real,,,,,,,
"ARIADNA A TI, POR TU APOYO PARA LA OBTENCIÓN DE MI APOYO ECONÓMICO POR DISCAPACIDAD FUE UN ANDAR DE DOS AÑOS DOS VECES TE ESCRIBÍ EN INVOS Y SI HUBO RESPUESTA FUERTE ABARZO",0,neutro o no misogino,real,,,,,,,
Hermosas #FelizMiércoles #TenemosLaMejorOresidentAdelMundo #OrgulloDeSerMexicano,0,neutro o no misogino,real,,,,,,,
Está inepta no es la del meme qe se queda pensando jajajaja Pinches MoreNarcos son una mmda,1,explicita,real,,,,,,,
"Muy estimada @USER : nos da mucho gusto que te perfiles para nueva presidenta del partido y te saludaremos el domingo, pero espero que sean rumores lo de que respaldas al criminal @USER",0,neutro o no misogino,real,,,,,,,
"¡Muchas felicidades, @USER ! De titular de @USER a gerenta con ""A"" de @USER . ¿#HumanismoMexicano, #PrimeroLosPobres? 1.64 pesotes de aumentazo por día para discapacitados. #PensiónIgualitariaParaDiscapacitados menores de 65 años. @USER @USER",0,neutro o no misogino,real,,,,,,,
"Así la presidenta Claudia Sheinbaum anunció este martes la salida de Ariadna Montiel de la Secretaría de Bienestar Social, luego de que esta expresara su interés en asumir nuevas responsabilidades dentro del partido. En un mensaje en redes sociales, la mandataria anunció que",0,neutro o no misogino,real,,,,,,,
"Abrazo a mis estimadas @USER y @USER . Leti y Ariadna son mujeres íntegras, dirigentes ejemplares en todas las tareas y todos los terrenos de la transformación. Mucho éxito en lo que viene! @USER",0,neutro o no misogino,real,,,,,,,
#México Claudia Sheinbaum anunció la salida de Ariadna Montiel de la Secretaría de Bienestar. Leticia Ramírez Amaya asumirá el cargo tras expresar Montiel su deseo de nuevas responsabilidades. #Periodistas,0,neutro o no misogino,real,,,,,,,
Hoy reconozco con admiración la entrega y el trabajo profesional y responsable que realizó la Sria @USER al frente de una de las secretarías que son columna vertebral del gobierno que encabeza nuestra Presidenta @USER . Le deseo mucho éxito de su próxima encomienda.,0,neutro o no misogino,real,,,,,,,
"Se va Ariadna Montiel… pero el problema no se va, se agrava. Llega Leticia Ramírez, cuya gestión en Educación fue sin rumbo, sin resultados y marcada por improvisación. Ahora al frente de la secretaría del Bienestar será la tapadera del uso electorero de los programas sociales!",0,neutro o no misogino,real,,,,,,,
Ariadna Montiel sale de la Secretaría de Bienestar para ir por la dirigencia de @USER y en su lugar entra Leticia Ramírez. Información confirmada ayer por la presidenta @USER . ¡Es tiempo de mujeres! mientras que en el PRI sólo es tiempo de @USER y,0,neutro o no misogino,real,,,,,,,
"Estimada Ariadna, feliciades por su nueva conquista. Esperamos y haya dejado en buenas manos la continuidad del mismo equipo de servidoras y servidores de la nación, que no sufran bajas injustificadas ni movimientos abrupto dada su renuncia. Ccp @USER",0,neutro o no misogino,real,,,,,,,
"Reconocemos profundamente el trabajo y la entrega de @USER al frente de la política social de nuestro país. Desde el gobierno de @USER hasta la actual gestión de la Dra. @USER , su labor ha sido fundamental para consolidar el modelo de bienestar que hoy es",0,neutro o no misogino,real,,,,,,,
Que sea para bien Solo que no apoyó a mi esposa con el problema de el apoyo para mujeres de 60 a 64 años. Ella no puede recibir ningún apoyo porque la registraron indebidamente en el programa para discapacidad.nadie ayuda para resolver eso.,0,neutro o no misogino,real,,,,,,,
"Excelente, nada más que ya no permitan a gente chapulín, que solo llega a morena por ambiciones personales, como las aspirantes en Guerrero a la gubernatura, que en décadas, nunca se les vio en el movimiento.",0,neutro o no misogino,real,,,,,,,
Morenistas nombrarán a Ariadna Montiel como congresista y consejera nacional para que asuma la presidencia de Morena el próximo domingo. El partido aplicará el método de excepción para cumplir el requisito de integrar la dirigencia sin haber competido por el cargo en las urnas.,0,neutro o no misogino,real,,,,,,,
México en el lugar 77 en el Índice de Desarrollo Humano del PNUD (Banco Mundial). Pero ya te vas a hacer mal uso de los padrones de beneficiarios para ser gobernadora y seguirle con el humani$$$mo.,0,neutro o no misogino,real,,,,,,,
Era entonces un embrión corrupto,1,explicita,real,,,,,,,
Gracias a ti siempre @USER,0,neutro o no misogino,real,,,,,,,
"""LA SRA DE LAS LIGAS"" reloaded",1,explicita,real,,,,,,,
"Pues ahora sí que quién sabe , el gobierno de Sheinbaum está desgastado , su presunta popularidad está en entredicho , más ahora con su protección hacia Rocha Moya",0,neutro o no misogino,real,,,,,,,
"GraciasMil ! Por Mucho Apoyo a la Población Mexicana! Con todos los Programas,de,Bienestar ! @USER Secretaría de Bienestar. Buena Estrella! Para su Nuevo Cargo de Presidenta de #MORENA",0,neutro o no misogino,real,,,,,,,
Felicitaciones a Ariadna Montiel por su nuevo cargo. Deja la secretaria del bienestar donde si supo hacer su excelente trabajo .,0,neutro o no misogino,real,,,,,,,
Ariadna Montiel deja la Secretaría del Bienestar para buscar la dirigencia de #Morena Leticia Ramírez Amaya queda al frente de la Secretaría de Bienestar,0,neutro o no misogino,real,,,,,,,
#COLUMNA | Inminente llegada de Ariadna Montiel a Morena .mx/nota/inminente …,0,neutro o no misogino,real,,,,,,,
#Nacional Montiel a Morena; Leticia Ramírez a Bienestar La Presidenta @USER reconoció la trayectoria de @USER y la calificó como una compañera cercana al proyecto de transformación. Más: …,0,neutro o no misogino,real,,,,,,,
"Diputados de su propio partido pidieron su destitución en 2025. Un año después, Ariadna Montiel deja Bienestar… pero no sale del poder, pasando a Morena en un momento clave. ¿Relevo administrativo o movimiento político estratégico para las elecciones de 2027?",0,neutro o no misogino,real,,,,,,,
El siguiente en caer será @USER y @USER y todavía dicen que no son #Narcos aquí comienza la caída del #NarcoPartido de @USER,0,neutro o no misogino,real,,,,,,,
"Gracias @USER por ser ejemplo de organización y sensibilidad. Valoramos tu calidez, empatía y esa mano extendida en momentos clave. Te vas con la frente en alto y el deber cumplido. ¡Todo el éxito en lo que viene para la dirigencia nacional!",0,neutro o no misogino,real,,,,,,,
"¡El relevo en Bienestar no es cambio, es estrategia! Hija mía, ve cumple mi propósito con los programas sociales para ganar elecciones: @USER Con la nueva designación de Ariadna Montiel, queda claro que la prioridad no es el apoyo, sino la estructura. El mensaje desde",0,neutro o no misogino,real,,,,,,,
Muchas gracias @USER por el trabajo realizado al frente de la @USER . Estoy segura que seguirás contribuyendo de manera valiosa en la consolidación de nuestro movimiento. Reconozco en ti a una mujer con convicciones y compromiso con el pueblo de México.,0,neutro o no misogino,real,,,,,,,
"#Entérate I La Delegada de Programas para el Bienestar en #Tabasco, Lorena Méndez Denis, reconoció el trabajo realizado por Ariadna Montiel al frente de la Secretaría del Bienestar, luego de que se diera a conocer su salida de la dependencia.",0,neutro o no misogino,real,,,,,,,
"Sin novedad: Ariadna Montiel a presidencia del CEN de Morena, Sheinbaum sobrelleva realidades políticas que no le permiten imponer su indubitable sello en los cambios y; Campos, sin retiro de fuero y consignación penal a gobernadora. Por @USER",0,neutro o no misogino,real,,,,,,,
Orgullosa de contribuir a la destrucción de la nación y usar sus privilegios como sria. del bienestar a favor de su narcopartido. Basura,0,neutro o no misogino,real,,,,,,,
#EnVivo #ElCafeDelMediodia Ariadna Montiel va por la dirigencia de Morena Anticipa Armenta nuevos cambios de gabinete Ayuntamiento de Puebla rehabilitará mil 379 calles con el préstamo de 440 mdp. Entrevista con Rosi Shakruka de #Ostara @USER @USER,0,neutro o no misogino,real,,,,,,,
"Cuando viene de una prostituta, lo que se dice no tiene valor alguno Amante de narcos y vendedora de caricias al mejor postor Cómo llego esto al poder? Poniendo uñas en la espalda Gasten lo que gasten, México sabe que morena es un cáncer que hay que extirpar Por México.",1,explicita,real,,,,,,,
#ÚltimaHora | La presidenta @USER anuncia la salida de @USER de la Secretaría de @USER . En su lugar llegará @USER al frente de la dependencia. #OnceNoticias,0,neutro o no misogino,real,,,,,,,
"La presidenta Claudia Sheinbaum confirmó la salida de Ariadna Montiel de la Secretaría de Bienestar. En su lugar, Leticia Ramírez asumirá el cargo tras desempeñarse como coordinadora general de Asuntos Intergubernamentales y Participación Social. Entérate de esto y más en",0,neutro o no misogino,real,,,,,,,
"@USER , quien dejó su cargo el martes, felicitó a Leticia Ramírez Amaya por asumir la titularidad de la dependencia, asegurando que “México queda en buenas manos”. A través de redes sociales, destacó que se va con la certeza de que se dará continuidad al trabajo en",0,neutro o no misogino,real,,,,,,,
Ha trascendido que Oscar del Cueto será el Secretario de Finanzas que llegue con Ariadna Montiel a dirigencia de Morena,0,neutro o no misogino,real,,,,,,,
Se confirmaron cambios en el gabinete Ariadna Montiel deja la Secretaría del Bienestar ( @USER ) y Leticia Ramírez asume el cargo para dar continuidad a la política social del gobierno. El relevo marca una nueva etapa en la dependencia encargada de programas,0,neutro o no misogino,real,,,,,,,
"Y obviamente en orden de relevancia agradeció primero a Amlo y luego a Claudia. Pésimo trabajo con la secretaria de bienestar, EXISTE CERO TRANSPARENCIA Todo el daño que han hecho, se reflejará en su salud",0,neutro o no misogino,real,,,,,,,
"ARIADNA MONTIEL ES LA REINA DE LA CORRUPCIÓN DEL PUEBLO. Posee a los cuervos de la nación y las rutas de apoyos sociales para inducir y amenazar APOYO x TU VOTO y con la ayuda deLetiramirez van a acosar a los votantes. AMLO detrás de todo, ellas son sus títeres",1,explicita,real,,,,,,,
Muchos éxitos en tu nuevo encargo y cargo..,0,neutro o no misogino,real,,,,,,,
"Los programas sociales en México tienen raíces desde los años 40 (IMSS en 1943, sexenio de Ávila Camacho). Los focalizados de transferencias condicionadas, como **Progresa**, empezaron en agosto de 1997 durante el sexenio de **Ernesto Zedillo** (PRI). Después se renombraron",0,neutro o no misogino,real,,,,,,,
"La presidenta Claudia Sheinbaum formalizó ayer –mediante un video grabado en Palacio Nacional– el anuncio de la renuncia de la secretaria de Bienestar, Ariadna Montiel, para ir a cumplir otras encomiendas dentro del movimiento. Al mismo tiempo, la mandataria dio a conocer que",0,neutro o no misogino,real,,,,,,,
"La compañera @USER realizó un extraordinario trabajo al frente de la Secretaría de @USER , primero junto al licenciado @USER y ahora con la Presidenta @USER , en el Segundo Piso de la Cuarta Transformación. Tengo la certeza de que seguirá poniendo",0,neutro o no misogino,real,,,,,,,
Hay que eliminar a narconorena solo así México y los mexicanos saldremos de toda la corrupción de unos cuantos que si tienen bienestar como lo hizo el pejestorio con su family amigos,1,explicita,real,,,,,,,
"Usted se va, qué hacemos con ésto. 1.64 pesos de aumentazo para discapacitados 54.66 gramos de ""Frijol del Bienestar"". @USER @USER @USER @USER @USER #PensiónIgualitariaParaDiscapacitados menores de 65 años ¿$3,300.00 MXN, #PrimeroLosPobres?",0,neutro o no misogino,real,,,,,,,
"Si tiene tanta popularidad, por qué la calentura de la revocación de mandato en 2027? Por qué Echaron a la inútil de @USER de @USER ?? Y luego lo Reforzaron con una peso pesado @USER y con @USER ?? Descobijando a @USER Y @USER !!!",1,explicita,real,,,,,,,
"Ariadna Montiel deja la Secretaría de Bienestar, pues buscará la dirigencia nacional de Morena. La Presidenta Claudia Sheinbaum designó a Leticia Ramírez para tomar la Secretaría. #PorLaMañana con Manuel Feregrino ( @USER ).",0,neutro o no misogino,real,,,,,,,
"Los mexicanos deberán de salir en masivo a dar un voto informado, buscar un país justo y luchar contra los corruptos y acceder a la justicia. Morena la mayor fuente de problemas y división en México, con una gobernanza llena de fracasos.",0,neutro o no misogino,real,,,,,,,
#EnVivo #ElCafeDelMediodia Ariadna Montiel va por la dirigencia de Morena Anticipa Armenta nuevos cambios de gabinete Ayuntamiento de Puebla rehabilitará mil 379 calles con el préstamo de 440 mdp. Entrevista con Rosi Shakruka de #Ostara #AmbasManosSpaces #Spaces,0,neutro o no misogino,real,,,,,,,
"Ariadna Montiel deja el gabinete de Sheinbaum y se perfila para encabezar la dirigencia de Morena goo.su/h9Yfi Con la salida de @USER , el nombre de Ariadna Montiel Reyes ( @USER ) ha comenzado a posicionarse en la sucesión de Morena. Su perfil",0,neutro o no misogino,real,,,,,,,
"¡Confirmado! Sale Ariadna Montiel, entra Leticia Ramírez a Bienestar y Luisa María Alcalde se mueve a la Consejería de la Presidencia.",0,neutro o no misogino,real,,,,,,,
Oiga narco política a qué hora sacan su comunicado en apoyo al Narco Gobernador: Rocha no estás solo,1,explicita,real,,,,,,,
#OBSONInforma Claudia Sheinbaum informó a través de sus redes sociales que la secretaria del Bienestar Ariadna Montiel Reyes dejaría su puesto y sería sustituida por Leticia Ramírez Amaya Más información …,0,neutro o no misogino,real,,,,,,,
"Suscribo y exijo acción contundente ante la FLAGRANTE TRAICIÓN A LA PATRIA, después de esto q sigue una invasión por la tibieza de nuestros gobernantes @USER @USER @USER @USER @USER Atte. México Soberano",1,explicita,real,,,,,,,
Gracias a Ti Secretaria @USER por servir con honor honestidad y amor al #Pueblo EresPionera de esté proyecto #4T con visión a lado de los mejores del mundo #PresidenteAmlo y ahora con nuestra #PresidentA CSPFué placer conocerte y espero no te vayas completamente4Ta,0,neutro o no misogino,real,,,,,,,
"#ULTIMAHORA | La Presidenta @USER anunció que @USER deja la Secretaría de Bienestar; buscará dirigir @USER a nivel nacional. En su lugar se queda Leticia Ramírez, exsecretaria de Educación del ex Presidente Andrés Manuel López Obrador. NOTA",0,neutro o no misogino,real,,,,,,,
"ANDREA CHÁVEZ, LA GRAN PERDEDORA Si @USER llega a Morena, Andrea Chávez sufrirá en sus aspiraciones de gobernar Chihuahua. Es de conocimiento público que Ariadna es la principal detractora de @USER en el gabinete de la presidenta. Es muy cercana a Cruz P.",0,neutro o no misogino,real,,,,,,,
"Renuncia Ariadna Montiel a la Secretaría del Bienestar de México La presidenta de México, Claudia Sheinbaum, anunció que será Leticia Ramírez quien asuma la titularidad de la dependencia. “Ariadna [Montiel] me ha dicho que deja la Secretaría del Bienestar porque quiere",0,neutro o no misogino,real,,,,,,,
Que pena q se vaya!! Agradezco xq siempre me respondió o su equipo!! Siempre me resolvieron mis dudas gracias!!! Espero q la Sra @USER sea responsable en su cargo.,0,neutro o no misogino,real,,,,,,,
"Le deseo el mayor de los éxitos a la Secretaria @USER , quien hoy cierra una gran etapa para seguir abonando a la transformación desde otras trincheras. Ha sido un gusto trabajar juntos por el bienestar del pueblo capitalino. Todo mi reconocimiento y buenos deseos.",0,neutro o no misogino,real,,,,,,,
"La corrupta de Ariadna Montiel se perfila para reemplazar a la inservible de Luisa Alcalde en Morena. ¿Y de dónde viene? De ser Secretaria de Bienestar. Es decir, la encargada de repartir los programas sociales del gobierno. Y seamos claros: ¿quién mejor que ella sabe cómo",1,explicita,real,,,,,,,
"Unidad y respaldo Total, enhorabuena en tus nuevas encomiendas, lic Ariadna",0,neutro o no misogino,real,,,,,,,
"El extraordinario trabajo de mi querida @USER en la Secretaría de Bienestar es prueba de su profundo amor al pueblo. Hoy la Transformación la llama a una nueva trinchera, pero su compromiso sigue intacto. ¡Gracias por tu entrega y mucho éxito en esta nueva tarea!",0,neutro o no misogino,real,,,,,,,
Muchas felicidades en tu nuevo encargo mi querida @USER . Enhorabuena,0,neutro o no misogino,real,,,,,,,
"OJO | ARIADNA MONTIEL COMPITE POR MORENA TRAS CONSOLIDAR PROGRAMAS DE BIENESTAR Ariadna Montiel Reyes ( @USER ), al frente de la Secretaría del Bienestar ( @USER ), contribuyó para que 13.4 millones de personas salieran de la pobreza, 32 millones de personas",0,neutro o no misogino,real,,,,,,,
"Gracias por esa gran labor ,mucho éxito.",0,neutro o no misogino,real,,,,,,,
#CierraTuDía con @USER - Confirman salida de Ariadna Montiel; Leticia Ramírez tomará el cargo - Asesinan a familia de 4 en CDMX; hay dos menores entre víctimas - PRI acusa a Morena de “golpeteo político” contra Maru Campos rumbo a 2027,0,neutro o no misogino,real,,,,,,,
"Tras cambios en la Secretaría de Bienestar, sigue el reacomodo en el oficialismo Ariadna Montiel Reyes expresó su felicitación a Leticia Ramírez Amaya tras asumir el cargo, ¿cuál será el siguiente paso? #México #Política #Gobierno #Actualidad",0,neutro o no misogino,real,,,,,,,
"NO M4MES, la 9endeja @USER no sabe ni sumar, tu como quiera @USER , sabías lo que hacias y lo dijo Carlos Urzua antes de ser asesinado por los M0RENARC0S, le financiabas al KKs la vida con 600 mil beneficiarios FANTASMA!",1,explicita,real,,,,,,,
… De Fernando Ruiz del Castillo @USER @USER @USER @USER @USER @USER @USER @USER @USER @USER @USER @USER @USER @USER @USER @USER @USER,0,neutro o no misogino,real,,,,,,,
Justo lo que necesita @USER,0,neutro o no misogino,real,,,,,,,
CONFIRMA @USER la renuncia de Ariadna Montiel a la Secretaría de Bienestar y designa a Leticia Ramírez como nueva titular.,0,neutro o no misogino,real,,,,,,,
"Le deseo el mayor de los éxitos a @USER , quien hoy cierra una gran etapa al frente de la Secretaría de Bienestar ( @USER ). Su trabajo deja huella en millones de familias mexicanas. Ahora con ese compromiso y convicción continuará aportando al proyecto de la Cuarta",0,neutro o no misogino,real,,,,,,,
Querida @USER te reconozco una particular mística y entrega al movimiento MORENA que estoy segura serán decisivos en tu nueva responsabilidad. Enhorabuena!,0,neutro o no misogino,real,,,,,,,
"@USER , muchas gracias por el trabajo realizado al frente de la Secretaría de Bienestar. Estoy segura que seguirás contribuyendo de manera valiosa en la consolidación de nuestro movimiento. Reconozco en ti a una mujer con convicciones y compromiso con el pueblo de México.",0,neutro o no misogino,real,,,,,,,
Y despues de Rocha Sigue tu sugar daddy jajajajajajajajaja y cuando caiga la barredora tu te vas con ellos,1,explicita,real,,,,,,,
"Simplemente GRACIAS por llevar los programas de Bienestar a cada rincón de #Michoacán, @USER",0,neutro o no misogino,real,,,,,,,
Eres más feo y mucho más pendejo que Peña Nieto para tomarle prestada la mayor de sus frases célebres.,0,neutro o no misogino,real,,,,,,,
Muchas felicidades querida @USER por tu gran desempeño como titular de @USER . Estoy convencida que seguirás trabajando con el mismo compromiso y dedicación por la Cuarta Transformación.,0,neutro o no misogino,real,,,,,,,
"Sí, ya es oficial.",0,neutro o no misogino,real,,,,,,,
AMLO confio en usted. Confiamos ahora en usted. Ojalá logre limpiar MORENA de tanto candado traidor.,0,neutro o no misogino,real,,,,,,,
"Ariadna Montiel renunció como Secretaria del Bienestar. En su lugar entra Leticia Ramírez, ex Secretaria de Educación con AMLO. Ariadna Montiel apunta para ser la nueva Presidenta de Morena.",0,neutro o no misogino,real,,,,,,,
"Pinche PRIA...digo, Morena lleno de r4Tas… y viejas que no saben gobernar",1,explicita,real,,,,,,,
#Portadas #PrimerasPlanas - Investiga FGR a Samuel García - Ariadna Montiel con un pie en Morena - Matan a familia por no pagar piso - Cinco Chivas al Tri Hay #monos en precampaña TT: Diesel Plan México vecina Leticia Ramírez #TromposyPirinolas #FelizMiércoles,0,neutro o no misogino,real,,,,,,,
#ULTIMAHORA La presidenta Claudia Sheinbaum anuncia la salida de @USER de @USER para buscar la dirigencia del @USER que dejará @USER . Leticia Ramírez la sustituirá en el cargo. #AriadnaMontiel,0,neutro o no misogino,real,,,,,,,
Anuncia la presidenta @USER el relevo en @USER : la actual secretaria @USER deja el cargo para irse a otras tareas y la releva @USER . Subraya que los programas sociales son derechos ganados.,0,neutro o no misogino,real,,,,,,,
Lamentable que no tome conciencia propia sobre lo que es la T de cuarta,0,neutro o no misogino,real,,,,,,,
Narco políticos declarados por estados unidos Rocha de Sinaloa bajo la lupa de estados unidos jajaja narco gobierno,0,neutro o no misogino,real,,,,,,,
"Es para mí un honor, que agradezco profundamente al presidente Javier Gaxiola y a la Junta de Gobierno, hablar en nombre de mis compañeras y compañeros al integrarme a esta @USER en calidad de supernumeraria.",0,neutro o no misogino,real,,,,,,,
Desde cuando ya traía cola !,0,neutro o no misogino,real,,,,,,,
"@USER seguro y es falso , ponen a @USER como gobernador de -#Puebla y el ya no lo es ojo con lo que se publica o si es o hasta pend3j0s son",0,neutro o no misogino,real,,,,,,,
Si viste la fecha en el documento?,0,neutro o no misogino,real,,,,,,,
"El Plan General de Desarrollo de la Ciudad de México desprende soberbia y un claro desplante de poder; además, se advierte que regirá durante los próximos 20 años, es decir, hasta 2045, según lo pretende el gobierno de Morena. En sus más de 500 páginas contiene diversos",0,neutro o no misogino,real,,,,,,,
"28 seguidores? jajajajajajaja, mandaron a la perrada de trollcetes de quinta a ladrar estupideces y sin prueba alguna, siganle, el 2027 ya está cerca y se van a ir muchos de uds, junto con el PAN y el PRI.",1,explicita,real,,,,,,,
Por eso lo pusieron de gober,0,neutro o no misogino,real,,,,,,,
¡ Gran momento! Está padrísimo,0,neutro o no misogino,real,,,,,,,
"Sr. Embajador Johnson, Y para cúando los E.UA. nos da la buena sorpresa de que ya no se estan traficando armas de E.U. a Mexico? Y que hace E.U. Para atender a la poblacion en Estados Unidos que esta adicta a las sustancias ilegales? Gracias por su respuesta.",0,neutro o no misogino,real,,,,,,,
Felicidades Embajador,0,neutro o no misogino,real,,,,,,,
Ojo de que jajaja la cuenta de Chumel no es nada serio jajaja bien o mal da risa,0,neutro o no misogino,real,,,,,,,
"¿Qué Mario Delgado, no es el titular de la SEP?",0,neutro o no misogino,real,,,,,,,
"Felicidades Margarita,",0,neutro o no misogino,real,,,,,,,
"Da la cara ,x porque se sabe protegido y por cinicote",0,neutro o no misogino,real,,,,,,,
"¿Y qué hizo su esposo el Borolas @USER hizo el bien al país con Garcia Luna? Jajajajaja lo que no tiene usted es vergüenza señora, @USER es una traidora a la patria y merece la cárcel. El @USER está acabado",0,neutro o no misogino,real,,,,,,,
"Pero que puedes decirnos tú, si el secretario de seguridad del espurio de tu marido está en la cárcel por coludirse con el narco. El “colmo” es que sigas opinando a pesar de tus alcahueteadas, eres una cínica desvergonzada, mejor ve a cuidar a tu esposo el Borolas",1,benevolente,real,,,,,,,
"Es inocente!! Como se atreven, ahí clarito está el abrazo que purifica Amén , bendito sea nuestro mesías bananero",0,neutro o no misogino,real,,,,,,,
Sus cómplices! Que también a ellos se lod lleven porfa,0,neutro o no misogino,real,,,,,,,
Gracias. Es algo muy importante.,0,neutro o no misogino,real,,,,,,,
"A lo mejor andas crudo mi tomandante borolas y ya no te acuerdas, a y enseñale esto al taradoo de tu meco @USER y a la margarinflas @USER para que no olviden HDTPM",1,explicita,real,,,,,,,
SR. EMBAJADOR: 90 MILLONES DE MEXICANOS SABEMOS QUE EL GOBIERNO CORRUPTO DE la narcopresirvienta @USER POR ORDEN DEL JEFE DE @USER @USER NO HARÁ NADA POR COMBATIR A LOS CARTELES POR ESO LE PEDIMOS QUE ACTÚE CON FUERZA LETAL CONTRA @USER Y SUS NARCO-SOCIOS,1,explicita,real,,,,,,,
Alegría para los mexicanos,0,neutro o no misogino,real,,,,,,,
"La verdad, es solo la verdad...",0,neutro o no misogino,real,,,,,,,
mas bien la van a regañar desde tabasco,0,neutro o no misogino,real,,,,,,,
"La van a cagotear, otra vez.",0,neutro o no misogino,real,,,,,,,
"Si la traidora a la patria enfrentara al crimen organizado también estaría enfrentando a la CIA, a ti margarinflas y a tu consorte el borolas. Cínicos narco asesinos de",1,explicita,real,,,,,,,
"Siempre es un gran día, pinche alcohólico de mierda y bacardí, para enviarte a chingar a toda tu pinche madre. CC a la oligofrénica de @USER , tu hijastro El Moles y el golpeador imbécil de @USER .",1,explicita,real,,,,,,,
"Todos los prianistas salen a defender su acto traidor planeado desde que ganó Sheinbaun! A eso iban a Washington, a preparar la desestabilización del país. Malditos vende patrias!!!!",0,neutro o no misogino,real,,,,,,,
La impresentable #margarinflas @USER señora del briaguísimo #Borolas defendiendo lo indefendible como acostumbra. Qué triste ser del #narcoPAN . #JuicioPolíticoAMaruCampos #MaruChupitos,1,explicita,real,,,,,,,
"Margarita Zavala es esposa de Felipe Calderón, bajo cuyo gobierno la colaboración con la DEA y la CIA en México fue la más intensa y documentada de la historia reciente. Operación Mérida, agentes embebidos, drones, todo. Y ahora su partido se escandaliza de que el gobierno.",0,neutro o no misogino,real,,,,,,,
Gracias Viva @USER,0,neutro o no misogino,real,,,,,,,
Sólo a una traidora le puede parecer frívolo el respeto a nuestra soberanía.,0,neutro o no misogino,real,,,,,,,
Jajaja se pasaron con la Chupitos Campos y Margarinflas,1,explicita,real,,,,,,,
"Es el colmo que desde el poder, no averiguan MATAN.",0,neutro o no misogino,real,,,,,,,
Traidores panistas TRAIDORES,0,neutro o no misogino,real,,,,,,,
"Si fuera dictadura, sub normal, no podrías opinar las tontería que opinas, zafio.",0,neutro o no misogino,real,,,,,,,
"El PAN podría retener la Miguel Hidalgo en 2027, pero Morena le sigue de cerca goo.su/M3dXYS A poco más de un año de las elecciones de 2027, la carrera por la alcaldía Miguel Hidalgo muestra una competencia cerrada donde @USER lidera con un 38% de la",0,neutro o no misogino,real,,,,,,,
Esto es uno de los grandes atracos convertidos en ley. Fue en la misma madrugada en la que decidieron aplicar la retroactividad a la ley a miles y miles de familias.,0,neutro o no misogino,real,,,,,,,
La constitución es muy clara y el delito muy grave. Debe cumplirse la ley como se debe actuar en estos casos para que nadie vuelva a traicionar al país. No podrán lavarle la cara con nada digan lo que digan la verdad es lo que está escrito.,0,neutro o no misogino,real,,,,,,,
Reunión de la Comisión de Defensa Nacional de la Cámara de Diputados 22/04/2026 @USER @USER @USER @USER @USER @USER …,0,neutro o no misogino,real,,,,,,,
Nada más que agregar.,0,neutro o no misogino,real,,,,,,,
Imperdonable se escribe con ABC PAR DE CRIMINALES,0,neutro o no misogino,real,,,,,,,
Cientos de mujeres líderes de todo Guanajuato participaron en el encuentro “Las mujeres le hablamos a Guanajuato” en Yuriria. Destacó la presencia de Kenia López Rabadán y Margarita Zavala. …,0,neutro o no misogino,real,,,,,,,
"Hoy es el #DíaMundialDeLaSalud, pero en #México la situación cada vez es más crítica. Un sistema debilitado, hospitales sin medicinas y miles familias enfrentando solas lo que debería garantizar el gobierno.",0,neutro o no misogino,real,,,,,,,
"No es valiente gobernadora, es una borracha igual que Borolas, que viola la Constitución de la República Mexicana.",1,explicita,real,,,,,,,
"Ni modo que no se tapen las espaldas, todos y todas las narco panistas son una porquería, hipócritas, entreguistas, vende patrias, arrastradas, mitómanos, sinvergüenzas.",1,explicita,real,,,,,,,
CHTPM CALDERON @USER PEJECHAIRA TU MAMA QUE COBRA LA PENSIÓN BIENESTAR HASTA TU VIEJA LA MARGARA TAMBIEN LA COBRA @USER HASTA TU SOCIO LOZANO GRACIA JAJAJA,1,explicita,real,,,,,,,
"Qué tienen en común y coincidentemente @USER Margarinflas y Lozano G, que ambos tuvieron al mismo hijo, fuera de su matrimonio. A perro.",1,explicita,real,,,,,,,
"Cínica, corrupta, cómplice, oportunista, vividora, vende patrias, le sigo? Mejor ve a sacar a tu marido de la cantina y cállate, calladita te ves más insignificante, porque bonita nunca",1,explicita,real,,,,,,,
Felicidades a la valiente @USER,0,neutro o no misogino,real,,,,,,,
Cómo olvidarlo,0,neutro o no misogino,real,,,,,,,
Chimoltrufia!!! Mejor cure la cruda al Enano acomplejado alias el #borolas @USER,1,explicita,real,,,,,,,
Apagaron más rápido el incendio en 2 Bocas que Margarita Zavala decir una frase coherente. xD,1,explicita,real,,,,,,,
"La que gobernó igual que Sahagun y se benefició$$, igual que el Borolas la Chupitos vendió a México, la que quiso ser presidenta siendo ""INDEPENDIENTE"" y la mandaron ALV... Despues regreso con @USER , vive y come del erario siendo solo un p4rasito, SERA? @USER",1,explicita,real,,,,,,,
estas bien lentejo ya no te drogues tanto @USER te vas a quedar en el viaje como estos cenutrios @USER @USER @USER @USER @USER @USER @USER @USER @USER la Patria y la constitución no se negocia,1,explicita,real,,,,,,,
"Desde el 2016 ese puente jamás lo han reparado, ojalá que lo hagan porque siempre está transitado de ida y vuelta del metro Chapultepec.",0,neutro o no misogino,real,,,,,,,
Tienen el kinder trunco.,0,neutro o no misogino,real,,,,,,,
"¿Aún no lo felicita la mujer presidente, verdad?",0,neutro o no misogino,real,,,,,,,
Me uno a las condolencias y expreso mi solidaridad a las familias de quienes prestaban su servicios en la embajada así como a sus compañeros de trabajo y amigos.,0,neutro o no misogino,real,,,,,,,
"Yo creo que una cosa es combatir el narcotráfico y otra la estructura social y política. México es y será siempre, vecino, socio y aliado de los E.U., pesele a quien le pese y gobierne quien gobierne. La diferencia está en la forma... coordinación o subordinación",0,neutro o no misogino,real,,,,,,,
Maru Campos Lily Téllez Alito Moreno Ricardo Anaya Tania Larios Margarita Zavala Partido Traición Nacional Carlos Gutiérrez Mancilla PRI Ricardo Monreal Pedro Haces Sergio Mayer,0,neutro o no misogino,real,,,,,,,
Violó dos constituciones: La de México y la de Chihuahua. Es igual de criminal que Calderón.,0,neutro o no misogino,real,,,,,,,
"No, lo q es el colmo, es que la gente calderonista, esos que solamente saben perder de acciones, reciban los millones de pesos del pueblo de Chihuahua, a través de pagos a personeros de tu marido, lo q es el colmo es que esa mujer vio la Constitución y tú la defiendas, qué asco!",0,neutro o no misogino,real,,,,,,,
Jajaja es maravillosa la IA ! #yasuperame @USER @USER para su diversión,0,neutro o no misogino,real,,,,,,,
"Genaro García Luna ha sido declarado CULPABLE de TODOS los cargos en Nueva York, y YA FUE SENTENCIADO con casi 39 años en prisión. La lógica indiscutible indica #QueSeInvestigueACalderón #NarcoEstadoDeCalderón",0,neutro o no misogino,real,,,,,,,
"¡Lo que faltaba! Que hablara una impresentable, la esposa de un expresidente cuyo Secretario de Seguridad se coludió con el CO y hoy está purga una condena el los EEUU ¡El colmo del cinismo! ¿Cual es comentario respecto a Genaro García Luna?",1,benevolente,real,,,,,,,
Que cinismo de estos hijos de la chingada de @USER al estar repitiendo una y otra vez: Que bueno que violaron la Constitución. Hey Pueblo ni un solo voto a estos criminales! Ej hermano de la aquerosa @USER un asco como políiticos. Absolutos Traidores a la Patria.,0,neutro o no misogino,real,,,,,,,
Dibujitos ? Ok ...,0,neutro o no misogino,real,,,,,,,
"También será un traidor a la patria según la transformación de cuarta? Ya lo felicitó ""la presirvienta""?",1,explicita,real,,,,,,,
"No, desagradable es ver al país en manos de otros corruptos, quisimos ver fuera a unos para ver entrar a otros iguales o peores",0,neutro o no misogino,real,,,,,,,
No tienes vergüenza! Plnch3 margarinflas !,1,explicita,real,,,,,,,
"#PolíticaCero | “Lo bueno de la Opo es que siempre tienen el apoyo de Margarita Zavala con sus discursos sabios y profundos como el que acaba de expresar (donde siempre exalta a Caldedrunk), que podrían tener mayor efecto si tuvieran traducción simultánea y subtítulos” Lee y",1,benevolente,real,,,,,,,
"Sra Zavala, mejor ni hablé, usted y su marido tienen mucha cola que les pisen, ustedes si pactaron con el crimen organizado, ustedes han dañado y robado mucho al país, y si sobre frivolidades hablamos su gobernadora y su partido se lucen en demasia.",0,neutro o no misogino,real,,,,,,,
"Me dan risa los derechangos luchadores de derechos humanos, los he visto gobernar desde niño en los años 80´s esta es la primera vez que la derecha hace ""lucha social"" una vez que dejaron el poder, antes de eso solo ROBAR era el sello de la casa que no?",0,neutro o no misogino,real,,,,,,,
"Tengo un caso. Una amiga con cancer de colon recibió una quimio que casi la mata. Dijeron que la enfermera erró la dosis. Pero viendo esto, empiezo a sospechar que era medicamento falso. Fue en ISSSTE. Salvo la vida porque se hicieron colectas y se atendió en el sector privado",0,neutro o no misogino,real,,,,,,,
Ahora sí fue por causa de Calderón..jajajajaj,0,neutro o no misogino,real,,,,,,,
"no lo veo, solo veo AL VENAO, @USER , pero ambos son heroes, con la retrasadita @USER",1,explicita,real,,,,,,,
"La mancornadora ""pare moles"" en la espuria presidencia del espurio Calderón no nada más permitieran a la CIA, sino q se asociaron con el Chapo Guzmán y bañaron de sangre el país, ambos deberían ser procesados p reventar la constitución y generar la peor crisis de desaparecidos.",0,neutro o no misogino,real,,,,,,,
"Los delincuentes de cuello blanco, saqueadores y vende patrias defendiendo lo indefendible. Están convencidos que el pueblo de México No tiene memoria",0,neutro o no misogino,real,,,,,,,
"Sabe cuál es el verdadero colmo ! Que operativos muy parecidos hizo su marido ! Y mire en qué terminó , que al día de hoy México no ha podido arreglar el desmadre que dejó su consorte ! La CIA no se puede andar disfrazado de policía estatal y armando caos en México! Entiende ?",1,explicita,real,,,,,,,
"Tienes que apoyarla si es lo que hizo tu marido Felipe Calderón, así igual entregó el país a los estadounidense, ustedes los del PAN lo volverán hacer si regresan al Poder, que bueno que se han dado a conocer la clase de gente que son, apátridas, déspotas,arrogantes,clasistas,",1,explicita,real,,,,,,,
Increíble tu nivel de cinismo y desvergüenza. Ustedes los PANISTAS no tienen madre.,1,explicita,real,,,,,,,
Y que tal este..,0,neutro o no misogino,real,,,,,,,
"Y me sorprende tu opinión que no sepas manejar de forma neutral si sabes perfectamente lo conlleva una intervención al país, pero te pones a defender a las disque “gobernadora” pero al parecer no saben absolutamente nada politoca solo robar y entregar al pais de manera ruin..",1,explicita,real,,,,,,,
"La CIA nunca ha combatido el crimen organizado, solo se ha dedicado a derrocar gobiernos para beneficio de los EEUU Burkina fasso Chile Bahía de cochinos Irán Irak Nicaragua Brasil Venezuela Y un largo etc histórico",0,neutro o no misogino,real,,,,,,,
"Es la verdad NarcoPanista,tú y el Borolas lo hicieron,para Uds es normal eso",1,explicita,real,,,,,,,
"Tal para cuál, panistas corruptos defendiendo a la traidora a la patria de Maru Campos. Recuerda como tú alcohólico esposo vendió CFE a españoles, con su rápido y furioso armó a los carteles, guardería ABC no dejó ir a EEUU a niños quemados para que los atendieran, PAN es una",1,explicita,real,,,,,,,
Ladyquemabebés.,1,explicita,real,,,,,,,
Nos dice la familia espuria! Ustedes @USER son expertos en narco tráfico con el corrupto Genaro Luna jefe del Borolas @USER,0,neutro o no misogino,real,,,,,,,
"Hayyy no mames, escomo si se metiera mi vecino a mi casa a querer mandar, Lo que tiene uno que leer.",0,neutro o no misogino,real,,,,,,,
¿Como se llama lo que esta haciendo este apestoso fulano? @USER @USER @USER @USER @USER @USER @USER @USER @USER @USER @USER @USER @USER,0,neutro o no misogino,real,,,,,,,
"Margarinflas quienes de tus compañeros @USER votaron para que la CIA operen en México? Porqué hubo una sesión parlamentaria donde fue planteado el permiso, verdad?",1,explicita,real,,,,,,,
"Pinche Ricardito @USER no tienes llenadera, estoy más que seguro, qué tú encabezas y lideras ese cártel inmobiliario, de la cual @USER esposa de @USER te señaló a nivel nacional, como parte de ese cartel. ERES PARTE DE LA EXTORSIÓN, por eso estás aterrado.",0,neutro o no misogino,real,,,,,,,
"Los gringos SON el narco, la CIA, la DEA, los que venden armas, los bancos que se benefician del lavado de dinero. Y todos ellos necesitan de cómplices como tú esposo FECAL.",0,neutro o no misogino,real,,,,,,,
Y se dice que el cornudo Borrachin @USER se iba a cierta islita con su “amigo” para relajarse. No lo dudaría ni tantito que a borolas se le hiciera agua la canoa y por eso en su casa necesitaba ayuda.,0,neutro o no misogino,real,,,,,,,
"CDMX-103.3: Fernández Noroña es un hostigador profesional, es un cobarde, lo ha hecho de manera violenta y muy corriente, es una vergüenza para el Senado: Margarita Zavala .mx/m.asp?id=c204f …",0,neutro o no misogino,real,,,,,,,
"PASCUA, FERIA SANTA MARÍA MARGARITA ZAVALA ""Yo soy el Buen Pastor, yo soy la vida por mis ovejas"" @USER @USER @USER @USER @USER @USER @USER @USER @USER @USER @USER @USER @USER @USER",0,neutro o no misogino,real,,,,,,,
Es un espurio de,0,neutro o no misogino,real,,,,,,,
Si obeso! También la refinería Margarita Zavala! Idiotas,0,neutro o no misogino,real,,,,,,,
"Sabemos lo que podemos esperar de usted y su grupo, señora, el entreguismo y colonialismo mental llevado al absurdo. Lo malo es que actúan…",0,neutro o no misogino,real,,,,,,,
A través de redes sociales seguí la Vigilia por la paz convocada para ayer sábado por el Papa León XIV ( @USER ); nos dio un mensaje con el amor y la firmeza de un buen pastor. Una alegría esperanzadora escucharlo y rezar con el.,0,neutro o no misogino,real,,,,,,,
¿Como el secretario de seguridad de tu marido cuando fue presidente? México no oliva que los panistas son #TraidoresALaPatria,0,neutro o no misogino,real,,,,,,,
"Si tanto la apoyas, ve a la celda con ella...",0,neutro o no misogino,real,,,,,,,
La diputada Margarita Zavala @USER respondió así a Lilia Aguilar @USER tras señalamientos hacia la ex primera dama y el ex presidente Felipe Calderón. #pt #morena #pan #felipecalderon #margaritazavala,0,neutro o no misogino,real,,,,,,,
"El inmundo fecal @USER , borracho de mierda que se burlaba de la ""víbora prieta y sus seguidores los chairos"" mientras usurpaba la presidencia, aún no supera sus traumas. Zotaco ratero. Saludos al inútil moles @USER y la tarta @USER",1,explicita,real,,,,,,,
"Cuando el prianismo avasallaba con las leyes que aprobaba, disfrutaba y se repartía las instituciones. Ahora que no tienen el control, se quejan de la ""dictadura"". @USER y Germán Martínez Cázares, son engaña tontos. Hipócritas.",0,neutro o no misogino,real,,,,,,,
ES LO QUE HACEN LOS CORRUPTOS DE MORENA SEGURAMENTE ESTÁN A SALVO LAS PRUEBAS QUE SE RECABARON ANTES Y QUE ESTÁN EN LA FISCALÍA Y NO LE DAN SEGUIMIENTO,0,neutro o no misogino,real,,,,,,,
"Q también le pregunten al abogangster al q narcomorena y la narcopreSirvienta le dieron el premio, ya ves q son muy amigos y tienen TODO el poder para resolver lo q selectivamente les conviene.",1,explicita,real,,,,,,,
"¿Hay alguna impresición, verdad a medias o mentira en la publicación de Jesús comentada en este hilo?",0,neutro o no misogino,real,,,,,,,
"Sabemos que la derecha rancia junto con la CIA, a intentado siempre de desestabilizar gobiernos democráticos. Ojalá que pronto le hagan un juicio por traición a la patria, debe de haber un escarmiento!!!!",0,neutro o no misogino,real,,,,,,,
Cállese Margarinflas,1,explicita,real,,,,,,,
"Espero que los mexicanos no olvidemos que Ovalle desfalco 20 mil millones de pesos, que pudieron ser usados en medicinas, en mejorar el sistema de salud, en reducir la pobreza, etc etc",0,neutro o no misogino,real,,,,,,,
Es que no son seres pensantes las mujeres de morena. Decía mi abuela; el culo no puede dar más que mierda. No se les puede pedir más.,1,explicita,real,,,,,,,
"Pinches hipócritas miserables. Los acaban de desenmascarar como lo que son: unos traidores a la patria! Conspiradores! Nalgas prontas! Acobardados entreguistas! Pueden irse despidiendo de su último hueso, el hambre va a estar cabrona.",0,neutro o no misogino,real,,,,,,,
"@USER , presidenta tiene una petición muy justa, ojalá quien revisa sus redes se la comente y cumplan con sus obligaciones",0,neutro o no misogino,real,,,,,,,
"A que margara, no entienden que no entienden.",0,neutro o no misogino,real,,,,,,,
Hay que ser muy pendejo para aplaudir la traición a la patria y no ver que no les beneficia en la ruta de elecciones Chihuahua 2027 jajaja,0,neutro o no misogino,real,,,,,,,
Nuestra Margarinflas ya se siente toda una India Americana y aprueba que personas de otro País incursionen sin autorización alguna.,1,explicita,real,,,,,,,
Santa María Guadalupe García Zavala Virgen fundadora de la Congregación de Siervas de Santa Margarita María y de los Pobres. Se distinguió por sus obras de caridad en favor de los menesterosos y de los enfermos. Conócela más aquí es. #SantoDeHoy,0,neutro o no misogino,real,,,,,,,
¿ Tu que opinas ?,0,neutro o no misogino,real,,,,,,,
Mejor cállate ASESINA!!!,0,neutro o no misogino,real,,,,,,,
Es el colmo que la primera dama de un Presidente espurio “Felipe Calderón” y que tuvo de Srio de Seg Pública a un narco “García Luna” haya guardado silencio y hoy ocupe una curul y de lecciones de seguridad nacional. Cínica!!!!,1,explicita,real,,,,,,,
@USER una dama muy inteligente!!! Mis respetos y admiración para usted y su señor esposo!!,0,neutro o no misogino,real,,,,,,,
Participo ésta situación a la Sra PresidentA @USER x q al parecer NO le informan correctamente!,1,explicita,real,,,,,,,
Saluddd ... mí margarinflasss ... hip ...,1,explicita,real,,,,,,,
Narcos hijosdeputa…,0,neutro o no misogino,real,,,,,,,
Que bonita familia,0,neutro o no misogino,real,,,,,,,
Preocupada porque se les acaba el financiamiento desde Chihuahua?,0,neutro o no misogino,real,,,,,,,
Un cantinflazo.,0,neutro o no misogino,real,,,,,,,
"Que pendeja mania tiene todos los políticos de apoyar los errores de sus compañeros militantes. El fin no justifica los medios, se violó la ley, la constitución, ¿y salen a apoyar que lo haya hecho? ¡Son igual o peor que Morena!",0,neutro o no misogino,real,,,,,,,
Saludos a FECAL.,0,neutro o no misogino,real,,,,,,,
"Magnífica postal de Margarita Zavala, líder moral de la oposición en el Congreso de la Unión, acompañada de Grecia Quiroz, Alcaldesa de Uruapan, viuda del dos veces heróico Carlos Manzo. Mujeres de hierro que forjan el destino de nuestra nación.",0,neutro o no misogino,real,,,,,,,
"Es la izquierda extrema de México y esa es su forma de ""gobernar"", golpeando políticamente una y otra vez a quienes no comulgan con ellos. Son una vergüenza.",0,neutro o no misogino,real,,,,,,,
"#HOY Xóchitl lo hace de nuevo! Después de ver la película de Rami Malek donde un Agente de la CIA es oprimido, inmediatamente se vuelve a encadenar para protestar porque la Presidenta oprime también a los de la CIA. Margarita Zavala ya está en solidaridad con ella y le llevo",0,neutro o no misogino,real,,,,,,,
"La esposa del genocida #Borolas Felipe calderón, Margarinflas defendiendo a su compañera de partido y de borracheras la chupitos, Maru Campos, tal para cual...",1,explicita,real,,,,,,,
"Creiste que por ser Morenista te la iban a perdonar, aquí han querido tronar hasta a los de su bancada , si se atontan desaparecen a los partidos satélite, claro que sí, tu eres un votante más del morenismo, aquí los abusos ya les llegó a todos aun cuando sigan votando guinda",0,neutro o no misogino,real,,,,,,,
No hay nada “grave” en ese acuerdo por el solo hecho de concentrar asuntos. La habilitación de órganos para conocer amparos sobre un mismo tema es una práctica ordinaria en el Poder Judicial Federal desde hace años (al menos desde 2008). Se ha utilizado en litigios masivos como,0,neutro o no misogino,real,,,,,,,
"Se Robaron lo que quisieron estos cabrones, Y no puede ir a arreglarse el Hocico la pinché vieja, De menos una limpieza, @USER . @USER",1,explicita,real,,,,,,,
La traidora que mantiene a la escoria calderonista y a los moneros y periodistas fachos. Juicio Político a la Gobernadora @USER,1,explicita,real,,,,,,,
@USER @USER @USER @USER Y a toda la familia MaZaFeCaldelCampoHinojosa Ch1nguen a su repvtisima madre TODOS!!,1,explicita,real,,,,,,,
"Llenaron México de narcos hasta la madre,y ahora quieren dejar entrar a los yankis corruptos para que destruyan y saquen todo, De ese tamaño es la traición de estos miserables parásitos y agachones. @USER #traidoresaMEXICO",0,neutro o no misogino,real,,,,,,,
"Panel 2: “Equidad y quehacer político” Beatriz Paredes, Magda Zulema Mosri, Margarita Zavala y Rocío Abreu dialogan sobre igualdad, representación y liderazgo en la política. #CumbreMujeres #Equidad #TransformaciónDigital",0,neutro o no misogino,real,,,,,,,
Miles de familias fueron pisoteadas por el carnicero de tu marido @USER .....tantita madre Margarinflas!,1,explicita,real,,,,,,,
Que se puede esperar del NarcoPan que se alió al Chapo,0,neutro o no misogino,real,,,,,,,
"Jajajajaja les explico, esta carta se publicó en el 2024 cuando el mayo dijo como fue su detención. Chumel irónicamente dice que no es necesario publicar otra con este posicionamiento cubren las denuncias de hoy. De nada!",0,neutro o no misogino,real,,,,,,,
"Listo, algo más en qué se pueda apoyar?",0,neutro o no misogino,real,,,,,,,
#Opinion de Margarita Zavala: Creativos en el gobierno de la CDMX. ¡Cuidado! ow.ly/Ajt930sV2x4,0,neutro o no misogino,real,,,,,,,
"Mientras piensen que los 3200 pesos que les avientan los hace inmunes a todo aquí seguirán estos pendejos, vociferando en lugar de dar soluciones.",0,neutro o no misogino,real,,,,,,,
Jajaja @USER @USER como no arrobarlos jajajaja,0,neutro o no misogino,real,,,,,,,
"Tu narco borracho ,del borolas,también fue un hijo de su reputicima madre traidor a México,igual que tú,pinche cara de bruja ,le diste las nalgas al Lozano gracia ,ya no se le paraba al borolas porque siempre estaba borracho.",1,explicita,real,,,,,,,
Buenos días De @USER @USER con ...... ?.. Los leo....... Para los #PANdejos,0,neutro o no misogino,real,,,,,,,
"Los panistas representan al Narco en México desde el 2006 con sus figuras principales Felipe Calderón y su estrella mayor García Luna, cada que hablan se muerden el hocico y cada que escupen les cae mierda en la cara, Paniagudos Narco Delincuentes..",0,neutro o no misogino,real,,,,,,,
"Estarían locos si votan por una conservadora que solo gobernará como el actual, para Polanco y todos esos. No se dan cuenta que NINGÚN ALCALDE HA GOBERNADO ESTA ALCALDÍA BIEN? Seguimos con los mismos políticos que solo se fijan en donde les interesa.",0,neutro o no misogino,real,,,,,,,
"Valientes mis hu3v0s, señora borracha igual que su marido",1,explicita,real,,,,,,,
"Espero, por el bien de México, que Trump tenga suficiente tiempo para encarcelar a Obrador y a su clan.",0,neutro o no misogino,real,,,,,,,
"En lugar de hablar de manera emocional abogada, mejor díganos la figura legal desde la cual un estado (como Chihuahua) autoriza a seguridad extranjera a realizar operaciones en nuestro país pasando por alto la constitución?",0,neutro o no misogino,real,,,,,,,
#Opinion de Margarita Zavala: La gobernadora. ow.ly/oTA730sVmMB,0,neutro o no misogino,real,,,,,,,
Esta margarinflas no tiene perdón qué cinismo woooow!! De margarinflas y FECAL no se hace uno,1,explicita,real,,,,,,,
"Pero a nosotros no se nos olvida, ni la justicia si están buscando un chivo expiatorio. Si a la familia ya la callaron, a México no",0,neutro o no misogino,real,,,,,,,
ASESINA! No creas que ya se nos olvidó!,0,neutro o no misogino,real,,,,,,,
Y que hizo la oposición para impedir un proceso tan sucio? NADA.... @USER @USER @USER @USER @USER @USER @USER @USER @USER @USER @USER @USER @USER,0,neutro o no misogino,real,,,,,,,
"Ay duele cómo duele, entregar la patria, dejar que los gringos hagan lo que se les dé su rechingada gana",0,neutro o no misogino,real,,,,,,,
"Mujeres líderes de #Guanajuato se reunieron en Yuriria en el encuentro estatal “Las mujeres le hablamos a Guanajuato”. Participaron figuras nacionales como Kenia López Rabadán, presidenta de la Cámara de Diputados, y Margarita Zavala …",0,neutro o no misogino,real,,,,,,,
Yo tengo otros datos,0,neutro o no misogino,real,,,,,,,
El PRIAN puso a su títere Ugalde... un títere que desecharon cuando tuvieron que admitir que hizo un cochinero en las elecciones de 2006.,0,neutro o no misogino,real,,,,,,,
"A ver Sra. Es el colmo que desde tu posición, primero primera dama y ahora senadora. Te limites a defender lo que representa lo que hizo SANTA MARU LA ALCOHÓLICA. Hay que tener tanatita vergüenza. Ahhhhhh se olvida que eres parte de la Jauría Rabiosa. @USER",1,explicita,real,,,,,,,
"No Margara, violar la constitución no te hace ser valiente, nadie debe estar por encima de la constitución, si eso pasa nos convertimos en un estado fallido",0,neutro o no misogino,real,,,,,,,
"Pinche vieja lacra miserable, no tienes ética, así será tu miserable vida,",1,explicita,real,,,,,,,
"Me consta que los trabajadores de confianza de @USER son los que más trabajan. Los sindicalizados trabajan poquito y les va mejor. Siento mucho lo de tu papá, es un modelo de la 4T que despidió de esa manera a miles de servidores públicos de distintas dependencias a la sorda!..",0,neutro o no misogino,real,,,,,,,
No digas mmds teporocho,0,neutro o no misogino,real,,,,,,,
"Tú y tú marido fueron parte del colmo, por eso están donde están.",0,neutro o no misogino,real,,,,,,,
Solo con tus seguidores Carmela. Se divierten mucho con tus shows. @USER @USER @USER @USER,0,neutro o no misogino,real,,,,,,,
No fallo el mecooo,0,neutro o no misogino,real,,,,,,,
JAJAJA CÁLMATE BOROLINFLAS.,1,explicita,real,,,,,,,
"Hay niveles. @USER es hermosa; @USER repugnante. Una, casi segura gobernadora, la otra enquistada en su curul de plurinominal y que ya va de salida. Pesa sobre ella su responsabilidad en el incendio de ABC.",1,explicita,real,,,,,,,
@USER y el voto de su hermano son unos vendepatrias este corrupto estuvo viviendo del @USER cuando estuvo el antidemocrático al servicio de @USER parásito después destruye la revista @USER y la convierte en un pasquín inmundo,0,neutro o no misogino,real,,,,,,,
Los enfrenta igualito que tu genocida borracho esposo que bajo las órdenes de su jefe García Luna tuvieron un Narco-Estado!!!,1,explicita,real,,,,,,,
Y... la A B C??,0,neutro o no misogino,real,,,,,,,
"Esto es demencial, se empezaron a reír cuando mencionó el caso, que nefast@USER.",0,neutro o no misogino,real,,,,,,,
Manteniendo a traidoras y a gente que después de estar en el gobierno robaron a manos llenas como el #borolas. Deben ser castigados ejemplarmente para que ningún otro traidor se atreva a hacer lo mismo.,0,neutro o no misogino,real,,,,,,,
"La oposición del PRIAN que hoy acusa al @USER de capturar al @USER lo tomó a la brava por 20 años, en 2003, cuando también eran diputados @USER y Germán Martínez Cázares",0,neutro o no misogino,real,,,,,,,
"Nada alentador que una disléxica defienda a una gobernadora que no cumple con lo mínimo, esa beoda está metida en un brete mayúsculo, agentes extranjeros trabajando en territorio nacional sin conocimiento el Estado Mexicano.Entrar con visa de turista y portar uniforme diferente.",0,neutro o no misogino,real,,,,,,,
Súbela a una plataforma de IA Y para de mamar Rabiosa y envidiosa Jajaja,1,explicita,real,,,,,,,
"Hijo de Calderón respalda a Maru Campos tras operativo en Chihuahua @USER , hijo del expresidente @USER y de la legisladora @USER se pronunció tras la controversia que ha generado la incursión de agentes de la CIA en un operativo en Chihuahua para el",0,neutro o no misogino,real,,,,,,,
Cálmate margarinflas. No capturaron a nadie. El supuesto laboratorio recibió pitazo del mismo gobierno. Son TRAIDORES A LA PATRIA. Por donde se vea.,1,explicita,real,,,,,,,
"Los Calderón hablando de frivolidad, el chiste se cuenta solo:",0,neutro o no misogino,real,,,,,,,
pinches tartamudos narcos...,0,neutro o no misogino,real,,,,,,,
"Violando la leyes.. lo hacen con el afán de manchar ál gobierno federal, Cuando USA ya quiera apoderarse de mexico por que ustedes los están ayudando a eso… Serán los primer@USER cobardes que se esconderán, y dirán que nunca hicieron eso… ahorita si nuy dignas con esto",0,neutro o no misogino,real,,,,,,,
"Invhe tartamuda, estás bien sope mejor cállate.",1,explicita,real,,,,,,,
"Mentira no es , la gobernadora @USER violo la construcción, por más q quiera deslindarse existen pruebas q desde 2023 ella trabaja con la CIA, entregándole datos de los MEXICANOS,un piso en el edifico para autoridades EXTRANJERAS, y de eso NO PODRÁ deslindarse, DESAFUERO!",0,neutro o no misogino,real,,,,,,,
Los hombres que iban a visitar a @USER dicho por su propio hijo el #moles recuerdos de su infancia y una madre de pepa inquieta El niño es @USER ya ven que los niños dicen la verdad como los borrachos,1,explicita,real,,,,,,,
Inauguración de mi exposición en la Cámara de Diputados Federal #México el 3 de abril del 2024. @USER @USER @USER,0,neutro o no misogino,real,,,,,,,
". @USER , sobrina de @USER y @USER , sale en gran defensa (de la indefendible) gobernadora de Chihuahua, @USER … Se ciegan ante las malas decisiones de su gobernadora.",0,neutro o no misogino,real,,,,,,,
"Tan valiente como el espurio Calderón #borolas que fue servil al vecino del norte , le regaló millones y millones de barriles de petróleo y solo le alcanzó para medio construir una barda.",0,neutro o no misogino,real,,,,,,,
Deberían darte vergüenza el desconocer las normas y leyes que violó la goberladrona @USER siendo abogada...,0,neutro o no misogino,real,,,,,,,
"Margarita Zavala alienta al Verde a la ""rebeldía"".",0,neutro o no misogino,real,,,,,,,
"Margarita Zavala la favorita para ganar la alcaldía Miguel Hidalgo en 2027 goo.su/M3dXYS A un año de la contienda electoral de 2027, la carrera por la alcaldía Miguel Hidalgo muestra una competencia cerrada donde @USER lidera con un 38% de la intención",0,neutro o no misogino,real,,,,,,,
Una chulada... recordar es vivir ajaj,0,neutro o no misogino,real,,,,,,,
"La gobernadora @USER es una mujer valiente que ha tomado la decisión de defender a #Chihuahua y a #México, enfrentando al crimen organizado. Resulta alentador tener gobernadoras como ella, que toma decisiones que otros gobiernos no han podido o no han querido tomar. Les",0,neutro o no misogino,real,,,,,,,
@USER @USER @USER @USER @USER @USER aquí le enviamos de una vez! Lista completa por si necesitan investigar. México se los agradece!,0,neutro o no misogino,real,,,,,,,
Muchas felicidades Diputada Bien merecido,0,neutro o no misogino,real,,,,,,,
"Pero @USER YA NO ES GOBERNADOR DE MORELOS! Que asco de gente, dan pena a nivel mundial",0,neutro o no misogino,real,,,,,,,
Todos cortados con la misma tijera le habla @USER,0,neutro o no misogino,real,,,,,,,
Y que hagan eso con los migrantes es imperdonable,0,neutro o no misogino,real,,,,,,,
Nuestro compañero @USER es víctima junto con su familia de un atentado. Ha denunciado una y otra vez el pacto criminal del gobierno local. Me solidaridad con ellos,0,neutro o no misogino,real,,,,,,,
"Es el colmo que desde el poder, quienes deberían trabajar mirando por el bien del país, hagan este tipo de publicaciones en las que atacan frívolamente a una valiente gobernadora ( @USER ) que enfrenta al crimen organizado",0,neutro o no misogino,real,,,,,,,
Sí estuve querido amigo y sin ser itamita,0,neutro o no misogino,real,,,,,,,
"Y Orban reconoció, Lecciones de democracia a Morena",0,neutro o no misogino,real,,,,,,,
"Les parece tan fácil no respetar a las mujeres, que se olvidan de todo lo que costó construir instituciones y políticas para proteger sus derechos, como se hizo durante los gobiernos de @USER .",0,neutro o no misogino,real,,,,,,,
"Me recibieron con mucho amor y cariño las y los vecinos de #Xicohtzinco, no saben el gusto que me dio verles en este #EncuentroTlaxcalteca. Y compartirles que tan solo en este municipio, 49.4 millones de pesos han sido invertidos en obras y acciones… y por cierto viene el",0,neutro o no misogino,real,,,,,,,
1/5 Damos un paso más por el cuidado del medio ambiente en nuestros bosques con el Programa Estatal de Manejo del Fuego.,0,neutro o no misogino,real,,,,,,,
"Se inaugura en Huamantla , Tlaxcala, el primer polo de desarrollo de los 15 anunciados en 2025. Más de 500 millones de dólares de inversión y 5000 empleos directos.Felicidades a la Presidenta Claudia Sheinbaum, a la Gobernadora Lorena Cuéllar Cisneros y a su equipo !!",0,neutro o no misogino,real,,,,,,,
"¡Felicidades, campeones! La Sub22 de #Tlaxcala lo hizo: ORO en la ON #2026. ¡Talento, disciplina y muchísimo corazón! Antes el deporte era olvidado. Hoy, con una inversión histórica es prioridad… y se nota. ¡Muy orgullosa de ustedes!",0,neutro o no misogino,real,,,,,,,
"Desde Casa Tlaxcala llevamos nuestra esencia por todas partes. Con la inauguración de “Mexicanizando al Mundo”, una exposición de César Menchaca, fortalecemos la presencia cultural de nuestro estado y abrimos nuevas oportunidades para nuestras y nuestros artesanos. Las y los",0,neutro o no misogino,real,,,,,,,
"Tener una interacción con los Niños y Niñas, escuchar sus propuestas para mejorar su calidad de vida, y sus necesidades es un alto sentido de responsabilidad. Gracias a @USER @USER @USER Felicidades @USER !!!",0,neutro o no misogino,real,,,,,,,
"#Noti13DeLaTarde Encabeza la Gobernadora de #Tlaxcala, Lorena Cuéllar, junta de gabinete infantil. La mandataria buscó escuchar las voces de la niñez y comentó que antes no había gobernadoras, pero ahora las mujeres pueden llegar hasta la presidencia. @USER",0,neutro o no misogino,real,,,,,,,
"Martes 28 de abril 19:00 horas. ¡Gran estreno! || “ASÍ LO DICE TLAXCALA” con Federico La Mont. En el primer programa nos acompañará la gobernadora del estado, @USER como invitada especial.",0,neutro o no misogino,real,,,,,,,
"Por segundo año consecutivo, #Tlaxcala se posiciona a nivel nacional al destacar en el Congreso Nacional de Pediatría. La @USER felicita a médico pasante de servicio social del #HGT,Monserrat Ramírez Barranco. @USER @USER …",0,neutro o no misogino,real,,,,,,,
#Ejecutivo | Percepción ciudadana en trámites y servicios de Tlaxcla ha mejorado en 40%: Lorena Cuéllar,0,neutro o no misogino,real,,,,,,,
"La gobernadora Lorena Cuéllar recibió a las y los integrantes del #ParlamentoInfantil de Tlaxcala 25 legisladores infantiles participaron en un ejercicio que promueve #liderazgo, pensamiento crítico y #ParticipaciónCiudadana desde temprana edad",0,neutro o no misogino,real,,,,,,,
"|| En la presentación del Foro Estatal ""Conectividad Crítica y Salud Mental en el Aula"" que se llevó a cabo en Apizaco Tlaxcala, la gobernadora Lorena Cuéllar Cisneros hizo llamado a promover una cultura responsable en el uso de las redes sociales y las tecnologías entre",0,neutro o no misogino,real,,,,,,,
"La Gobernadora de Tlaxcala, Lorena Cuellar, informó que no hay personas lesionadas tras el descarrilamiento de un tren de carga en la colonia Morelos, en Apizaco. El área permanecerá cerrada aproximadamente dos días. aztecanoticias.info/sitioAN",0,neutro o no misogino,real,,,,,,,
"La red crece: Regina Mena y otros nombres vinculados a la familia de Lorena Cuéllar aparecen en la nómina cultural de Tlaxcala. No es ""persecución de la oposición"", es el boletín oficial confirmando el nepotismo.",0,neutro o no misogino,real,,,,,,,
"Bajo el liderazgo de la Gobernadora Lorena Cuéllar Cisneros, el Secretario David Guerrero Tapia participó en la 1ra Sesión Ordinaria del CEIEG 2026. ¡Con información precisa, consolidamos la transformación de nuestro estado! #Tlaxcala #CEIEG",0,neutro o no misogino,real,,,,,,,
"Les estaremos echando muchas porras a quienes representan a #Tlaxcala en la Olimpiada Nacional @USER 2026. Estuvimos presentes en la inauguración en #Puebla, celebramos el talento y la disciplina de nuestras y nuestros jóvenes deportistas. También les platico, seguimos",0,neutro o no misogino,real,,,,,,,
@USER @USER por qué molestan con sus llamadas promocionando el pseudo trabajo de la “Gobernadora” y a su candidato Alfonso Sánchez en sábado por la noche?,0,neutro o no misogino,real,,,,,,,
"Por su relevancia histórica y la apertura que da a la expresión artística, así como el impulso a la artesanía, Casa #Tlaxcala en Ciudad de México representa un refugio para la identidad nacional: Lorena Cuéllar Cisneros",0,neutro o no misogino,real,,,,,,,
"Escuchar para gobernar, trabajar para transformar. En el encuentro Tlaxcalteca reafirmamos que #Zitlaltepec no está solo. Con obras estratégicas en salud, educación y seguridad, estamos construyendo el futuro que nuestras familias merecen.",0,neutro o no misogino,real,,,,,,,
"De la conectividad a la protección. #Tlaxcala cuenta con la red de salud más amplia del país y clínicas de las emociones en 38 municipios. Hoy, inauguramos el Foro “Conectividad Crítica y Salud Mental en el Aula” en #Apizaco.",0,neutro o no misogino,real,,,,,,,
"La gobernadora Lorena Cuéllar Cisneros confirmó que la creación de la #CiudadDeLaMujer sigue firme, con el objetivo de brindar atención integral a mujeres que viven en contextos de #violencia",0,neutro o no misogino,real,,,,,,,
"Exhibe Loret nepotismo de la gobernadora de Tlaxcala, Lorena Cuellar, en la emisión de Latinus de este viernes 17 de abril.",0,neutro o no misogino,real,,,,,,,
"Al inaugurar el Segundo Congreso Estatal de Servidoras y Servidores Públicos sobre Inteligencia Artificial Generativa, la gobernadora Lorena Cuéllar destacó que actualmente el 40% de los trámites y servicios de la administración pública ya se realizan de manera digital.",0,neutro o no misogino,real,,,,,,,
"Esta mañana sostuve una reunión de trabajo con mi amiga la gobernadora del estado de Tlaxcala, @USER , en el Palacio de Gobierno. Conversamos sobre acciones y avances para seguir fortaleciendo la educación para jóvenes y adultos en la entidad, coincidimos que la",0,neutro o no misogino,real,,,,,,,
Así se transforma nuestro estado: invirtiendo donde más se necesita y cambiando realidades para el bienestar del pueblo.,0,neutro o no misogino,real,,,,,,,
"#AlAire Lorena Cuéllar ( @USER ), gobernadora de Tlaxcala, habla con @USER sobre la importancia de la presencia de @USER en la inauguración del primer Polo de Desarrollo Económico del país en la entidad. 102.5 FM",0,neutro o no misogino,real,,,,,,,
#Gobierno #Noticias Consolida #Tlaxcala un servicio público innovador y humanista: @USER,0,neutro o no misogino,real,,,,,,,
"#Hilo || De caminos olvidados a obras que transforman. Camino al Banco de Alimentos en #Atlahapa Carretera Tlacomulco–Santa Cruz Tetela Puente vehicular en #Cuauhtelulpan, que conecta a #Tlaxcala con #Panotla.",0,neutro o no misogino,real,,,,,,,
"Felicidades Gobernadora más como Ud, menos como @USER , @USER y/o @USER Mucha gobernadora",0,neutro o no misogino,real,,,,,,,
"Al encabezar el “Encuentro Tlaxcalteca” en ese municipio, la gobernadora @USER informó que se ejercieron 42.6 millones de pesos en la demarcación y anunció algunas de las acciones previstas para 2026. Con información de @USER #CoracytNoticias",0,neutro o no misogino,real,,,,,,,
"Ponchito, el presidente municipal de #Tlaxcala, no sabe los pasos para bailar ""Payaso de Rodeo"" y mejor abandona la pista. Si es consciente de su realidad ¿también estaría dispuesto a bajarse de la contienda por la gubernatura? Quien salió buena para el dancing es Lorena Cuéllar",0,neutro o no misogino,real,,,,,,,
"Días que llenan el corazón. ¿Y si gobernar también fuera escuchar a nuestras niñas y niños? Hoy lo hicimos en el Gabinete Infantil. Y debo decirlo: me llenó de emoción y mucha motivación escuchar sus ideas y su forma de ver el mundo, su país y su estado, #Tlaxcala. La manera en",0,neutro o no misogino,real,,,,,,,
"#ESTRENO 28 DE ABRIL|| “ASÍ LO DICE TLAXCALA” con Federico La Mont. En el primer programa nos acompañará la gobernadora del estado, @USER como invitada especial, en esta #PrimeraTemporada titulada Zahuapan - Atoyac ""El despertar del Gigante de Cristal"".",0,neutro o no misogino,real,,,,,,,
LORENA CUELLAR CISNEROS GOBERNADORA DE TLAXCALA FELICITA A LAS MUJERES EN SU DÍA @USER Gobierno del Estado de Tlaxcala #8M #8demarzo,0,neutro o no misogino,real,,,,,,,
"Durante la primera sesión del 2026 del Comité Estatal de Información Estadística y Geográfica de #Tlaxcala, la gobernadora @USER destacó que este organismo ha sido una herramienta clave para focalizar los programas sociales a quien más lo necesita.",0,neutro o no misogino,real,,,,,,,
"Ayer, nos tocó apoyar a las y los jóvenes deportistas de #Tlaxcala en la inauguración de la Olimpiada Nacional @USER 2026 en #Puebla. Se rifan muchísimo y nos llenan de orgullo. Desde el gobierno y con el respaldo de nuestra gente, estamos con ustedes. ¡Vamos con todo!",0,neutro o no misogino,real,,,,,,,
"Opinión | Imponer a Alfonso Sánchez García: la continuidad podrida de la corrupción, el nepotismo y la impunidad de Lorena Cuéllar. …",0,neutro o no misogino,real,,,,,,,
"#Tlaxcala es tierra de campeones y SOMOS REFERENTE NACIONAL. Como Dominique Sánchez García, Angelique Romero Cuahutencos y Alessandro Romero Cuahutencos, orgullosamente tlaxcaltecos que se traen medallas a casa de la Olimpiada Nacional. ESTAMOS ORGULLOSOS DE USTEDES.",0,neutro o no misogino,real,,,,,,,
Te dejo unos cuantos políticos prianistas que ahora son morenistas: Alfonso Durazo Layda Sansores David Monreal Ávila Américo Villarreal Anaya Lorena Cuéllar Cisneros Manuel Bartlett Adán Augusto López Ricardo Monreal Alejandro Murat Claudia Sheinbaum AMLO y la lista sigue,0,neutro o no misogino,real,,,,,,,
"#CartónDelDía: El Gato del Poder: Alfonso Sánchez, el Títere Pintado de Lorena Cuéllar.",0,neutro o no misogino,real,,,,,,,
"Agradezco a @USER , Gobernadora de Tlaxcala y a Ricardo Peralta Saucedo, Delegado de la Oficina de Representación del @USER , la invitación a “Mexicanizando al Mundo”, obra del maestro César Menchaca presentada en Casa Tlaxcala.",0,neutro o no misogino,real,,,,,,,
"Más educación para las y los jóvenes de Tlaxcala. Con el apoyo de la Presidenta Claudia Sheinbaum Pardo, estamos construyendo el futuro educativo de Tlaxcala mediante la creación del nuevo campus del Politécnico en nuestra entidad.",0,neutro o no misogino,real,,,,,,,
"#Tlaxcala @USER ,La gobernadora Lorena Cuéllar Cisneros encabezó el Encuentro Estatal de Emprendedoras 2026. Más información y galería",0,neutro o no misogino,real,,,,,,,
"Cuando una mujer gana independencia financiera, cambia todo. Hoy, en el Encuentro Estatal de Emprendedoras 2026, lo reafirmamos con hechos: 65% de los programas en #Tlaxcala están dirigidos a mujeres. Porque la autonomía económica no solo abre oportunidades…también rompe ciclos",0,neutro o no misogino,real,,,,,,,
"ENxCA 2026 | Tlaxcala Nos honra contar con la presencia de la gobernadora Lorena Cuéllar Cisneros ( @USER ) y Alfonso Sánchez García ( @USER ), presidente municipal de Tlaxcala, en el Encuentro Nacional por la Cultura del Agua 2026, un espacio que",0,neutro o no misogino,real,,,,,,,
"LORENA CUÉLLAR DESTACA INVERSIÓN HISTÓRICA Y AVANCES EN SEGURIDAD Gobernadora @USER anuncia más de 13 mil mdp y miles de obras impulsan el desarrollo, mientras operativos y detenciones fortalecen la seguridad y el bienestar en #Tlaxcala. #CuartaTransformación",0,neutro o no misogino,real,,,,,,,
#ESTRENO 28 DE ABRIL|| “ASÍ LO DICE TLAXCALA” con Federico La Mont. La gobernadora del estado @USER como invitada especial en el primer programa. A través de Tlaxcala Televisión Canal 10.1 y en todas las redes sociales de Coracyt. ¡No te lo pierdas!,0,neutro o no misogino,real,,,,,,,
"Encabecé la sesión del Comité Estatal de Información junto al @USER , porque cada cifra cuenta una historia y nos ayuda a cerrar brechas. Tomamos protesta a nuevas y nuevos integrantes que se suman a este trabajo.",0,neutro o no misogino,real,,,,,,,
"En el Día de la Niñez no solo recordamos que en Colombia hay más de 15 millones de niños y niñas que merecen crecer con dignidad, identidad y protección, sino que también reiteramos, como sociedad, que son lo más valioso: el presente que debemos cuidar y el futuro que debemos",0,neutro o no misogino,real,,,,,,,
"¡Tlaxcala tiene con qué! Dominique Sánchez lo hizo posible. Con fuerza, disciplina y corazón, consigue el oro en el podio. Te mando muchas felicitaciones Dominique, eres puro #OrgulloTlaxcalteca. #CONADE2026",0,neutro o no misogino,real,,,,,,,
Red familiar en Tlaxcala: señalan nepotismo en el gobierno de la morenista Lorena Cuéllar. #Latinus #InformaciónParaTi,0,neutro o no misogino,real,,,,,,,
"Es un orgullo ver materializado un sueño que hoy es de todas y todos los tlaxcaltecas. Con la puesta en marcha del Polo de Desarrollo Económico para el Bienestar en Huamantla, Tlaxcala se consolida como un referente de crecimiento en el centro del país. Este no es solo un",0,neutro o no misogino,real,,,,,,,
"¡Las juventudes de #Tlaxcala llegan con fuerza a la #mañanera y a todo el país! Que gusto estar esta mañana presentando este gran esfuerzo que hacen las y los jóvenes, ante nuestra Presidenta @USER , acompañados por @USER , titular del @USER . Con",0,neutro o no misogino,real,,,,,,,
TOMAN PROTESTA NUEVOS INTEGRANTES DEL COMITÉ ESTATAL DE INFORMACIÓN ESTADÍSTICA Y GEOGRÁFICA DE TLAXCALA. * La gobernadora Lorena Cuéllar Cisneros destaca que “atrás de cada número hay información que nos permite dar tiros de precisión” en programas sociales.,0,neutro o no misogino,real,,,,,,,
#FelizViernes || Buenos días a todas y todos. Así cambió #Tlaxcala Y sí… se nota.,0,neutro o no misogino,real,,,,,,,
Lorena Cuéllar llama a la unidad en Morena rumbo a 2027 y fija postura ante demandas del campo ift.tt/lWmEBxu #Noticias #News,0,neutro o no misogino,real,,,,,,,
"#Tlaxcala @USER La gobernadora @USER y el presidente municipal, @USER participaron en la conferencia matutina de la presidenta Claudia Sheinbaum Pardo Más información y galería",0,neutro o no misogino,real,,,,,,,
"#Entérate| Reiteró gobernadora @USER respaldo a las mujeres tlaxcaltecas para fortalecer su independencia económica. Durante el Encuentro Estatal de Emprendedoras, destacó que, mediante programas estatales y redes de apoyo.",0,neutro o no misogino,real,,,,,,,
"#FelizMartes || Durante nuestra gira de trabajo, hoy entregamos vales para cirugías de la vista a jóvenes tlaxcaltecas. 160 Nuevas Historias que empiezan a transformarse desde hoy. Más de 800 jóvenes ya han sido beneficiados. Tenemos muy claro que invertir en su bienestar es",0,neutro o no misogino,real,,,,,,,
Encabeza Lorena Cuéllar Foro Estatal sobre Conectividad Crítica y Salud Mental en el Aula …,0,neutro o no misogino,real,,,,,,,
"#Noti13DeLaTarde La Gobernadora de Tlaxcala, Lorena Cuéllar inauguró el encuentro Nacional Por La Cultura de Agua 2026, en el Parque Ecológico ""Federico Silva"", en San Hipólito Chimalpa. En este evento, se afirmó que la entidad se posiciona como un modelo nacional.",0,neutro o no misogino,real,,,,,,,
"Nombrar para no olvidar: Caren Smith Cubillos Miraña, 13 años Dani Santiago Leyton Cuéllar, 15 años Deini Lorena Beltrán Mendoza,16 años Maicol Andrés Pérez Ávila, 16 años Martha Elena Abarca Vilches, 17 años Dos menores sin identificar Información de @USER",0,neutro o no misogino,real,,,,,,,
"Lamento profundamente el fallecimiento de Manuel Morales Hernández, director de Capulli Noticias, un gran periodista. Reconozco el compromiso con su trabajo y trayectoria, distinguida con la presea Miguel N. Lira en 2024. A su familia y seres queridos, mi solidaridad y abrazo en",0,neutro o no misogino,real,,,,,,,
Buenos días Hoy orgulloso de todo el Equipo de Epidemiología el laboratorio estatal y las brigadas de Vacunación. Llevamos 2 semanas sin casos de Sarampión. @USER @USER @USER @USER @USER @USER,0,neutro o no misogino,real,,,,,,,
"Rumbo a las elecciones de 2027, la gobernadora Lorena Cuéllar Cisneros aseveró que no se ha involucrado en temas partidistas de #Morena y que es respetuosa de ellos",0,neutro o no misogino,real,,,,,,,
"En Tepetitla, la transformación es una realidad. Con el anuncio de los 72 millones de pesos destinados a salud, educación y seguridad, reafirmamos que nadie se queda atrás. Estamos transformando el presente y el futuro de Tepetitla.",0,neutro o no misogino,real,,,,,,,
"New Podcast! "" PROHIBIR CELULARES EN ESCUELAS SERÍA MEDIDA EXTREMA, ADMITE LORENA CUÉLLAR "" on @USER",0,neutro o no misogino,real,,,,,,,
"El día de hoy asistí a la Mesa Interestatal #Tlaxcala-#Puebla, región Zacatelco–San Martín Texmelucan, encabezada por Lorena Cuéllar, Gobernadora Constitucional de Tlaxcala, a quien me dio mucho gusto saludar. Durante este encuentro se abordaron temas clave para fortalecer los",0,neutro o no misogino,real,,,,,,,
Entrega gobernadora Lorena Cuéllar fuego simbólico de independencia a los 60 municipios,0,neutro o no misogino,real,,,,,,,
"Encuentros Tlaxcaltecas, #UnaNuevaHistoria || Más de 13 mil millones de pesos invertidos y 6,200 obras en todo el estado. En #Texoloc, más de 42.6 millones de pesos destinados a infraestructura y programas para el bienestar de todas y todos. Además, fortalecemos la",0,neutro o no misogino,real,,,,,,,
"En #Tlaxcala estamos cambiando la forma de servir. Hoy en el 2do Congreso Estatal de Servidoras y Servidores Públicos, no solo hablamos de innovación, hablamos de un gobierno que pone a las personas en el centro. Gracias al trabajo de nuestras y nuestros servidores públicos,",0,neutro o no misogino,real,,,,,,,
"#Estado | #Tlaxcala, modelo nacional en saneamiento y cultura del agua: @USER",0,neutro o no misogino,real,,,,,,,
"#MañaneraDelPueblo | La muralista mexicana, Mon Ventura, expresó su entusiasmo por participar en la Jornada Nacional de Tequios y Murales Mundialistas, así como por colaborar con el @USER para “llevar el muralismo a más rincones del país”.",0,neutro o no misogino,real,,,,,,,
"Reconozco el trabajo comprometido de @USER al frente de la Secretaría de las Mujeres, impulsando acciones y leyes en favor de la igualdad y el bienestar de las mexicanas. Le deseo mucho éxito en esta nueva etapa como Presidenta de la Comisión Nacional de Elecciones de",0,neutro o no misogino,real,,,,,,,
"Dominique Sánchez García lo volvió a hacer y junto a Miriam García Mota y Verenice García Méndez, #Tlaxcala suma dos oros más en ciclismo de ruta. 11 medallas en total y contando. ¡Tlaxcaltecas que están haciendo historia!",0,neutro o no misogino,real,,,,,,,
"Tuve el honor de participar en la mañanera del pueblo, junto a la Presidenta @USER y la Gobernadora @USER . En Tlaxcala asumimos el compromiso de estar a la altura, con trabajo y coordinación nos sumamos a la estrategia nacional Jóvenes Transformando México,",0,neutro o no misogino,real,,,,,,,
#ESTRENO 28 DE ABRIL|| “ASÍ LO DICE TLAXCALA” con Federico La Mont. La gobernadora del estado @USER Cuéllar como invitada especial en el primer programa. A través de @USER . Televisión Canal 10.1 y en todas las redes sociales de Coracyt. ¡No te lo pierdas!,0,neutro o no misogino,real,,,,,,,
Inauguran Lorena Cuéllar y alcaldes obras de movilidad y bienestar en Tlaxcala y Chiautempan …,0,neutro o no misogino,real,,,,,,,
Destaca @USER el modelo Tlaxcala y la labor de Lorena Cuellar en Polo de Desarrollo,0,neutro o no misogino,real,,,,,,,
"Ver la sonrisa de alguien al estrenar sus lentes no tiene precio. En Tlaxcala, seguimos haciendo historia con la Tercera Macro Jornada de Lentes Reacondicionados. Gracias al trabajo conjunto entre el SEDIF Tlaxcala y Lions Lions Clubs International, cientos de personas hoy",0,neutro o no misogino,real,,,,,,,
"OJO: El Gobierno se sigue endeudando con bonos TES a un año de 13.72% máximo histórico desde 2009 y, mientras crece la desconfianza de inversionistas, aumenta la tensión con el Banco de la República y el déficit fiscal se sigue desquebrajado. Si no corregimos el rumbo y",0,neutro o no misogino,real,,,,,,,
"#MañaneraDelPueblo | Sobre el incendio en las bodegas de @USER en #Zacatecas, ocurrido el pasado 21 de abril, la presidenta @USER aseguró que la @USER está investigando si el fuego fue un accidente producido por una quema de llantas como parte de una",0,neutro o no misogino,real,,,,,,,
"Durante el “Encuentro Nacional por la Cultura del Agua 2026”, la gobernadora @USER destacó el avance de proyectos hídricos, la recuperación de espacios ambientales y la inversión histórica en infraestructura hidráulica. Información de @USER #CoracytNoticias",0,neutro o no misogino,real,,,,,,,
#GraphosCc #Tlx #Noticias #GobTlax | CLAUDIA SHEINBAUM Y LORENA CUÉLLAR INAUGURAN UNIVERSIDAD “ROSARIO CASTELLANOS” EN TEOLOCHOLCO @USER @USER @USER …,0,neutro o no misogino,real,,,,,,,
|| Informa el gobernador Alejandro Armenta [ @USER ] que ayer se llevó a cabo en la zona militar de Tlaxcala una mesa de trabajo con su homóloga Lorena Cuéllar [ @USER ] para coordinar investigaciones y esclarecer el asesinato de la pareja Tello Ruiz.,0,neutro o no misogino,real,,,,,,,
Les comparto cuatro acciones que destacan este programa:,0,neutro o no misogino,real,,,,,,,
"La información clara permite tomar mejores decisiones. Participé en la Primera Sesión del Comité Estatal de Información Estadística y Geográfica en Tlaxcala, junto al @USER y la gobernadora @USER . Así #TransformamosVidas",0,neutro o no misogino,real,,,,,,,
Ni como ayudarlos son bien incompetentes @USER No te contestan te dejan en el conmutador @USER No hay como denunciar la falta de medicamentos tal parece estas de tapadera @USER Y defiendes a la gatera corrupta de @USER esta haciendo negocioazo,0,neutro o no misogino,real,,,,,,,
"Al encabezar el acto, la gobernadora @USER señaló que la estrategia tiene como propósito prevenir incendios en áreas naturales protegidas y zonas forestales de la entidad. #CoracytNoticias #MantenteInformado",0,neutro o no misogino,real,,,,,,,
"Tlaxcala, modelo nacional en saneamiento y cultura del agua: gobernadora @USER",0,neutro o no misogino,real,,,,,,,
#AvanceInformativo Martes 28 de abril de 2026/10:00 horas Participó gobernadora @USER en foro de “Conectividad Crítica y #SaludMental” Convoca @USER a mujeres #embarazadas a vacunarse contra el #VirusSincicialRespiratorio #CoracytNoticias,0,neutro o no misogino,real,,,,,,,
#AvanceInformativo Jueves 23 de abril de 2026 / 12:00 horas Inauguró gobernadora @USER el Encuentro Nacional por la Cultura del Agua 2026 Más de 50 mil jóvenes reciben apoyo a través del @USER #MantenteInformado #CoracytNoticias,0,neutro o no misogino,real,,,,,,,
"Gracias a nuestra Gobernadora del Estado de Tlaxcala, Lic. Lorena Cuéllar Cisneros llevamos a cabo el Encuentro Estatal de Emprendedoras.  ¡Gracias a nuestras mujeres tlaxcaltecas por formar parte de esta historia! #GobiernoDeTlaxcala #SMET #UnaNuevaHistoria",0,neutro o no misogino,real,,,,,,,
"#Nacional La gobernadora de #Tlaxcala, @USER , informó que la madrugada de este domingo 26 de abril, se registró el descarrilamiento de un tren de carga entre Apizaco y Yauhquemehcan, sin que se reporten personas lesionadas ni riesgos para la población. Señaló que se",0,neutro o no misogino,real,,,,,,,
"LORENA CUÉLLAR IMPULSA INVERSIÓN HISTÓRICA EN AGUA Con más de 4,500 MDP invertidos, el estado liderado por la gobernadora @USER impulsa proyectos que transforman espacios, fortalecen el campo y mejoran la calidad de vida en #Tlaxcala. #CuartaTransformación Toda",0,neutro o no misogino,real,,,,,,,
"Martes 28 de abril 19:00 horas. ¡Gran estreno! || “ASÍ LO DICE TLAXCALA” con Federico La Mont. En el primer programa nos acompañará la gobernadora del estado, @USER como invitada especial. ¡No te lo pierdas! #AsíLoDiceTlaxcala",0,neutro o no misogino,real,,,,,,,
#MañaneraDelPueblo | La presidenta @USER descartó acciones unilaterales del Gobierno de #EUA en nuestro país en el combate a las drogas como señalaron medios de comunicación de ese país. “No coincidimos con ello [las versiones de medios estadounidenses]. Tenemos mucha,0,neutro o no misogino,real,,,,,,,
"#Noti13DeLaTarde En beneficio de 360 jóvenes de los 60 municipios de la entidad... La Gobernadora de #Tlaxcala, @USER entregó apoyos del programa ""Herramientas Para Tu Futuro 2026"", con el objetivo de fortalecer su desarrollo laboral. @USER",0,neutro o no misogino,real,,,,,,,
Entrega Lorena Cuéllar acceso a Banco de Alimentos en Atlahapa,0,neutro o no misogino,real,,,,,,,
Gobierno de Lorena Cuéllar calla #Tlaxcala,0,neutro o no misogino,real,,,,,,,
Huy mijos en Tlaxcala la justicia siempre es para el que paga más los jueces nuevos @USER los amenaza si no hacenlo que ella dice los manda a desaparecer ese es el Gobierno de @USER y @USER,0,neutro o no misogino,real,,,,,,,
#Atento I El Banco de Bogotá anunció los integrantes de su Junta Directiva entre el 1 de abril de 2026 y el 31 de marzo de 2027: María Lorena Gutiérrez; Ana María Cuellar de Jaramillo; Claudia Stella Tascón Durán; Carlos Arcesio Paz Bautista; Alejandro Augusto Figueroa Jaramillo;,0,neutro o no misogino,real,,,,,,,
"En el marco del Día de la Niña y el Niño, la gobernadora Lorena Cuéllar Cisneros encabezó la Junta de Gabinete Infantil en el Palacio de Gobierno, donde las infancias con mejor desempeño académico presentaron propuestas para mejorar el estado.",0,neutro o no misogino,real,,,,,,,
"Familiares de la gobernadora de Tlaxcala, Lorena Cuellar controlan 1.5 mdp del erario goo.su/dzfF A pesar de que la ley prohíbe el nepotismo, un reporte periodístico detalla que estos nombramientos se han justificado bajo esquemas de ""honoríficos"" o a través",0,neutro o no misogino,real,,,,,,,
"Dentro de la Pediatría, es claro que el Deporte es obligatorio. 10 mil Pasos al día es para cuidar tu Lo importante es la constancia y adaptar la intensidad a tu condición. Hoy felicitamos al equipo Ganador de la olimpiada Nacional, impulsando el deporte @USER",0,neutro o no misogino,real,,,,,,,
"• 77% menos incendios forestales • Primer estado con Programa de Manejo del Fuego alineado al modelo federal, somos ejemplo nacional. • +52% de aumento salarial a brigadistas. • Trabajo conjunto con los 3 ordenes de gobierno y comunidades.",0,neutro o no misogino,real,,,,,,,
"LORENA CUÉLLAR IMPULSA A LAS JUVENTUDES EN LA MAÑANERA Desde la mañanera, la gobernadora @USER se presenta el programa “Tlaxcaltequios”, donde jóvenes participan en la recuperación de espacios públicos y la construcción de paz en #Tlaxcala.",0,neutro o no misogino,real,,,,,,,
"Mi reconocimiento y agradecimiento a Pedro Aquino Alvarado, Secretario de Medio Ambiente y a María Teresa Flores Cabral, representante de la Comisión Nacional Forestal, y a todas las y los brigadistas por su compromiso y trabajo en favor de nuestros bosques.",0,neutro o no misogino,real,,,,,,,
"GOLPE A LAS DROGAS | Asegura #FGR casi 20 mil pastillas posiblemente psicotrópicas sobre la carretera #Apizaco-#Huamantla. No se tiene registro de un decomiso así en #Tlaxcala, estado “seguro” para la gobernadora Lorena Cuéllar #ÍNDICEMEDIA is.gd/5RFcBE",0,neutro o no misogino,real,,,,,,,
"Opinión | Tlaxcala sí existe, y la gobernadora morenapriista Lorena Cuéllar Cisneros, junto con su parentela de primer grado en el gobierno son señalados de estar presuntamente involucrados en el asesinato del matrimonio Tello Ruiz. @USER .mx/elsoldepuebla/ …",0,neutro o no misogino,real,,,,,,,
Así se defiende un estado aprende @USER .,0,neutro o no misogino,real,,,,,,,
Cada día más cerca la versión de que Estados Unidos va a ejercer acciones contra funcionarios mexicanos vinculados con la #corrupción y el crimen organizado. A ver si no Ricardo Peralta se lleva entre las patas a la gobernadora de #Tlaxcala @USER,0,neutro o no misogino,real,,,,,,,
Entrega Lorena Cuéllar 160 vales para cirugías visuales gratuitas a través del ITJ …,0,neutro o no misogino,real,,,,,,,
"Tlaxcala se posiciona como líder nacional en cultura del agua La gobernadora Lorena Cuéllar afirmó que el estado es modelo en saneamiento y cuidado del agua, durante el Encuentro Nacional por la Cultura del Agua 2026, con más de 3 mil asistentes.",0,neutro o no misogino,real,,,,,,,
#AvanceInformativo Miércoles 29 de abril de 2026 / 10:00 horas Escuchó gobernadora @USER las propuestas de integrantes del #Parlamento #Infantil 2026 La #CEPC realiza #capacitaciones constantes con #artesanos de la #Pirotecnia #CoracytNoticias,0,neutro o no misogino,real,,,,,,,
"#AvanceInformativo Lunes 27 de abril de 2026 / 12:00 horas Inauguró gobernadora Lorena Cuéllar caminode acceso al Banco de Alimentos en Atlahapa, Tlaxcala Destacó modelo de saneamiento de Tlaxcala en el Encuentro Nacional por la Cultura del Agua 2026 #CoracytNoticias",0,neutro o no misogino,real,,,,,,,
#Cultura | Rinden homenaje a Tulio Hernández con la presentación de su biografía. La gobernadora Lorena Cuéllar asistió a la presentación del libro que destaca el legado cultural y político del exmandatario tlaxcalteca. chihuahua..mx/principal/reco …,0,neutro o no misogino,real,,,,,,,
"| El titular del Injuve, Abraham Carro Toledo y la gobernadora de Tlaxcala, Lorena Cuéllar Cisneros, se conectaron con la presidenta Claudia Sheinbaum para la inauguración de la Jornada nacional de tequios y murales mundialistas. #MañaneraDelPueblo #MananeraDelPueblo",0,neutro o no misogino,real,,,,,,,
MÁS MENSAJES AMENZANTES | Crece la psicosis en #Tlaxcala: se extienden amenazas de tiroteos a más escuelas. El Gobierno de Lorena Cuéllar lo minimiza; hoy sucedió en #Apizaco y #Huamantla. #ÍNDICEMEDIA is.gd/6dsOet,0,neutro o no misogino,real,,,,,,,
"Hoy, estuvimos en gira junto al Secretario de Infraestructura, Eduardo Rubén Hernández, entregamos 3 obras clave con una inversión superior a 43 millones de pesos:",0,neutro o no misogino,real,,,,,,,
"Escuchar a nuestras mujeres, a nuestros adultos mayores y a cada familia de #Nopalucan me llena de energía para seguir transformando Tlaxcala. Vamos por el camino correcto; un gobierno cercano, transparente y de resultados para las familias tlaxcaltecas.",0,neutro o no misogino,real,,,,,,,
#AvanceInformativo Miércoles 22 de abril de 2026 / 11:00 horas Refrenda gobernadora @USER impulso a la juventud durante arranque de la Jornada Nacional de #Tequios en #Tlaxcala,0,neutro o no misogino,real,,,,,,,
"La gobernadora @USER inauguró el camino de acceso al Banco de Alimentos en la comunidad de Atlahapa, el puente de Cuahutelulpan y la primera etapa de la carretera Tlacomulco–Santa Cruz Tetela. Con información de @USER #CoracytNoticias",0,neutro o no misogino,real,,,,,,,
"El día de hoy desayuné con mi querido amigo Diputado Alfonso Ramírez Cuéllar, muy contenta de recibirlo en Tlaxcala. ¡Deseo que todos tengan un feliz viernes!",0,neutro o no misogino,real,,,,,,,
"A través de “Uniendo Historias”, adultos mayores tlaxcaltecas recibieron sus documentos para viajar a Nueva York y reencontrarse con sus seres queridos. Hasta hoy, 253 beneficiarios han logrado reencontrarse con sus familias, fortaleciendo su bienestar emocional y reconstruyendo",0,neutro o no misogino,real,,,,,,,
"DESCARRILAMIENTO DE TREN EN APIZACO NO DEJA LESIONADOS La gobernadora de Tlaxcala, Lorena Cuéllar, informó que no se reportan personas heridas tras el descarrilamiento de un tren de carga en la colonia Morelos, en el municipio de Apizaco. Las autoridades señalaron que la zona",0,neutro o no misogino,real,,,,,,,
"3 obras, 3 puntos clave de #Tlaxcala. Atlahapa, Tlacomulco–Santa Cruz Tetela y Cuauhtelulpan hoy tienen nueva conectividad con más de 43 millones invertidos. #UnaNuevaHostoria",0,neutro o no misogino,real,,,,,,,
"En la #MañaneraDelPueblo, el #DetectorDeMentiras mostró una campaña de desinformación sobre las tiendas SUPERISSSTE y hasta desinformación sobre el Servicio Universal de Salud: Mentira que el Servicio Universal de Salud pondrá en riesgo a los pacientes, saturará los",0,neutro o no misogino,real,,,,,,,
"Presentan Programa Estatal de Manejo del Fuego 2026-2030, estructurado en cinco ejes @USER @USER @USER @USER @USER",0,neutro o no misogino,real,,,,,,,
#GobiernoDelEstado 65% de programas estatales están orientados a mujeres: Gobernadora La gobernadora Lorena Cuéllar Cisneros encabezó el Encuentro Estatal de Emprendedoras 2026 … #lineadecontraste,0,neutro o no misogino,real,,,,,,,
Así es muy querido Doctor.,0,neutro o no misogino,real,,,,,,,
"El Magistrado Presidente del @USER , Manuel Vázquez Conchas y las Magistradas, Luz María Vázquez Ávila y Martha Zenteno Ramírez, acudieron a la presentación editorial de “Tulio Hernández Gómez. Un gobierno parteaguas”, encabezada por la Gobernadora @USER .",0,neutro o no misogino,real,,,,,,,
"#Entérate| Durante el “Encuentro Nacional por la Cultura del Agua”, la gobernadora @USER afirmó que #Tlaxcala es una de las entidades con mayor inversión en acciones de saneamiento y cuidado del recurso hídrico en el país.",0,neutro o no misogino,real,,,,,,,
"La gobernadora de Tlaxcala, Lorena Cuéllar informó que la madrugada de este domingo 26 de abril, se registró el descarrilamiento de un tren de carga entre Apizaco y Yauhquemehcan, sin que se reporten personas lesionadas ni riesgos para la población.",0,neutro o no misogino,real,,,,,,,
"Hoy, la emoción desborda en cada pasaporte entregado. Nuestros adultos mayores tlaxcaltecas ya están listos para volar a Nueva York y reconstruir esos puentes que la distancia nunca pudo romper. Con 253 reencuentros logrados, reafirmamos nuestro compromiso: trabajar con el alma",0,neutro o no misogino,real,,,,,,,
"Fin de semana en mi tierra Tlaxcala, esperemos que pronto Carlitos pueda estar por estos lugares @USER @USER @USER @USER @USER @USER @USER @USER",0,neutro o no misogino,real,,,,,,,
"Martes 28 de abril 19:00 horas. ¡Gran estreno! || “ASÍ LO DICE TLAXCALA” con Federico La Mont. En el primer programa nos acompañará la gobernadora del estado, @USER como invitada especial. ¡No te lo pierdas! #AsíLoDiceTlaxcala #RedDeMediosMultiplataforma",0,neutro o no misogino,real,,,,,,,
#AvanceInformativo Miércoles 22 de abril de 2026 / 12:00 horas Llamó gobernadora @USER a las y los servidores públicos a trabajar con cercanía y compromiso,0,neutro o no misogino,real,,,,,,,
"ASALTO A MANO ARMADA EN TLAXCALA; ENCAÑONAN A REPARTIDORES En San Simón Tlatlahuitepec, #Tlaxcala, dos sujetos armados interceptaron a repartidores y los despojaron del dinero del día. Tras el asalto escaparon en motocicleta. @USER @USER",0,neutro o no misogino,real,,,,,,,
"Y qué decir de la excelente cercanía que tiene @USER con las gobernadoras del país. Hablamos de @USER , @USER , Mara Lezama, Marina del Pilar, Delfina Gómez, Lorena Cuéllar, Rocío Nahle, Clara Brugada e Indira Vizcaíno",0,neutro o no misogino,real,,,,,,,
"#Entérate| Durante la presentación del #libro “Tulio Hernández Gómez. Un gobierno parteaguas”, con la presencia de la gobernadora @USER como invitada especial, se anunció que su administración creará un fondo documental del exgobernador en el #aghet.",0,neutro o no misogino,real,,,,,,,
"Como parte del programa “Visualizando tu Futuro” del @USER , la gobernadora @USER entregó vales para que accedan a las intervenciones, las cuales mejorarán la salud visual de las personas. #CoracytNoticias #MantenteInformado",0,neutro o no misogino,real,,,,,,,
"Esta obra, “Mexicanizando al mundo”, nos dará mucha más presencia en todos lados. Visibilizará nuestro país, eso hará que atraiga el turismo internacional, el deseo de conocer México, nos darán nuevas oportunidades para crecer en todos los rubros. La cultura y el arte mexicano,",0,neutro o no misogino,real,,,,,,,
#FelizMiércoles #EnPortada Enfurece gobierno de Lorena Cuéllar ( @USER ) por caso Tello Ruiz y reclama a fiscal de Puebla goo.su/QU9V1 Estos cambios habrá en Cablebús de Puebla tras polémica de árboles goo.su/9qshEDf,0,neutro o no misogino,real,,,,,,,
"El 65% de los programas estatales está orientado a mujeres, afirma Lorena Cuéllar",0,neutro o no misogino,real,,,,,,,
"Omar, escolta de la gobernadora de Tlaxcala, Lorena Cuéllar, provocó un accidente en la autopista México-Puebla mientras se encontraba en estado etílico. El individuo ya fue liberado, al tiempo que una de las víctimas se encuentra en el hospital luchando por su vida.",0,neutro o no misogino,real,,,,,,,
"Perfecto, es importante tener su número de contacto.",0,neutro o no misogino,real,,,,,,,
OJO: Con la excusa de libertad de expresión NO permitiremos ataques a nuestro #DerechoACreer. Irrumpir a las afueras de iglesias y usar símbolos religiosos como burla es una agresión directa que no puede normalizarse NUNCA. La libertad religiosa en Colombia no es negociable,0,neutro o no misogino,real,,,,,,,
"#Estados | Las encuestas de marzo muestran una evaluación dividida del gobierno de Lorena Cuéllar ( @USER ) en #Tlaxcala, con niveles de aprobación que van del 30% al 57.2%, dependiendo de la casa encuestadora.",0,neutro o no misogino,real,,,,,,,
"#Entérate | Mejoró gobierno estatal la conectividad entre #Tlaxcala y #Panotla con nuevo puente en #Cuauhtelulpan. Con una inversión de 24 millones de pesos, la gobernadora @USER inauguró la obra que beneficiará a más de 42 mil habitantes de la región.",0,neutro o no misogino,real,,,,,,,
Muy acertada la decisión del @USER que suspendió el Decreto 0415 con el que el Gobierno pretendía trasladar $25 billones de las AFP a @USER . Se evitó el traslado exprés que ponía en riesgo los recursos pensionales de miles de afiliados en nuestro país,0,neutro o no misogino,real,,,,,,,
Lorena Cuéllar ( @USER ) encabeza una inversión millonaria en Tepetitla y Nopalucan para fortalecer la infraestructura urbana y el bienestar social en Tlaxcala,0,neutro o no misogino,real,,,,,,,
"Conversamos con Lorena Cuéllar Cisneros ( @USER ), gobernadora de Tlaxcala, sobre la inauguración del primer Polo de Desarrollo Económico para el Bienestar, la llegada de la Universidad Nacional Rosario Castellanos y los avances en salud y desarrollo económico en la",0,neutro o no misogino,real,,,,,,,
"OJO, como es costumbre de este gobierno con los decretazos, el gobierno expide el Decreto 0415 —en el cual traslada $25 billones de las AFP a Colpensiones—metiendo la mano al ahorro de los colombianos, sin mediar debate, garantías y en medio de incertidumbre jurídica. El",0,neutro o no misogino,real,,,,,,,
"#Entérate | Integrantes del “#GabineteInfantil 2026” presentaron propuestas a la gobernadora @USER y a la presidenta honorífica del @USER , @USER , como parte de un ejercicio de participación cívica.",0,neutro o no misogino,real,,,,,,,
"#Tlaxcala #EntrevistaSeguridad La mañana de este martes, en breve entrevista, la gobernadora Lorena Cuéllar Cisneros se refirió a la percepción de inseguridad en el estado Más información y galería",0,neutro o no misogino,real,,,,,,,
"Los libros “Bustamante, la otra historia” y “Guadalupe, 310 años de grandeza y valor” documentan el papel de quienes migraron al norte del país, destacó la gobernadora @USER , al señalar que estas obras contribuyen a preservar su legado histórico.",0,neutro o no misogino,real,,,,,,,
"Hoy, en la Tercera Macrojornada de Lentes Graduados, sumamos esfuerzos para transformar vidas. Estoy muy contenta con el trabajo conjunto del @USER y el Club de Leones, gracias a su gran labor se estarán entregando más de 6 mil lentes graduados a quienes más lo",0,neutro o no misogino,real,,,,,,,
@USER delincuente de temmilucan Pablo menor dice en audio que salió libre gracias a la gobernadora que es su tía de ser así habrá tráfico de influencias @USER,0,neutro o no misogino,real,,,,,,,
"@USER gobernadora del Estado de Tlaxcala, inauguró la exposición “Mexicanizando al mundo” en las instalaciones históricas que albergan la casa Tlaxcala en CDMX. El maestro César Menchaca muestra su ingenio y cariño por Mexico. Visítanos!",0,neutro o no misogino,real,,,,,,,
"Este trabajo forma parte de las iniciativas impulsadas por la presidenta de México, @USER , y respaldadas en el estado por la gobernadora @USER",0,neutro o no misogino,real,,,,,,,
"La hiperconectividad y el uso excesivo de dispositivos móviles ha provocado un incremento de casos de depresión, ansiedad, aislamiento y otras afectaciones a la salud mental entre niñas, niños y adolescentes: @USER",0,neutro o no misogino,real,,,,,,,
Cercanía con el pueblo y uso responsable de los recursos brindan resultados a la ciudadanía : Lorena Cuéllar .mx/cercania-con-e … @USER @USER,0,neutro o no misogino,real,,,,,,,
"#MañaneraDelPueblo | La presidenta @USER aseguró que el objetivo de la Estrategia Nacional de Atención a la Salud Mental para las y los Jóvenes es atender a los jóvenes que tienen algún problema. ""¿Dónde vamos a encontrar esos jóvenes, principalmente en las escuelas, la",0,neutro o no misogino,real,,,,,,,
#AvanceInformativo Martes 28 de abril de 2026 / 17:00 horas Entregó gobernadora @USER vales para cirugías visuales a 160 jóvenes tlaxcaltecas Focalizará @USER programas con mayor demanda en #Tlaxcala #CoracytNoticias,0,neutro o no misogino,real,,,,,,,
#EnterateEnEstiloTlax ||TrabajoCoordinado La paz en Tlaxcala es resultado del trabajo coordinado entre autoridadesy ciudadania: Lorena Cuéllar … @USER @USER,0,neutro o no misogino,real,,,,,,,
"DESTACAN ACCIONES Y OBRAS EN TEXOLOC DURANTE ENCUENTRO TLAXCALTECA. * La gobernadora Lorena Cuéllar destacó inversiones históricas, programas sociales y proyectos de infraestructura en beneficio directo de las familias del municipio.",0,neutro o no misogino,real,,,,,,,
La gobernadora Lorena Cuéllar ( @USER ) consolida un esquema de inversión directa que supera las seis mil obras en los sesenta municipios del estado,0,neutro o no misogino,real,,,,,,,
#PeriodicoYA #PeriodicoYAPuebla #Tlaxcala #Municipios #Conagua Instalarán Polo de Economía Circular “Natalia Teniza Portillo” en #Atlangatepec @USER @USER,0,neutro o no misogino,real,,,,,,,
"Para fortalecer la atención en la administración pública estatal. Al inaugurar las actividades, la gobernadora Lorena Cuéllar, destacó que actualmente el 40 por ciento de los trámites en la entidad ya se realizan de manera digital.",0,neutro o no misogino,real,,,,,,,
"Tlaxcala, sede del Encuentro Nacional por la Cultura del Agua 2026, participan más de 3 mil asistentes. @USER @USER @USER",0,neutro o no misogino,real,,,,,,,
"Querida @USER , hoy celebro a una mujer de convicciones firmes y de territorio, que ha puesto su voz, su trabajo y su corazón al servicio del pueblo. Tu compromiso con la gente y con la transformación se siente y se respalda. ¡Feliz cumpleaños, te mando un abrazo!",0,neutro o no misogino,real,,,,,,,
"Y ahora? a quién le toca dar mantenimiento a esas vías?, pues a la empresa KANSAS CITY, no faltara el pendejo que diga que a Morena o CSP jajajajajaja",0,neutro o no misogino,real,,,,,,,
"Más de 42 millones de pesos fueron destinados a fortalecer la infraestructura, la vivienda, la educación y el bienestar de la población de esta demarcación, informó la gobernadora @USER durante el “Encuentro Tlaxcalteca”. #CoracytNoticias #MantenteInformado",0,neutro o no misogino,real,,,,,,,
"#Noti13DeLaNoche La Gobernadora Lorena Cuéllar, inauguró la exposición “Mexicanizando al Mundo” del artista César Menchaca, en la Casa Tlaxcala. Se podrán apreciar 32 piezas de arte contemporáneo, tales como los trajes típicos, máscaras de huehue o ponchos, entre otros.",0,neutro o no misogino,real,,,,,,,
MÁS MENSAJES AMENZANTES | Crece la psicosis en #Tlaxcala: se extienden amenazas de tiroteos a más escuelas. El Gobierno de Lorena Cuéllar lo minimiza; hoy sucedió en #Apizaco y #Huamantla. is.gd/6dsOet,0,neutro o no misogino,real,,,,,,,
"Juventud organizada: tequio, cultura y transformación Desde Tlaxcala, el IMJUVE reportó más de 9,057 actividades, incluyendo 5,701 tequios y 3,356 murales, con la participación de 958,311 jóvenes. La gobernadora Lorena Cuéllar destacó que estas acciones recuperan espacios",0,neutro o no misogino,real,,,,,,,
"#Ciudad El estado de Tlaxcala reafirma su posición estratégica en el Plan Nacional del Agua bajo la administración de la presidenta Claudia Sheinbaum. A través de la Comisión Nacional del Agua (CONAGUA) y en colaboración con el gobierno de Lorena Cuéllar Cisneros, se ejecutan",0,neutro o no misogino,real,,,,,,,
Encabeza Lorena Cuéllar encuentro con integrantes del 17° Parlamento Infantil …,0,neutro o no misogino,real,,,,,,,
"Ante lo evidente ¿ @USER mantendrá su discurso triunfalista de que en #Tlaxcala no hay presencia del crimen organizado? ¿Dirá acaso que ese delincuente solo estaba de paso? ¿Se atreverá a contradecir al secretario de Seguridad, Omar García Harfuch?",0,neutro o no misogino,real,,,,,,,
"LEVANTO MI VOZ CON FIRMEZA: Exijo justicia. Exijo que este crimen no quede en la impunidad. Exijo a las autoridades una investigación rigurosa, transparente y eficaz que permita identificar, judicializar y sancionar a los responsables con todo el peso de la ley. …",0,neutro o no misogino,real,,,,,,,
"Lorena Cuéllar encabeza sesión del #SEIEG: toman protesta titulares de #SIA, #IMSS Bienestar y Oficialía Mayor …",0,neutro o no misogino,real,,,,,,,
Destaca Lorena Cuéllar que el 65 por ciento de los programas estatales apoyan a mujeres …,0,neutro o no misogino,real,,,,,,,
La mejor gobernadora @USER sin duda alguna,0,neutro o no misogino,real,,,,,,,
"Arrancó la “Jornada Nacional de #Tequios por la Tierra” en #Tlaxcala La gobernadora @USER fue reconocida por el director general del Imjuve, Abraham Carro Toledo, por su compromiso para garantizar el bienestar de la juventud tlaxcalteca.",0,neutro o no misogino,real,,,,,,,
Claudia Sheinbaum ( @USER ) y Lorena Cuéllar ( @USER ) encabezan la apertura del primer Polo de Desarrollo Económico para el Bienestar en Huamantla #Huamantla #ClaudiaSheinbaum #LorenaCuéllar,0,neutro o no misogino,real,,,,,,,
La gobernadora Lorena Cuéllar Cisneros destaca que “atrás de cada número hay información que nos permite dar tiros de precisión” en programas sociales,0,neutro o no misogino,real,,,,,,,
"#MañaneraDelPueblo | La gobernadora de #Tlaxcala, @USER , agradeció a los jóvenes que forman parte del programa “Tlaxcaltequios”, integrado por jornadas de recuperación de rehabilitando canchas y espacios públicos en la entidad. “Seguimos dando resultados”, señaló.",0,neutro o no misogino,real,,,,,,,
"Junto a decenas de jóvenes, la gobernadora Lorena Cuéllar encabezó en la cancha de fútbol de la colonia ""La Joya"", en el municipio de #Tlaxcala, un “#Tlaxcaltequio”, donde se realizaron trabajos de rehabilitación y limpieza.",0,neutro o no misogino,real,,,,,,,
"#Tlaxcala || Cercano al poder, el titular de #Secture amasó una fortuna sin mucho esfuerzo: hoy posee terrenos y autos de colección || Fabricio Mena, cuñado de @USER , incrementó su patrimonio cuando su hermano Marco fue gobernador por el PRI .mx/?p=17391",0,neutro o no misogino,real,,,,,,,
"Con 42.6 mdp invertidos, Lorena Cuéllar lleva el Encuentro Tlaxcalteca a #Texoloc y anuncia colector sanitario …",0,neutro o no misogino,real,,,,,,,
"Como mamá, mujer y como Provida, hoy me uno a la lucha contra el cáncer infantil. Debemos crear conciencia como sociedad para detectar esta enfermedad a tiempo y salvar las vidas de nuestros niños, niñas y adolescentes. Esta no puede seguir siendo una de las principales",0,neutro o no misogino,real,,,,,,,
"Corrupto Regidor de la capital denunciado como agresor de esposa, presume cercanía a Lorena Cuéllar Regidor de la capital denunciado como agresor de esposa, presume cercanía a Lorena Cuéllar share.google/z8pdx4tjFAGb8z …",0,neutro o no misogino,real,,,,,,,
"Estos proyecto ayudan a posicionar a lo Puebla como semillero de deportistas, bieeeen @USER #PorAmorAPuebla #PensarEngrande",0,neutro o no misogino,real,,,,,,,
"La gobernadora @USER afirmó que Tlaxcala consolida un servicio público innovador y humanista, gracias a la vocación y al trabajo de las y los trabajadores de las dependencias, lo que ha permitido mejorar en un 40 por ciento la percepción ciudadana …",0,neutro o no misogino,real,,,,,,,
#Entérate | La gobernadora @USER recibió a las y los 25 integrantes del XVII #ParlamentoInfantil en el Salón Rojo del Palacio de Gobierno.,0,neutro o no misogino,real,,,,,,,
"No que estado más seguro? @USER mentirosa y corrupta, ser mujer no es saber gobernar!",1,explicita,real,,,,,,,
"Se presentó en la @USER una iniciativa firmada por Alfonso Ramírez Cuéllar, Mariana Benítez, Olga Sánchez Cordero y Javier Corral para “corregir” la reforma que llevó a la elección popular de juezas, magistrados y ministras del Poder Judicial. No es una ocurrencia: es la",0,neutro o no misogino,real,,,,,,,
Estamos en la Reunión de Comisiones Unidas de Puntos Constitucionales y de Reforma Política-Electoral discutiendo la minuta de la #ReformaElectoral,0,neutro o no misogino,real,,,,,,,
La cosa se complica porque vía acción de inconstitucionalidad no se podría y controversias constitucionales no proceden en materia electoral. Gracias por leerlo y con gusto acá ando para reflexionar juntos este interesante tema. Saludos.,0,neutro o no misogino,real,,,,,,,
"Embajador creo q faltan @USER @USER @USER @USER @USER @USER @USER @USER @USER @USER @USER @USER @USER @USER de @USER q han socavado México, Gracias",0,neutro o no misogino,real,,,,,,,
Valla hasta que la exministra Olga Sánchez cordero Que es una estupida Hace un llamado a la capacidad judicial felicidades ( Los ministros del Acordeón son igual de ignorantes que el kkas narco expresidente ) Destructor de México,1,explicita,real,,,,,,,
"usted pinche vieja corrupta, chingue a su madre, pronto pagarás todas tus mamadas !",1,explicita,real,,,,,,,
"Tendrían… “No lo sé, puede ser, a lo mejor, tal vez, quién sabe”, el capulina de Ramón Alberto Garza, sí, el mismo que se ostentaba como “asesor” de Olga Sánchez Cordero en Gobernación para abrir puertas en la 4T y “amarrar negocios” de terceros, ya no sabe cómo manipular",0,neutro o no misogino,real,,,,,,,
Y si vas a estar? O como en la votaciones importantes te vas a hacer Mensa y te largas?,0,neutro o no misogino,real,,,,,,,
Doña Sánchez Florero,0,neutro o no misogino,real,,,,,,,
Que chingue a su madre la momia ésa. @USER,1,explicita,real,,,,,,,
"El cáncer azucarado de mierdera escribiendonpendejadas. Y los que acaparan el agua ya lo saben @USER @USER Jorge Carlos Ramírez Marín, Vicente Fox y todos los pwtos Monreal, María Estela Ríos Gómez????????",1,explicita,real,,,,,,,
"Bueno, la razón verdadera de la iniciativa para modificar la reforma judicial de Olga Sánchez Cordero es porque su hija no llegó a la posición. El poder político está ligado al nepotismo y eso no va a cambiar, nadie va a hacer nada, esto lleva siglos ocurriendo.",0,neutro o no misogino,real,,,,,,,
"La clave del cambio está en quienes lo hacen posible. #EnEntrevista, la diputada @USER destacó que el éxito del #CNPCyF depende de operadores jurídicos y ciudadanía, así como de personas juzgadoras preparadas y activas en su implementación. Dale play.",0,neutro o no misogino,real,,,,,,,
"Los traidores a la Patria @USER y @USER son de los personajes más deleznables del #NarcoGobiernoMorena y artifices de la destrucción de la Democracia, del Poder Judicial de la @USER por ende del País! Mientras se hacian inmensamente ricos y gozan de impunidad",0,neutro o no misogino,real,,,,,,,
@USER @USER @USER @USER cuando está doñita se retire México saldrá ganando. Ella fue poniendo las cosas a modo para la crisis judicial en la que estamos.,0,neutro o no misogino,real,,,,,,,
"Morena propone aplazar elección judicial a 2028 Morena buscan evitar saturación electoral y fortalecer filtros de selección de aspirantes, dice la senadora Olga Sánchez Cordero tras plantear aplazar la elección judicial #Eleccionjudicial #olgasanchezcordero #Morena",0,neutro o no misogino,real,,,,,,,
Saludos desde Oaxaca @USER,0,neutro o no misogino,real,,,,,,,
"Una revisión realizada por El Universal, encontró que entre los candidatos registrado está Miguel Enrique Lucía Espejo, quien ha sido senador suplente de Morena y trabajó en Segob bajo las órdenes de Olga Sánchez Cordero.",0,neutro o no misogino,real,,,,,,,
Habrá que agradecerle a @USER a @USER a @USER esta versión “mejor” de la @USER,0,neutro o no misogino,real,,,,,,,
finalmente . @USER se da cuenta y reconoce que se les chorreo la leche y la estufa ya no funciona el sorteo mata talento y mata la justicia,0,neutro o no misogino,real,,,,,,,
"Ni entre ellos se quieren, en este vídeo del post que comparto le mete un periodicazo la @USER a la ministra burra @USER, no deberian dejar esos cargos a mujeres",1,explicita,real,,,,,,,
@USER @USER @USER @USER @USER @USER @USER Urge la reforma.,0,neutro o no misogino,real,,,,,,,
"Exacto, tienen el preescolar trunco. La única es @USER que es un florero. Y votó por destruir a la República.",1,explicita,real,,,,,,,
ESTA SRA. @USER YA DEBIO IRSE A DISFRUTAR TODO LO QUE GANO EN LA @USER Y LO QUE GANA JUBILADA !!!,0,neutro o no misogino,real,,,,,,,
"Ramón Alberto Garza, el mismo que se ostentaba como “asesor” de Olga Sánchez Cordero en Gobernación para abrir puertas en la 4T y amarrar negocios de terceros, ahora se rasga las vestiduras contra el tráfico de influencias de Olán y los López Beltrán, no le basta inventar, sino a",0,neutro o no misogino,real,,,,,,,
"Siempre lo supo, pero fue más importante apoyar al viejo güango Macuspano que, LA ÉTICA Y PROFESIONALISMO de la @USER Verdad @USER ?",0,neutro o no misogino,real,,,,,,,
"Hoy en @USER tuvimos la sesión solemne en conmemoración de los 100 años del Movimiento Infantil y Juvenil Scout en México, y en sesión ordinaria aprobamos por unanimidad 3 dictámenes, en materia de delitos contra el medio ambiente, reducción gradual de la jornada laboral",0,neutro o no misogino,real,,,,,,,
"S.E el Embajador Abdelfattah Lebbar, recibió en la Residencia a la Dra. Olga Sánchez Cordero, destacada jurista y actual Diputada federal, quien ha desempeñado, a lo largo de su vida profesional, altos cargos en el Estado mexicano.",0,neutro o no misogino,real,,,,,,,
"@USER deberías solicitar que se disuelvs esa suprema corte del acordeón, fué un fraude orquestado por tu patrón refugiado en la shingada",1,benevolente,real,,,,,,,
Ahora reculas @USER ? después d la llegada d imbéciles como @USER @USER @USER Olvidas q con tu voto se destruyó la autonomía d la @USER para convertirla en un pinche circo lleno de payasos,0,neutro o no misogino,real,,,,,,,
"¿Nueva reforma judicial en México? Olga Sánchez Cordero propone modificar la Constitución para fortalecer el Poder Judicial tras la experiencia reciente en elecciones de jueces. La iniciativa incluye nuevos requisitos, evaluación técnica y vigilancia ciudadana. Lo que",0,neutro o no misogino,real,,,,,,,
@USER tenía todo para ser la consejera jurídica de @USER pero apostaron por @USER En que falló Olga?,0,neutro o no misogino,real,,,,,,,
Sabandija senecta,1,explicita,real,,,,,,,
Misma pregunta para @USER . Te ayudo a responder: ¡qué vergüenza!,0,neutro o no misogino,real,,,,,,,
"Semejante Malandro de Julio César Moreno... Así el perfil de quienes se denominan ""Legisladores""",0,neutro o no misogino,real,,,,,,,
Diputados de Morena buscan aplazar la elección del segundo paquete de jueces hasta junio de 2028 La iniciativa de Ramírez Cuéllar y Olga Sánchez Cordero busca evitar que el proceso coincida con elecciones políticas y garantizar independencia,0,neutro o no misogino,real,,,,,,,
"Durante la discusión del dictamen de la Comisión de Justicia respecto de la minuta con proyecto de Decreto por el que se reforman, adicionan y derogan diversas disposiciones de la Ley Federal de Procedimiento Contencioso Administrativo, tome la palabra para hacer algunas",0,neutro o no misogino,real,,,,,,,
"Un fracaso Olga Sánchez Cordero reconoce salidas en el Poder Judicial, pero defiende su iniciativa. Sin el respaldo de Ricardo Monreal, su viabilidad queda en duda.",0,neutro o no misogino,real,,,,,,,
"Al menos usted fue imparcial, tampoco impulsó el feminismo.",0,neutro o no misogino,real,,,,,,,
Propone Olga Sánchez Cordero reforma constitucional para fortalecer al Poder Judicial - .mx/congreso/2026/ …,0,neutro o no misogino,real,,,,,,,
Foro de Consulta Pública sobre la Iniciativa en Materia de Reconocimiento de la Neurodivergencia - 22/04/2026 @USER @USER @USER @USER,0,neutro o no misogino,real,,,,,,,
El CNPCyF como legislación histórica. Entrevista con Olga Sánchez Cordero:,0,neutro o no misogino,real,,,,,,,
"En la iniciativa de Alfonso Ramírez Cuéllar, Mariana Benítez, Olga Sánchez Cordero y el senador Javier Corral se reconoce expresamente la labor de @USER . Me alegra que les estén llegando momentos de lucidez a nuestros legisladores, después de ver la hecatombe generada.",0,neutro o no misogino,real,,,,,,,
Lo que tiene que hacer esta señora es promover la separación de los ministros del acordeón en @USER y hacer nuevas elecciones con reglas claras.,0,neutro o no misogino,real,,,,,,,
Nunca la tuvo es una corrupta como los demás.,0,neutro o no misogino,real,,,,,,,
Valla hasta que te cayó una gota de dignidad @USER de hablar algo congruente todos los integrantes de la @USER están jodidsss no saben nada del tema son unos medios huizaches eso viven como reyes ch,0,neutro o no misogino,real,,,,,,,
"@USER Es culpable del desastre de la @USER Es cómplice de la destrucción de la justicia y del país, ya se arrepiente de sus pendejadas ? Lo dudo, solo que los están exhibiendo por brutos y burrros",0,neutro o no misogino,real,,,,,,,
Pues no hubieran hecho reforma y dejarán trabajar a la Ministra Piña! @USER,0,neutro o no misogino,real,,,,,,,
@USER DESPUES DE AHOGADO EL NIÑO QUIERE TAPAR EL POZO DEBIO PENSARLO ANTES DE APOYAR ESTA GROTESCA REFORMA,0,neutro o no misogino,real,,,,,,,
"Los liderazgos d las mayorías parlamentarias se han negado a procesar la iniciativa --suscrita por los @USER @USER @USER @USER y @USER , y por los @USER @USER y @USER -- bajo el argumento d q cualquier",0,neutro o no misogino,real,,,,,,,
@USER conociendo tu estilo legal=político a toda respuesta de informes previos o justificados vas a decir que no y vas a proponer la ley eliminar el amparo @USER también la consejera jurídica debe de tener experiencia en amparo En fin ustedes hacen todo mal,0,neutro o no misogino,real,,,,,,,
"Seguro se quiere ir de inmigrante a Ecuador. Ahí le estaría yendo a toda madre seguramente. O quizá a Argentina, ya aprendieron a comer carne de burro. Y no te digo cuál parte disfrutaría más.",0,neutro o no misogino,real,,,,,,,
Que se vaya mucho a ching@USER a su pvta madr3 @USER ; miserable igual que @USER .,1,explicita,real,,,,,,,
Siempre asido una traidora Olga Sánchez cordero,0,neutro o no misogino,real,,,,,,,
"También pienso que es la presión de Estados Unidos, que están condicionando las negociaciones del TMEC con echar atrás la reforma del Poder Judicial. No es casual que figuras importantes como Olga Sánchez Cordero y Javier Corral hayan estén en contra después que la aprobaron.",0,neutro o no misogino,real,,,,,,,
"Oiga @USER , fabulosa la reforma judicial (así, con minúsculas). El poco prestigio que le quedaba, vaya que lo tiro al caño. Además, condenó a su hija a vivir el circo 4T. Así están los nuevos magistrados de la scjn (también con minúsculas). CULPABLE, amlo y Cia. Ej",0,neutro o no misogino,real,,,,,,,
"Excelentes representantes de Morena, Adán Augusto Lopez, Mario Delgado,Manuel Barrett, Rocio Nahle, Marcelo Ebrard, Olga Sánchez Cordero, Layda Sansores,Alfonso Durazo,Rubén Rocha Moya,Américo Villareal Salgado Macedonio, Yeiocol polevsky ,Miguel Ángel Yunes, Manuel Velazco ,",0,neutro o no misogino,real,,,,,,,
"Luciano Pascoe el pivote de la guerra sucia que ordena su jefe Ricardo Salinas a Ramón Alberto Garza, sí, el mismo que se ostentaba como “asesor” de Olga Sánchez Cordero en Gobernación para abrir puertas en la 4T y amarrar negocios de terceros, ahora se rasga las vestiduras",0,neutro o no misogino,real,,,,,,,
"Felicidades!!! Es un orgullo seguramente participar en la destrucción de la democracia, vieja riquilla pedorra.",1,explicita,real,,,,,,,
"Mientras los ex ministros y magistrados de la SCJN como @USER y @USER seguirán cobrando sus pensiones millonarias además de sus sueldos como ""funcionarios y servidores"" de la 4T.",0,neutro o no misogino,real,,,,,,,
"Lo que queda de la impresentable corrupta delincuente, @USER",0,neutro o no misogino,real,,,,,,,
Comenzamos los trabajos de hoy en @USER,0,neutro o no misogino,real,,,,,,,
"¿Por qué en la Constitución están escritas estas pendejadas, @USER @USER @USER ?",0,neutro o no misogino,real,,,,,,,
En la junta directiva de la Comisión de Derechos Humanos de la @USER estamos analizando diversos dictámenes sobre puntos de acuerdo.,0,neutro o no misogino,real,,,,,,,
"Vaya! Leí su fundamentación, al final tiene Usted razón. Sólo quedaría el asunto de la interpretación, lo cual, si algún grupo de legisladores intenta presentar una eventual controversia, sería la SCJN la que tendría que resolver. Pues bueno, si se puede y si deberían.",0,neutro o no misogino,real,,,,,,,
Y ahora si va votar ? O se va sustentar con permiso médico,0,neutro o no misogino,real,,,,,,,
"En la sesión de pleno de @USER aprobamos en lo general y en lo particular el proyecto de Decreto por el que se reforma el artículo 73, fracción XXI, inciso a) de la Constitución Política de los Estados Unidos Mexicanos, en materia de feminicidio.",0,neutro o no misogino,real,,,,,,,
Iniciativa de elección judicial La diputada Olga Sánchez Cordero reconoce que ha habido renuncias y otras situaciones que se han presentado en el poder judicial derivado de la pasada elecicon. Por lo que sostiene que el proyecto busca la profesionalización de los perfiles.,0,neutro o no misogino,real,,,,,,,
Olga Sánchez Cordero diputada federal de Morena. #Video: Ivonne Cárdenas Pérez,0,neutro o no misogino,real,,,,,,,
¡Acompáñenos a este importante foro! #neurodivergencia,0,neutro o no misogino,real,,,,,,,
"Xq la TRAIDORA @USER no hace un DECRETO RETROACTIVO para quitarles a POLÍTICOS GOBERNADORES PDTES MUNICIPALES, Y PDTES D LA REP. MINISTROS A LO Q NO LES QUITO SU PENSIÓN DORADA PARA NO DAÑAR A @USER @USER , q les QUITE LO Q HAN ROBADO D MEXICANOS",1,explicita,real,,,,,,,
@USER @USER @USER @USER @USER @USER Qué opinan de la ministra? Es lo que merece nuestro país?,0,neutro o no misogino,real,,,,,,,
"Realmente no se avergüenza del poder judicial que nos impuso la 4T? Cómo se sentirían los grandes maestros como Franco Guzmán, Carranca, Burgoa Orihuela, Góngora Pimentel, que usted gran ministra y juez haya sido partícipe de este circo junto con el impresentable de Zaldívar",0,neutro o no misogino,real,,,,,,,
pinche viejilla inútil pendeja igual que la imbécil Letrina Batres que no se hagan pendejos ellos la pusieron así que en el pecado llevan la penitencia por babosos @USER @USER @USER ahora que sigue pendejos ya hundieron al País sigan con sus mamadas,1,explicita,real,,,,,,,
Estamos en la recta final del periodo ordinario.,0,neutro o no misogino,real,,,,,,,
"Es una bestia, además de burra, impresentable y fachosa. Socrosa",1,explicita,real,,,,,,,
"Ni se pregunta, claro que pueden, pero no deberían",0,neutro o no misogino,real,,,,,,,
"La iniciativa suscrita por Alfonso Ramírez Cuéllar, Olga Sánchez Cordero y Javier Corral para corregir la reforma judicial plantea su aplazamiento a 2028, eliminación del requisito de promedios y contar con una certificación de competencias emitida por la ENFJ. #ReformaJudicial",0,neutro o no misogino,real,,,,,,,
"Te haces pendeja @USER , y porqué nunca dijiste nada antes y solapaste todo para llegar a esta vergüenza de poder judicial?",1,explicita,real,,,,,,,
. La justicia del pueblo que nos entregó @USER @USER @USER que tal @USER @USER @USER,0,neutro o no misogino,real,,,,,,,
Demasiado tarde reacciona esta pendeja @USER . Se vendió a la 4T y ahora todos pagamos su traición.,1,explicita,real,,,,,,,
@USER es una basura!!!,1,explicita,real,,,,,,,
"@USER Esperamos NUNCA olvides que formaste parte de la ridiculización y degradación de la @USER La 4T se cagó en nuestras instituciones y de un poder de la unión, formaron un lamentable circo monstruosamente disfuncional, improvisado y mediocre. #SerásJuzgada",0,neutro o no misogino,real,,,,,,,
Con atentos recordatorios a la Saldivar y a los Yunes hdspm...,0,neutro o no misogino,real,,,,,,,
"@USER no tiene ninguna autoridad moral para hablar sobre la reforma judicial, después de que ella ayudó a destruir a la Suprema Corte y a la carrera judicial. Además, cínicamente disfruta de dos ingresos provenientes del erario: su pensión y su remuneración",0,neutro o no misogino,real,,,,,,,
"Nunca es tarde para reconocer los errores @USER y eso habla bien de usted, ojalá tener la oportunidad de ver una mesa de diálogo con usted, @USER @USER y otros más donde asuman esa enorme responsabilidad de subsanar el error tan atroz.",0,neutro o no misogino,real,,,,,,,
"No cabe duda !! Inteligencia NO le sobra !! O sea, es una pndejA !! Triste y patética la historia que queda grabada de la 1a mujer presidente de México !! @USER @USER @USER @USER @USER @USER @USER @USER @USER",1,explicita,real,,,,,,,
"Les comparto esta entrevista que representantes de los medios de comunicación, en @USER , me hicieron, sobre la iniciativa al fortalecimiento del Poder Judicial. m. …",0,neutro o no misogino,real,,,,,,,
Es un maquillaje pa engañar a la gente,1,explicita,real,,,,,,,
Y la traidora qué no esta en la votaciones importantes se va al baño y no vota qué tiene conseciones de agua y su hija esta en contra de la nueva corte???,1,explicita,real,,,,,,,
"La Ley del Trabajo es clarísima: la base para las indemnizaciones no debe ser menor al salario. Y si había duda, el principio pro persona obligaba a favorecer a las víctimas. En contra de la ley y la constitución, la Nueva SCJN impuso la UMA y recortó más del 60% la",0,neutro o no misogino,real,,,,,,,
Que indignante que alguien como @USER quiera contener la destrucción del Poder Judicial en México! Señora tendrá que asumir su responsabilidad histórica!,0,neutro o no misogino,real,,,,,,,
Muy tarde reconocen que la elección judicial fue un error La diputada Olga Sánchez Cordero admite que hubo renuncias tras los comicios pasados Y ahora sí buscan profesionalizar los perfiles de candidatos,0,neutro o no misogino,real,,,,,,,
Es tal el cinismo cuatrero que no les importa!,0,neutro o no misogino,real,,,,,,,
Otra lacra rata traidora más,1,explicita,real,,,,,,,
"La nueva SCJN está tomando decisiones que no resisten un análisis jurídico serio. Ese patrón no solo genera dudas sobre la idoneidad y capacidad de sus integrantes, sino también sobre su honradez, integridad, imparcialidad y las motivaciones que están detrás de sus",0,neutro o no misogino,real,,,,,,,
"Olga Sánchez Cordero, acaba de decirles BOLA DE PENDEJOS, PAYASOS y BURROS a toda la Corte del acordeón. @USER @USER y como los eligió AMLO y Claudia, pues ahí que agarren lo que les corresponde. Ella fue mascota de AMLO en 2019 en SEGOB. Ya vieron sus pendejadas.",0,neutro o no misogino,real,,,,,,,
"Terminamos la jornada de hoy en @USER aprobando el acuerdo de la JUCOPO por el que se propone al Pleno la elección de tres personas que ocuparán las consejerías electorales del Consejo General del Instituto Nacional Electoral, las personas son: Blanca Yassahara Cruz",0,neutro o no misogino,real,,,,,,,
. @USER se adelanto en el comentario y tenia razón . @USER que dirá? . @USER . @USER lo bueno es que ya esta detectado,0,neutro o no misogino,real,,,,,,,
Siguen ustedes @USER del,0,neutro o no misogino,real,,,,,,,
"Foros para la implementación del Código Nacional de Procedimientos Civiles y Familiares en el Estado de Oaxaca, felicito al poder judicial por organizar este gran evento @USER Bienvenidos a Oaxaca @USER @USER",0,neutro o no misogino,real,,,,,,,
"Disculpe, Ministra @USER , ¿le genera algo de vergüenza ser cómplice de esto?",0,neutro o no misogino,real,,,,,,,
A usted también le rebajaron sus dos pensiones a la mitad ?. Como a miles de trabajadores que solo reciben una y muy escasa. Usted es privilegiada de cuatrote.,0,neutro o no misogino,real,,,,,,,
Y a huevo @USER debe salir con su trapeador sobre los hombros. Por lo menos cuando estaba Doña @USER había conocimiento y clase.,0,neutro o no misogino,real,,,,,,,
"Evidentemente no. La pregunta más bien debería ser ¿En tiempos de la 4T es válido que cambien las reglas de la elección, a pesar de la veda electoral? Porque sabemos que estos weyes hacen lo que se les da la gana sin importarles la Constitución y la ley.",0,neutro o no misogino,real,,,,,,,
De seguro fue la presidentA @USER y @USER las que salvaron a estas mujeres y Trump les quiere robar el reconocimiento !! No ? @USER @USER @USER @USER @USER @USER @USER @USER @USER @USER,1,explicita,real,,,,,,,
"#Análisis ¬ @USER y Alejandro @USER informan quiénes fueron las tres diputadas morenistas que votaron en contra de la Reforma Electoral, y quiénes fueron los morenistas que no asistieron a la votación, como Olga Sánchez Cordero …",0,neutro o no misogino,real,,,,,,,
"#Twiteratti Hubo tres votos de Morena en contra de la #ReformaElectoral y cuatro se ausentaron, entre ellos Olga Sánchez Cordero. La misma traidora de siempre. Jefet Huipet @USER .mx/2026/03/12/opi …",0,neutro o no misogino,real,,,,,,,
"Concluyen, los trabajos de este día, de la sesión ordinaria en @USER , donde se aprobaron once dictámenes, entre ellos, el fortalecimiento a la actividad fiscalizadora de la Auditoría Superior de la Federación para dotarla de mayores facultades en el combate a la",0,neutro o no misogino,real,,,,,,,
Comenzamos la jornada de hoy en @USER,0,neutro o no misogino,real,,,,,,,
Continuamos los trabajos en @USER,0,neutro o no misogino,real,,,,,,,
"Siempre es un gusto, regresar a mi alma mater, la @USER , a la Facultad de Derecho, a la que asistí a la presentación del libro “Hibridismo Constitucional. La Descripción de una Patología Jurídica” del doctor Eduardo Andrade Sánchez.",0,neutro o no misogino,real,,,,,,,
"La extorsión es un delito de alto impacto que hay que combatir y erradicarlo, porque impacta la vida cotidiana de las personas. Por ello, me dio gusto atestiguar el Pacto contra contra la Extorsión, encabezado por la jefa del gobierno de la Ciudad de México, Clara Brugada e",0,neutro o no misogino,real,,,,,,,
"Aprobamos por mayoría de 418 votos a favor, el 3er dictamen de esta jornada en @USER , el Dictamen con proyecto de decreto por el que se Reforma el Artículo 142 del Código Fiscal de la Federación.",0,neutro o no misogino,real,,,,,,,
"#IMPORTANTE Proponen diputados de Morena Alfonso Ramírez Cuéllar, Mariana Benítez, Olga Sánchez Cordero y el senador Javier Corral, presidente de la Comisión de Justicia, iniciativa para: POSPONER LA FECHA DE LA ELECCIÓN JUDICIAL. A JUNIO DE 2028. Certificación",0,neutro o no misogino,real,,,,,,,
"Olga Sánchez Cordero: siempre ausente en las decisiones relevantes. No fuera para proteger a notarios, porque ahí sí estaría.",0,neutro o no misogino,real,,,,,,,
Haciendo entrega del reconocimiento a la diputada Olga Sánchez Cordero Con la conferencia: CNPCyF operadores jurídicos competencias y habilidades. Gran asistencia.,0,neutro o no misogino,real,,,,,,,
"""Soy jueza por esencia"". Olga Sánchez Cordero anuncia en exclusiva a @USER su retiro para abril de 2027. Su hito: La primera sentencia de la SCJN contra un Presidente. Visión: Socialdemócrata y de equilibrios. …",0,neutro o no misogino,real,,,,,,,
"Morena propone mover la elección judicial de 2027… a 2028 La iniciativa, impulsada por figuras como Olga Sánchez Cordero, plantea cambiar el modelo: un solo comité de evaluación, más peso al Instituto Nacional Electoral y nuevos filtros técnicos para aspirantes. El",0,neutro o no misogino,real,,,,,,,
Nuevamente Olga Sánchez Cordero defiende sus intereses personales y de facción y no el interés supremo de la Transformación Se ausentó -oooootra vez- para no votar la #ReformaElectoral de la Presidenta @USER @USER debe ser SANCIONADA @USER,0,neutro o no misogino,real,,,,,,,
Ahora no te escondiste para no votar?,0,neutro o no misogino,real,,,,,,,
"La ex ministra Olga Sánchez Cordero votó a favor de eliminar las pensiones ""Doradas"" de jubilados de CFE y Pemex, la incongruencia es que ella gana nada más y nada menos que: $206.948 por su jubilación y una dieta de $79.846 por su tarea legislativa. La suma total es de",0,neutro o no misogino,real,,,,,,,
. Baia Baia Después de apoderarse del poder judicial ahora toca apoderarse del INE @USER @USER @USER @USER @USER @USER @USER @USER,0,neutro o no misogino,real,,,,,,,
"Jajajaja este país es de los mexicanos por fortuna y si no estás agusto aquí, que esperas para irte con el zanahoria, si tanto desean que invada, vete a darle besitos.",1,explicita,real,,,,,,,
"Oigan, una pregunta seria; ya pasaron varios días y la sra @USER ni sus luces! ¿Saben si Olga Sánchez Cordero seguirá defecando…. en contra del Pueblo de México, desde alguno de los baños de la Cámara de Diputados? (O espera que se enfríe la cosa y planear acción).",0,neutro o no misogino,real,,,,,,,
"El ADR 517/2011 aunque terminó en las manos de Olga Sánchez Cordero, fue obra casi enteramente de @USER . Fue la resolución final del caso de Florence Cassez que hemos estado analizando con mis alumnos de la @USER . Entre muchos otros aportes, resulta",0,neutro o no misogino,real,,,,,,,
"@USER se le recordará X ser parte d morena q mato la @USER la tradición d justicia,no perfecta pero funcional; y d Zaldivar el gran traidor vil, corrupto, miserable. Uds 2 culpables del circo d los comediantes de la @USER d acordeon y tómbola @USER @USER @USER",0,neutro o no misogino,real,,,,,,,
"@USER ser protagonista de acabar con la @USER , es odiar. México. Y pensar que está altura de @USER , @USER , @USER y @USER , qué vergüenza! Tus palabras ya no tienen valor.",0,neutro o no misogino,real,,,,,,,
Pinche viejilla corrupta.,1,explicita,real,,,,,,,
Olga es una pendeja.. he ahí la muestra de que tener carrera y estudios no quita lo idiota!!!! @USER es una estúpida,1,explicita,real,,,,,,,
"@USER Siempre la admiré como jurista. Decepción cuando ingresó a la política, abanderando un despropósito. Espero que esta ocasión recapacite por un México justo y apegado a DERECHO.",0,neutro o no misogino,real,,,,,,,
"Pues sí pero después de venderse y vender de esa forma a la patria, que se puede esperar de una persona tan miserable como @USER ? Ella impulso esa pinche mierda de Renovación al PJ, ahora de que sirve que se haga la ""ofendida"" ella y los demás saben bien que hicieron.",0,neutro o no misogino,real,,,,,,,
Muuuuuuuchas Gracias @USER Gracias Gracias @USER Gracias @USER Gracias @USER,0,neutro o no misogino,real,,,,,,,
"Desde Oaxaca le andan jugando descaradamente las contras a la Presidenta @USER . Salomón Jara recibió como reyes a Javier Corral y Olga Sanchez Cordero. Hoy ellos y la oaxaqueña Mariana Benítez presentan saltándose también a Monreal,la contrainiciativa de reforma judicial",0,neutro o no misogino,real,,,,,,,
"La van a desaparecer antes de que les caiga el Trump para deslenguarse diciendo que fue el pueblo ""soberano"" el que la tumbó. ¿Sí saben quién tendrá que shingárselos si no quiere terminar como Maduro, no? Nada sano le vendrá a México ni con los que están ni con los que impondrán.",0,neutro o no misogino,real,,,,,,,
tu y @USER y @USER se pueden ir a chingar a su madre no habrá cambios ni la puta que los pario,1,explicita,real,,,,,,,
"5. La reforma que ahora promueven personajes como Jesús Ramírez Cuevas u Olga Sánchez Cordero pretende profesionalizar a los jueces, pero preserva los mecanismos de discriminación que garanticen que sólo van a llegar al puesto aquellos a quienes la 4T apruebe.",0,neutro o no misogino,real,,,,,,,
"Exclamó el experto en burros. Rich, modernízate. Ya no hagas la ordeña a mano. El caca's te apoya.",0,neutro o no misogino,real,,,,,,,
El daño ya esta hecho @USER,0,neutro o no misogino,real,,,,,,,
"Ay @USER no será que eres igual que Olga Sánchez Cordero, de ahora en adelante, checadito",0,neutro o no misogino,real,,,,,,,
"OLGA SÁNCHEZ JUSTIFICA SU CONTRARREFORMA JUDICIAL Olga Sánchez Cordero defendió la iniciativa que presentó con otros legisladores de Morena. Dice que no busca frenar la elección popular de jueces y magistrados. Pero sí ""corregir errores de la reforma judicial"" ya",0,neutro o no misogino,real,,,,,,,
Olga Sánchez Cordero siguió la vieja traducción legislativa de esconderse a la hora buena de las votaciones. #NoMaMarx #DéjenseAhí,0,neutro o no misogino,real,,,,,,,
"Sin querer, o queriendo, la ex ministra Olga Sánchez Cordero le tira un cachetadón a la #MinistraBurra, ""Nosotros queremos que ya tengan los candidatos experiencia judicial, profesionalización y capacitación, ""una cosa es que sean MINISTRAS DEL PUEBLO y otra es que ya tengan la",1,explicita,real,,,,,,,
"Pues @USER , reclámaselo a @USER ... El fue el artífice de esa MEGAPENDEJADA.",0,neutro o no misogino,real,,,,,,,
"Sánchez Cordero, la morenista que hizo enojar a su bancada por la reforma electoral goo.su/yDiPla La ministra en retiro y hoy diputada Olga Sánchez Cordero volvió a generar polémica en Morena tras ausentarse de la votación de la reforma electoral, decisión que",0,neutro o no misogino,real,,,,,,,
¿Solo PEMEX Y CFE? ¿Por qué no toca la UNAM por ejemplo o los gobiernos locales o el INE etc o el poder judicial y a Olga Sánchez Cordero?,0,neutro o no misogino,real,,,,,,,
"Estas son las diputadas de Morena que votaron en contra de la reforma electoral: Giselle Arellano Ávila. Santy Montemayor Castillo. Alejandra Chedraui Peralta. Estos se ausentaron, sin justificación: Iván Peña. Olga Sánchez Cordero. Jesús Jimenez Qué harás @USER ?",0,neutro o no misogino,real,,,,,,,
"Olga Sánchez Cordero, Ricardo Monreal, Sergio Mayer, el PT, el Verde, Saúl Monreal… El pragmatismo siempre cobra factura!!! Por favor, que alguien tome control YA!",0,neutro o no misogino,real,,,,,,,
Le alcanzará el tiempo a @USER para siquiera iniciar a limpiar el cagadero del cual fue partícipe. Lo dudo,0,neutro o no misogino,real,,,,,,,
"Y si le sumas que solo lo hizo con algunos porque a los ministros de la antigua corte, tanto a los que tanto denostaron, como a los mezquinos de @USER y @USER junto con el apapachado ejército no les hizo nada; la doña del palacio y @USER son una",0,neutro o no misogino,real,,,,,,,
"80 Años de Examen de Oposición ""Nunca pensé en rendirme... no tenía nada que perder y, por el contrario, tenía todo para ganar"". Recordamos el histórico examen de la Dra. Olga Sánchez Cordero (23/marzo/1984), un hito de inclusión y mérito en el #CNCDMX. #80AñosExamen",0,neutro o no misogino,real,,,,,,,
Continuamos con los trabajos de este miércoles en @USER,0,neutro o no misogino,real,,,,,,,
@USER me gustaría saber si sabes redactar y contestar un informa previo o justificado @USER,0,neutro o no misogino,real,,,,,,,
Hasta @USER y qiiere poner orden con tanto oso y asno qie hay en la @USER,0,neutro o no misogino,real,,,,,,,
Para cuando la elección de fiscales? @USER @USER @USER @USER @USER @USER @USER @USER,0,neutro o no misogino,real,,,,,,,
Ahora @USER se queja?? Pues si tiene la misma capacidad que la #ministraburra o a a Tia ignorante!! Porque están en el mismo puesto!!,1,explicita,real,,,,,,,
Waooo!!! Hasta ahorita se dieron cuenta @USER ?!! Que tenemos una @USER y ministros llena de ASNOS ?!!!,0,neutro o no misogino,real,,,,,,,
"Juzgadores de calidad Eso es lo que dice, Olga Sánchez Cordero, necesita el poder judicial Aclara que no es suficiente ser ""ministros del pueblo"" Hay que tener profesionalización y capacitación #SomosRedd",0,neutro o no misogino,real,,,,,,,
¿Por qué en su momento @USER y @USER no votaron en contra de la reforma al poder judicial?,0,neutro o no misogino,real,,,,,,,
El carísimo florero @USER respira por la herida porque no resultó incluida su hija (q mucho mejor preparada q cualquiera de las basuras q conforman la ¿suprema? corte-sana,0,neutro o no misogino,real,,,,,,,
"Seguro sí, pero no lo va a reconocer porque cobra mucha lana del erario.",0,neutro o no misogino,real,,,,,,,
"Ahora resulta que @USER se arrepiente de los resultados de la reforma que se logró gracias a su participación dentro del grupo legislativo de @USER . Que se lo crea quien no la conozca, disfruta de una vida de privilegio gracias a su partido.",0,neutro o no misogino,real,,,,,,,
Olga Sánchez Cordero siempre ha Sido traidora. @USER Saquen esta vividora,0,neutro o no misogino,real,,,,,,,
Diputados de Morena que votaron en contra: 1 Alejandra Chedraui Peralta 2 Santy Montemayor Castillo 3 Giselle Yunueen Arellano Ávila Diputados de Morena ausentes (no votaron): 4 Jesús Jiménez 5 Manuel Espino 6 Olga Sánchez Cordero 7 Iván Peña Vidal #NoQueremosTRAIDORES #LOS7FUERA,0,neutro o no misogino,real,,,,,,,
"Oye @USER a qué conclusión llegaron tú y tu super amiguis @USER respecto del asesinato de Carolina Flores a manos de su suegra? Fue feminicidio? La mató por el hecho de ser mujer? No has tocado la nota ni una sola vez, que pasó ahí?",0,neutro o no misogino,real,,,,,,,
"¿Qué excusa dará Olga Sánchez Cordero por no haber ido a votar la #ReformaElectoral a la Cámara de Diputados? Se le paga y bien como para que no vaya a trabajar. Que por lo menos le dé la cara al pueblo de México, que no se esconda como con la reforma judicial.",0,neutro o no misogino,real,,,,,,,
"@USER @USER @USER es hasta estupido abrir la justicia a cualquier ignorante del derecho, pero cuando ya esta hecho el daño poner condiciones... Eso no es tener progenitora",0,neutro o no misogino,real,,,,,,,
"Ya nos acusaron en la mañanera a Olga Sanchez Cordero y a otros legisladores de Morena de abstenerse o de haber votado en contra de la reforma electoral. ""La gente va a tomar su opinión. Los diputados son libres. Quien no votó a favor no tiene esa convicción o se dejan llevar",0,neutro o no misogino,real,,,,,,,
"Hasta ahorita se da cuenta! @USER es una decepción y una vergüenza para el derecho, para las mujeres y para México Vaya decepción!",1,explicita,real,,,,,,,
"¿Y hasta ahora se da cuenta esta doñita? Ella, @USER , fue parte del problema, por gente como ella la @USER está llena de ministros burros Buenos para nada.",0,neutro o no misogino,real,,,,,,,
La diputada Olga Sánchez Cordero de Morena en su posicionamiento sobre la ley sobre feminicidio. #Video: Ivonne Cárdenas Pérez,0,neutro o no misogino,real,,,,,,,
"La diputada Olga Sánchez Cordero destacó que el éxito del #CNPCyF dependerá de quienes lo hacen posible: operadores jurídicos y ciudadanía. En el Foro Nacional #CNPCyF: Avances y Coyunturas, subrayó que este nuevo modelo exige que las personas juzgadoras conozcan a fondo los",0,neutro o no misogino,real,,,,,,,
Lo más asqueroso que verán el día de hoy. Hasta cuando se van a mantener ratas @USER @USER APESTA! Al igual que Olga Sánchez Cordero. @USER HASTA CUÁNDO? PRESIDENTA Claudia Sheinbaum @USER esos políticos cabildean para fines personales.,0,neutro o no misogino,real,,,,,,,
El chiste se cuenta solo. Con la credibilidad y honestidad que caracteriza a @USER . No pues si,0,neutro o no misogino,real,,,,,,,
"Returne, retuerne, re qué? No saben ni hablar y así son ministros @USER es un circo",1,explicita,real,,,,,,,
"Olga Sánchez Cordero. Siempre ha estado en contra del Mov de la #4T NO QUERÍA LA REFORMA JUDICIAL. Se oponía a perder sus privilegios y apoyó el nepotismo, quería a su hija de jueza de la SCJN. Ahora se ESCONDIÓ COMO RATA PARA NO VOTAR LA #ReformaElectoral Vieja Pioja Cínica!",0,neutro o no misogino,real,,,,,,,
"Durante la votación de la #ReformaElectoral, la diputada Olga Sánchez Cordero estaba en el el Recinto Legislativo pero no se presentó en el pleno “Debe ser investigada por la Comisión de Honestidad y Justicia de Morena” Señaló @USER durante el debate parlamentario",0,neutro o no misogino,real,,,,,,,
¡Movimientos internos! La diputada Olga Sánchez Cordero admitió que tras la elección de juzgadores se han registrado renuncias y cambios. Señaló que es necesario fortalecer la profesionalización en el sistema judicial.,0,neutro o no misogino,real,,,,,,,
Esta lobbyista es empleada de Olga Sánchez Cordero. Trae la agenda directa de Soros. Nuevamente están impulsando la agenda trans de subversion ideologica para desestabilizar el país y la soberanía ya muy inmunodeprimida.,1,explicita,real,,,,,,,
PRIMERO COntribuye al zurradero y luego se quiere lavar la cara @USER,0,neutro o no misogino,real,,,,,,,
"OLGA SÁNCHEZ CORDERO, ARTURO ZALDIVAR Y ANDRÉS MANUEL LÓPEZ OBRADOR GOZAN DE EXCELENTES PENSIONES DE LAS QUE NUNCA HABLA LA PRESIDENTA CON A, CLAUDIA SHEINBAUM",0,neutro o no misogino,real,,,,,,,
"Parece buena idea lo que dice Olga Sánchez Cordero, que se examinen, pero también que se vea su currículum, que no sean abogados de delincuentes, dígase miembros de la maña, que tengan carrera judicial mínimo 5 años, que no tengan antecedentes incómodos.",0,neutro o no misogino,real,,,,,,,
"Sigan destruyendo el País, ya pagarán corruptos",0,neutro o no misogino,real,,,,,,,
"Doña Olga tanto tiempo sin verla oiga acá entre nos son que nadie se entere , como ve la suprema corte , la neta la neta , que opinión le merecen, por fa no me vaya usted a salir usted no por favor, que andan en curva de aprendizaje como decía el sonzo de @USER",0,neutro o no misogino,real,,,,,,,
"Siento que en esta red social nadie se enteró de que la SCJN declaró legal el autocultivo de marihuana y que una exministra y secretaria de gobernación, Olga Sánchez Cordero, presentó una iniciativa para legalizar la marihuana en 2018. No la avalaron porque hay mucho cobarde.",0,neutro o no misogino,real,,,,,,,
"La diputada Olga Sánchez Cordero admitió que, tras la pasada elección de juzgadores, se han registrado renuncias y movimientos dentro del Poder Judicial. Impulsa la profesionalización de perfiles en el sistema judicial. @USER",0,neutro o no misogino,real,,,,,,,
"No se porque les sorprende que la señora Olga Sánchez Cordero se haya ausentado en la votación ahora en la reforma electoral, si siempre hace la misma chingader@ cada vez que se trata de definir cosas importantes a favor del pueblo.",0,neutro o no misogino,real,,,,,,,
Mira @USER tiene el mismo puesto… será porque tienen las mismas ideas y capacidades??!!,0,neutro o no misogino,real,,,,,,,
"Si quieren ver maromas, no hace falta ir al circo, solo hace falta escuchar a la Diputada Vianey García de #Morena que en un triple salto no supo cómo responderme por qué la eliminación de pensiones doradas NO incluyó a personajes como Olga Sánchez Cordero o Arturo Zaldívar.",1,explicita,real,,,,,,,
Tanto ofende la ignorancia y estupidez de @USER @USER @USER que alguien que conoce perfectamente de lo que habla ya llegó al punto de tener que señalarlo un poco tarde pero reconocible por @USER es bueno ajustar aunque parezca tarde.,0,neutro o no misogino,real,,,,,,,
¡Morena vs. Morena! Ponen bajo la lupa a Sánchez Cordero por ausentarse de la votación sobre reforma electoral goo.su/hIkF El consejero nacional de @USER solicitó a la Comisión de Honestidad y Justicia que analice la conducta de la ministra en,0,neutro o no misogino,real,,,,,,,
A la mediocre M Olga Sánchez Cordero @USER ya le queda poco tiempo antes de que se la lleve Lucifer! Mejor así!,1,explicita,real,,,,,,,
"¿Se puede reformar la Constitución para cambiar las reglas de la elección judicial aunque estemos en veda legislativa? Van mis dos creminos sobre el tema. El senador @USER y otras personas legisladoras ( @USER , @USER y cía) buscan modificar la",0,neutro o no misogino,real,,,,,,,
"Le pregunto, exministra @USER , ¿tendrá tantita vergüenza de lo que contribuyó usted a convertir el máximo tribunal del país?",0,neutro o no misogino,real,,,,,,,
"Olga Sánchez Cordero y sus ausencias en el Congreso en votaciones clave para la 4T goo.su/sfV9vi4 En la sesión donde se definió el rumbo de la iniciativa de reforma electoral enviada por la presidencia, nuevamente la ministra en retiro, Olga Sánchez Cordero se",0,neutro o no misogino,real,,,,,,,
"Yo creo que sí deberían (además de que podrían). En el hilo intento explicar un poco mis razones. Si la elección es lo que tenemos, que se hagan los ajustes necesarios. Entre estos, cambiar la fecha.",0,neutro o no misogino,real,,,,,,,
"#ReformaElectoralVa con el PLAN B de la presidenta Claudia Sheinbaum. Votaron en contra, el PT, PVEM, PRI, PAN, MC, Morenistas Alejandra Chedraui Peralta, Giselle Arellano Ávila, Santy Montemayor Castillo y ausente Olga Sánchez Cordero. Pagarán en las urnas su osadía.",0,neutro o no misogino,real,,,,,,,
"Es inaceptable que la ministra Lenia Batres haya votado en contra de garantizar prótesis y aparatos auditivos para niñas, niños y adolescentes en el IMSS. Afortunadamente, la Corte resolvió a favor de ellos, pero es inadmisible que una integrante de la Corte anteponga los",0,neutro o no misogino,real,,,,,,,
"Imagínense autoproclamarse la “ministra del pueblo” y terminar jodiéndote a las personas con discapacidad con interpretaciones distorsionadas de la Constitución. Lenia Batres votó en contra de obligar al IMSS a cubrir insumos básicos como aparatos auditivos, prótesis o implantes",0,neutro o no misogino,real,,,,,,,
"Lenia Batres olvida que es Ministra y se convierte en Secretaria de Hacienda. La impresentable @USER defendió al IMSS para que no entregue aparatos auditivos, análisis y demás necesidades a la población bajo el argumento de que no hay dinero. Así está mediocre",0,neutro o no misogino,real,,,,,,,
Que se largué a la chingada el IMSS lo pagamos los derechohabientes así que a nosotros nos dan una mala atención por qué ni hay insumos y seguimos pagando @USER ya te pareces a los delegados de el sindicato protegen al webon drogos borracho pirujas y faltantes basta,0,neutro o no misogino,real,,,,,,,
"En #AztecaNoticias hablamos con hechos. Lo ocurrido en la @USER fue claro: usted @USER votó en contra para otorgar lentes, prótesis y aparatos auditivos a menores y adolescentes, poniendo el dinero por encima del derecho a la salud. Sus palabras fueron explícitas: “no",0,neutro o no misogino,real,,,,,,,
"Solo paso a decirles que: La ""ministra del pueblo"" @USER le acaba de pintar websal Pueblo. Ataviada con mucho rebozo de indígena, la ministra le dice NO, a los apoyos a menores con discapacidad. Pinche miserable!",0,neutro o no misogino,real,,,,,,,
Ahí está tu explicación vieja pendeja @USER,1,explicita,real,,,,,,,
@USER #JergaDelBienestar #MinistraArrabaleraBatres eres y así seguirás siendo #BasuraIInfrahumana,1,explicita,real,,,,,,,
"Que opinan de Lenia Batres la Ministra del pueblo que está en contra de que el IMSS entregue prótesis, lentes y audífonos a menores...? Para que vean que eso de ministra del pueblo es pura ma ma da. Lenia la ministra sin méritos ni virtudes ni conocimiento jurídico. Es 0 ...",0,neutro o no misogino,real,,,,,,,
"ESTA QUE SE VAYA AL CARAJO ELLA NO PAGA LA MINISTRA DE EL PUEBLO QUE SE VAYA A SU PINCHE PUEBLO VIEJA TIBIA ,AQUI NO ESTOS ASIENDO SE MILLONARIOS DANDOSE LA GRAN VIDA Y QUIENES PAGAMOS A LA CHINGADA NO MEXICO YA BASTA HABRAN LOS OJOS NOS ESTAN CHINGANDO TODO Y NADA ARREGLAN",1,explicita,real,,,,,,,
Voto que genera debate Lenia Batres vota contra ampliar cobertura a menores con discapacidad. Argumenta falta de capacidad del IMSS. La decisión divide opiniones. #México #IMSS,0,neutro o no misogino,real,,,,,,,
"La Ministra Lenia Batres defendió el rechazo a la declaratoria general de inconstitucionalidad del artículo 42, fracción II, del Reglamento de Prestaciones Médicas del IMSS, que excluye la entrega de anteojos, lentes de contacto, aparatos auditivos, implantes cocleares, así",0,neutro o no misogino,real,,,,,,,
Y se me hace poco.,0,neutro o no misogino,real,,,,,,,
PINCHI VIEJA CORRUPTA @USER HDP,1,explicita,real,,,,,,,
Pero se la mamaste al entrar a defenderlo pinches Priandejos,1,explicita,real,,,,,,,
NarcoGobierno @USER Mexican Narco government @USER @USER @USER and sons @USER @USER @USER @USER @USER @USER @USER @USER @USER @USER Rocha Moya #Drugs #Fentanyl #murder,0,neutro o no misogino,real,,,,,,,
@USER por más que explique es instead una señora sin educación sin principios simplemente le condonó a su hermano que el IMSS pagara los que debe y por eso no hay prótesis no hay lentes no hay medicinas,0,neutro o no misogino,real,,,,,,,
"Como todo lo que toca la transformación de cuarta, si analizan este tarado tiene la misma capacidad de lectura que @USER ambos se dedican a lo mismo a balbucear lo que les entregan por escrito y lo hacen mal.",1,explicita,real,,,,,,,
Que los miserables que votaron por ella lo disfruten!!! Eso y más se merecen!,0,neutro o no misogino,real,,,,,,,
No puede ser desgraciada....,1,explicita,real,,,,,,,
"Para eso la pusieron ahí, eso es lo que ""el pueblo"" mando dicen los chairos.",0,neutro o no misogino,real,,,,,,,
"Y la condonación de tu hermano @USER Chinga tu madre junto con Morena, la 4T y toda esa bola de puercos @USER , @USER , @USER , @USER , tranzas, vende patrias miserables ratas, eso es lo que son.",1,explicita,real,,,,,,,
@USER eres y serás #MinistraArrabaleraBatres,1,explicita,real,,,,,,,
La red de corrupción en los premios de calidad @USER @USER @USER @USER @USER @USER @USER #corrupcion #imss #medicamentos @USER @USER @USER #mentiras #mafia,0,neutro o no misogino,real,,,,,,,
Pinche viejaDesgraciada @USER chinga tu madre,1,explicita,real,,,,,,,
Hija de perra @USER,1,explicita,real,,,,,,,
"Que vieja tan espantosa, ignorante, vulgar y encima una de persona.",1,explicita,real,,,,,,,
"hdtptm todo por seguir chingando verdad, basura!!",1,explicita,real,,,,,,,
"¿Quién le dijo a la idiota que ella está facultada para determinar si existe o no capacidad financiera y material en el IMSS? No sólo es burra, es indolente, pero sobre todo una huevona corrupta e incapaz.",1,explicita,real,,,,,,,
"El humanismo mexicano de @USER , @USER y el @USER siempre cuidando a los más necesitados >Ya se la saben, Primero los pobres< Cínicos",0,neutro o no misogino,real,,,,,,,
Solo quiere decir una cosa: Que a la #MinistraDelPueblo @USER le tienen PÁNICO!! porque sea convertido en un referente de la verdadera justicia en México. Nunca se le había atacado tanto a un@ ministr@ como a ella y por obvias razones. Todo el apoyo a la GRAN MINISTRA,0,neutro o no misogino,real,,,,,,,
"No sé le desea el mal a nadie.pero espero que necesite algo de eso ,la atiendan en el imss o ISSSTE y se lo nieguen",0,neutro o no misogino,real,,,,,,,
De acuerdisimo contigo y además me causa .,0,neutro o no misogino,real,,,,,,,
"Si muero hay responsables desde @USER hasta @USER , @USER Ojo, mi mamá es de la tercera edad. @USER @USER @USER @USER @USER @USER @USER @USER @USER @USER MORENA LUCRA CON LA DISCAPACIDAD.",0,neutro o no misogino,real,,,,,,,
Es la @USER pidió que ya no le dirán lentes,0,neutro o no misogino,real,,,,,,,
Lenia Batres votó en contra de obligar al IMSS a proveer implantes cocleares y prótesis a menores. La ministra argumentó falta de evidencia técnica y recursos. Toda la información aquí.,0,neutro o no misogino,real,,,,,,,
"¿QUE ONDA CON LENIA BATRES? SCJN obliga al IMSS a garantizar dispositivos médicos La ministra Lenia Batres votó en contra de que el IMSS esté obligado a proporcionar dispositivos como implantes, prótesis o aparatos auditivos Sin embargo, la Suprema Corte de Justicia de",0,neutro o no misogino,real,,,,,,,
Quisiera destacar la altura de miras de la ministra Lenia Batres Guadarrama en su calidad de jueza constitucional para expresarse en esta red social. Máximo respeto.,0,neutro o no misogino,real,,,,,,,
Primero los Batres,0,neutro o no misogino,real,,,,,,,
Habla a lo pendejo éste chairo maiceado,1,explicita,real,,,,,,,
"¿Ministra del Pueblo? Lenia Batres rechaza proyecto que garantiza insumos para personas con discapacidad @USER votó en contra de una resolución que solicita al IMSS la entrega de lentes, aparatos auditivos, prótesis y otros apoyos médicos a niñas, niños y",0,neutro o no misogino,real,,,,,,,
CORRUPTA la hija de su burra madre @USER,1,explicita,real,,,,,,,
Le vale madre. Hasta la burra de @USER les negó la posibilidad de que el IMSS les proporcione protesis a los niños. Son unos miserables.,1,explicita,real,,,,,,,
"Gracias Yasmin por proteger a los niños y a los adultos mayores mexicanos, que son los que más lo necesitan! En cambio la Lenia Batres fue la insensata desgraciada miserable que votó en Contra! Lenia Batres en contra de esta declaratoria de inconstitucionalidad! Tomen nota!",1,explicita,real,,,,,,,
Si eso eres... una pendejo hijo de puta...,1,explicita,real,,,,,,,
"Esa es la que ha luchado hasta lo ridículo para llamarse la MINISTRA DEL PUEBLO? es la MINISTRA DE PRIMERO MORENA Y SUS INTERESES , primero su hermano MARTI BATRES Y LUEGO EL PUEBLO QUE DICE DEFENDER, ya vieron qe fue mentira que esta del lado del pueblo?",1,explicita,real,,,,,,,
Chinga tu madre puta @USER Eres una corrupta como lo fue tu madre y tu padre de ahí aprendiste a ser la basura que eres,1,explicita,real,,,,,,,
"Lenia Batres frena cobro por casi 6 mil mdp en impuestos al ISSSTE, dirigido por su hermano.....",0,neutro o no misogino,real,,,,,,,
"Lenia Batres votó en contra de que el IMSS otorgue lentes, aparatos auditivos, prótesis y otros dispositivos médicos a menores con discapacidad #RevistaÚnica #Lenia #Ministra #IMSS #protesis",0,neutro o no misogino,real,,,,,,,
Considera que aprovecha el regalo de Lenia Batres (#SCJN) a Marti Batres (#ISSSTE) y espera que #Morena le tape y apoye con su torpeza y corrupción.,1,explicita,real,,,,,,,
"Lenia Batres ""La Ministra Anti pueblo""",0,neutro o no misogino,real,,,,,,,
@USER @USER Los observa y vigila @USER @USER @USER @USER @USER @USER @USER @USER @USER @USER @USER @USER @USER _ @USER @USER,0,neutro o no misogino,real,,,,,,,
Y si le cobran a la rata de @USER lo que la ministra burra @USER le perdono?,1,explicita,real,,,,,,,
"No!! Claro…. Sin embargo qué tal como NARCOPOLITICAS, HUACHICOLERAS y corruptas… claro que si… o que, segalmex, la casa gris, el tren maya ?? Por nombrar algunos",1,explicita,real,,,,,,,
"BAIA BAIA BAIA... La ""ministra del pueblo” (Lenia Batres) odia tanto al pueblo, que vota para que NO reciba ayuda. Pero eso pasa cuando le creen a los ignorantes resentidos. USTEDES que votaron por ellos, son quienes terminan más afectados. Disfruten vigorosamente lo votado",0,neutro o no misogino,real,,,,,,,
"¿Qué saben de que hay pánico en el convento de las morenistas descalzas? ""Quesque"" por unas listas que soltó Trump.",0,neutro o no misogino,real,,,,,,,
Es un robo a los patrones que pagamos ese servicio que solo sirve para que regalen y roben,0,neutro o no misogino,real,,,,,,,
Esto que pinche burra hija de puta Pinche vergüenza tener una hija de puta como tu en la Suprema Corte junto con otras y otros pendejos Chinguen asu puta madre y que les de diarrea explosiva,1,explicita,real,,,,,,,
Pinche gata de vecindad,1,explicita,real,,,,,,,
Pero está estúpida NOOO sabe lo que hace!!!!,0,neutro o no misogino,real,,,,,,,
. Por que ser que la que se hace llamar “la ministra del pueblo” @USER no permite (tiene bloqueado) que el pueblo le pregunte ???,0,neutro o no misogino,real,,,,,,,
@USER .. espero que el Karma te alcance..,0,neutro o no misogino,real,,,,,,,
"Ahora están arriba, pero les va a tocar estar abajo o en la sombra, el Pueblo bueno se las va a cobrar todas juntas.",0,neutro o no misogino,real,,,,,,,
@USER #MinistraArrabaleraBatres eres una #BasuraIInfrahumana,1,explicita,real,,,,,,,
Otra MALDITA MISERABLE...,1,explicita,real,,,,,,,
Las fiscalías es lo mejor que saben hacer golpear.agredir hacerlos que se declaren culpables a golpes y torturas. Que paso @USER acaso estás apoyando ese actuar de las fiscalías no me hagas persar que eres igual que todos,0,neutro o no misogino,real,,,,,,,
"El resentimiento es mucho, después de ser una tinterilla, a convertirse en ministro de la corte por el dedaso de amlo, qué se puede esperar de una .ujerzuela que vivió en una vecindad? @USER",0,neutro o no misogino,real,,,,,,,
"Ya alguna vez cuando hubo misistros de verdad, le explicaron a esta burra que las decisiones de la corte no se basaban en dinero, sino en legalidad y constitucinalidad",1,explicita,real,,,,,,,
Empiezo a sentirme muy feliz,0,neutro o no misogino,real,,,,,,,
Sino tienen ni alcohol......,0,neutro o no misogino,real,,,,,,,
jajaja la hija de su re ptisima madre ?,1,explicita,real,,,,,,,
@USER Dice que no le entendimos a su discurso y que no tenemos idea de lo que se discutía.,0,neutro o no misogino,real,,,,,,,
"Yo iba a mandar a chingar a su reputísima madre a la idiota de @USER por culera. Pero la verdad, creo que más bien ni supo qué es lo que estaba diciendo. De todos modos que la chingue.",1,explicita,real,,,,,,,
"Y sí sabría lo que estaban discutiendo o determinando? con eso que es bien BURRA, capaz que ni en cuenta.",1,explicita,real,,,,,,,
"¿Ministra del Pueblo? Lenia Batres vota contra ampliar cobertura de salud para niños short.do/Ida2N4 La ministra @USER generó controversia en la Corte al oponerse a una resolución que obliga al IMSS a entregar aparatos auditivos, lentes e implantes",0,neutro o no misogino,real,,,,,,,
"@USER ahí la tenéis ,según ella ,licenciada en derecho con tres maestrías y su único mérito robar al pueblo de México. Lo ultimo el pago en caso de fallecimiento robarle a la familia el 50 % del seguro y es que lo de licenciada en derecho debe ser broma más bien licenciada",0,neutro o no misogino,real,,,,,,,
"¡Vaya, vaya, para sorpresa de nadie @USER , la autoproclamada “ministra del pueblo”! Qué honor verte en el Pleno de la @USER , con tu toga de defensora de los “humildes”, argumentando en contra de declarar inconstitucional el Artículo 42, fracción II del Reglamento de",0,neutro o no misogino,real,,,,,,,
Ni se nota que le lames el culo a la ministra.,1,explicita,real,,,,,,,
"¿ Por qué @USER LIMITA los comentarios en X ? Es la “ministra del pueblo” que la eligió y debe escuchar todas las voces, no ser selectiva ! Y si , HOY , es IMPORTANTE aclare ! Es importante , abrir su cuenta a los comunes .",0,neutro o no misogino,real,,,,,,,
"""No podríamos presumir que el IMSS tenga capacidad material y financiera para proporcionar esos insumos de forma generalizada sin contar con evidencia"", fue su argumentación al votar en contra de que se declarara inconcstitucional una ley del IMSS.",0,neutro o no misogino,real,,,,,,,
"Esa doña es para que esté en una hospital psiquiátrico no se por que está ahí es una inútil como todos los de la @USER @USER @USER Osea Lenia Batres comete nepostismo a favor de su hermano para perdonar millonaria deuda, pero para los niños no hay dinero",1,explicita,real,,,,,,,
"NO SE LES OLVIDÉ YA NO VOTAR POR @USER @USER @USER . NO SE LES OLVIDE QUE CON LOS 2000, 3000, 7000, ETC, DE PESOS QUE DA LOS MEXICANOS PARA LOS PROGRAMAS SOCIALES, NO ALCANZARÁ PARA COMPRAR LO QUE LA TRAIDORA @USER A QUITADO, BASTA YA",0,neutro o no misogino,real,,,,,,,
"La ministra del pueblo, jajajajaja",1,explicita,real,,,,,,,
Esta es la burra del pueblo? Disfruten su voto chairos idiotas,1,explicita,real,,,,,,,
Bajó ese precepto se les deberían suspender sus ostentosas ayudas y sueldos a los actuales parásitos de la SCJN qué aparte de analfabetos obtusos son miserables escorias de la sociedad.,0,neutro o no misogino,real,,,,,,,
"Esque los niños no votan, solo los que votan tienen derechos",0,neutro o no misogino,real,,,,,,,
HDSPM no tiene otro calificativo,1,explicita,real,,,,,,,
Hijos de puta,1,explicita,real,,,,,,,
"Para Cuba y los medicos cubanos, sobra el dinero.",0,neutro o no misogino,real,,,,,,,
De su hermano no vas a andar hablando...,0,neutro o no misogino,real,,,,,,,
Tus explicaciones salen sobrando @USER todos saben que tus decisiones son en contra del pueblo y a favor del #NarcoGobierno #MinistraArrabalera,0,neutro o no misogino,real,,,,,,,
"Es que ese dinero NO ES DEL GOBIERNO es de de los trabajadores que pagan sus cuotas, aún si nunca lo usan. Que lo desvíen y se lo gasten en pitos y flautas es otro cantar. Para eso, mejor no pagamos seguro.",0,neutro o no misogino,real,,,,,,,
La #Letrinabuitres como siempre de hdsrrputzimadr......,1,explicita,real,,,,,,,
"Pobre Lenia Batres, se siente empoderada, que disfrute sus 5 minutos de gloria trepada en su ladrillo, tarde o temprano la sociedad se va a hartar y van a ir tras ella y su asquerosa corrupta familia!!!",1,explicita,real,,,,,,,
La promesa de campaña era una corte incompetente o itinerante? Jajajaja,0,neutro o no misogino,real,,,,,,,
"Además de bruta, sorda.",1,explicita,real,,,,,,,
Esunahijadesureputisimamadre.,1,explicita,real,,,,,,,
Inche ministra burra donde esta el pueblo bueno que desean que salga de la pobreza extrema bola de.ratas y mentirosos,1,explicita,real,,,,,,,
"Y SE HACE LLAMAR MINISTRA DEL PUEBLO....MEXICO CON ESAS AMIGAS DEL ""PUEBLO"" PARA QUE QUIERE ENEMIGAS??",0,neutro o no misogino,real,,,,,,,
Al chile que bueno... al final los chairos van ha disfrutar lo votado...esto ya no se puede revertir.,0,neutro o no misogino,real,,,,,,,
Y ni tantita madre para “excusarse” por “conflicto de interés” ¿para qué? Si el poder es absoluto en la 4T con @USER y el régimen hipócrita y populista.,0,neutro o no misogino,real,,,,,,,
"Si tu hijo tiene alguna deficiencia auditiva o sordera total; o si requiere anteojos por que si no no puede ver el pizarrón ni leer sus libros, recuerda que @USER votó en contra de que @USER le diera anteojos, implantes cocleares o aparatos auditivos.",0,neutro o no misogino,real,,,,,,,
"Por qué siempre quieren ""explicar"" lo que literalmente dicen? No es cuestión de interpretación sino de principios y preparación que obviamente carecen los sectarios como esta pendeja de @USER . Solo los estúpidos son ustedes y quien le siguen la corriente.",1,explicita,real,,,,,,,
"LENIA BATRES RECHAZA OBLIGAR AL IMSS A CUBRIR INSUMOS PARA PERSONAS CON DISCAPACIDAD Lenia Batres defendió rechazar una declaratoria general de inconstitucionalidad contra una regla del IMSS. El artículo 42, fracción II, del Reglamento de Prestaciones Médicas excluye varios",0,neutro o no misogino,real,,,,,,,
"¡Ya hay jurisprudencia! ahora todos podemos ir y exigir no pagar impuestos! De acuerdo a Lenia Batres, si el Estado hubiese cobrado al ISSSTE de Martí Batres todo lo que debía, le habría dificultado realizar sus actividades Entonces, bajo ese mismo criterio, ahora todos podemos",0,neutro o no misogino,real,,,,,,,
"Un voto francamente miserable, el de hoy de la ministra Lenia Batres. Ah, pero no hubiera sido el amparo para su carnal #amparocarnal Lenia Batres votó hoy para excluir la entrega de anteojos, lentes de contacto, aparatos auditivos, implantes cocleares, así como prótesis y",0,neutro o no misogino,real,,,,,,,
"La ministra Lenia Batres votó en contra de un proyecto que pedía al Instituto Mexicano del Seguro Social garantizar lentes, auxiliares auditivos, prótesis y otros apoyos médicos para niñas, niños y adolescentes con discapacidad. Batres argumentó que la medida depende de la",0,neutro o no misogino,real,,,,,,,
"No es Felipe Calderón, Cabeza de Vaca, Lenia Batres, Aaroncito, Luis Enrique o Chumel, es la bonita PUTIZA y el partidazo de madre de Loret en Latinus a la miserable presidenta Claudia Sheinbaum por decir que ella no encubre a nadie Ccp. La FGR Disfruten",1,explicita,real,,,,,,,
"#Nacionales | Lenia Batres frena entrega de lentes y prótesis en el IMSS: “No hay capacidad financiera y no está obligado”. El posicionamiento ha generado críticas y debate, al considerar el impacto en pacientes que requieren estos apoyos. Los detalles:",0,neutro o no misogino,real,,,,,,,
"La mierda de Adán Augusto con la barredora, el huachicol fiscal de Andy López y los de la marina, ebrard y sus conflictos de interés, la imbécil de lenia condonando impuesto al isste a cargo de martí batres…y sigue y sigue maaaás y más mierda. O a ésa no te refieres???",1,explicita,real,,,,,,,
"Lenia Batres votando que contra de que los niños discapacitados de este país accedan a una mejor calidad de vida, porque para el IMSS no hay dinero pero para que se haga pendeja en la suprema corte hasta sobra. Vtlv @USER",1,explicita,real,,,,,,,
#UnDíaComoHoy 28/04/2026 @USER le dio una vez más la espalda al pueblo …,0,neutro o no misogino,real,,,,,,,
Esta es la consecuencia de votar por ese partido. EN ELMPECADO SE LLEVA LA PENITENCIA,0,neutro o no misogino,real,,,,,,,
"#Será… Lenia Batres al parecer olvidó que se autonombró ministra del pueblo, pues ayer votó en contra de ampliar los derechos de servicios de Salud para las infancias y que el IMSS otorgue aparatos auditivos, lentes e implantes cocleares a menores.",0,neutro o no misogino,real,,,,,,,
"Cálmate, 15 uñas, que ayer la Ministra Burra @USER votó para que no les den prótesis a los que las necesitan Deberías de reclamarle",1,explicita,real,,,,,,,
"¡Hágase la austeridad en el pueblo bueno, sabio y aguantador!",0,neutro o no misogino,real,,,,,,,
"| QUE MUJER TAN DESPRECIABLE: La Ministra Burra Lenia Batres, fiel a sus convicciones de izquierda, votó en contra que el IMSS garantice la entrega de prótesis a menores discapacitados, argumentando que ""no hay recursos"", porque su trabajo en la Corte es cuidar la robadera.",1,explicita,real,,,,,,,
HIJA DE PUTA,1,explicita,real,,,,,,,
@USER explícaselo a tu chingada madre,1,explicita,real,,,,,,,
Que buen tiro en el pie se acaban de dar,0,neutro o no misogino,real,,,,,,,
Los derechos constitucionales son progresivos no retroactivos como lo lee Lenia Batres que corte tenemos,0,neutro o no misogino,real,,,,,,,
"Doña Chole @USER solo hace lo que @USER le pide. Su cerebro no da para mucho. Acuérdense q ni leer de corrido puede. Lejía, hay primarias nocturnas o vespertinas!",1,explicita,real,,,,,,,
"#PoderJudicial. @USER dice que los medios de comunicación “no entendieron nada de lo que se discutió y resolvió” ayer en la #Corte. Lo cierto es que ella votó en contra de la declaratoria de inconstitucionalidad, refirió que es “imposible la solución”. A las pruebas me",0,neutro o no misogino,real,,,,,,,
@USER Ya le podemos decir MISERABLE o todavía no?,1,explicita,real,,,,,,,
"Hoy medios de comunicación como Reforma, Proceso y TV Azteca, entre otros, dicen que en la sesión de ayer me opuse a que niñas, niños y adolescentes obtengan prótesis o lentes. ES ABSOLUTAMENTE FALSO. Simplemente no entendieron nada de lo que se discutió y resolvió. En un rato",0,neutro o no misogino,real,,,,,,,
"Ya es una calamidad que haya menos cirugías programadas, menos médicos especialistas, recorte a la lista de medicamentos además de que hay desabasto y por supuesto falta de mantenimiento de los hospitales. Han destruido el sistema desde dentro. #MorenaEsElCáncerDeMéxico",0,neutro o no misogino,real,,,,,,,
Seguimos esperando doña @USER,0,neutro o no misogino,real,,,,,,,
Que lastre para una sociedad es el nepotismo; todo para ellos; todo para velar por sus intereses particulares,0,neutro o no misogino,real,,,,,,,
"La SCJN del acordeón confirma la subordinación que tiene hacia el poder ejecutivo… Sin división de poderes, no hay tutela efectiva de derechos humanos, ni estado de derecho…",0,neutro o no misogino,real,,,,,,,
"@USER Ministra, un médico DEBE prescribir lo que un paciente necesita. El Estado DEBE garantizar el acceso a lo que necesita, no hacerlo es injusticia. Creo que usted se equivocó, el sistema judicial NO DEBE justificar lo injusto, bajo ninguna circunstancia.",0,neutro o no misogino,real,,,,,,,
Si pero le perdono la deuda al Issste que tenía pendiente el hermano por más de 5 MMDP con eso se compraría esos equipos y más @USER @USER CORRUPTOS no son iguales son más rateros,0,neutro o no misogino,real,,,,,,,
"Como me gustaría que esta noticia fuera del conocimiento de todos los asnos que votan por morena. Pero como estos seres se informan en la mañanera, jamás se enterarán y seguirán creyendo que vivimos en pejelandia donde todo es “mejor” que en Dinamarca.",1,explicita,real,,,,,,,
"Está TAR.DA a de pensar que nos va a golpetear a los que no le rendimos pleitesía, no sabe la pendeja que su pueblo se la va a cobrar a los p.tos morenarcos de mierdaaaaaaaaa @USER",1,explicita,real,,,,,,,
"@USER ¡Qué postura tan obtuse la de usted! Una vergüenza que esté al servicio del régimen. Y se autonombra ""Ministra del pueblo""",0,neutro o no misogino,real,,,,,,,
Ahí está su ministra del “pueblo” impuesta por el gobierno “de izquierda” supuestamente “progresista” quitándole derechos a los trabajadores,0,neutro o no misogino,real,,,,,,,
"@USER aquí es donde su discurso de priorizar la salud como un derecho,no una mercancía,enfocarse en fortalecerlo y primero el ""pueblo"" queda en la basura gracias a su Ministra @USER ,donde quedo que toda persona tiene derecho a la rehabilitación ? Artículo 4o.",0,neutro o no misogino,real,,,,,,,
El “pueblo bueno y sabio” ya no les sirve para gravar elecciones ahora que se jodan por confiados…,0,neutro o no misogino,real,,,,,,,
"La SCJN más “cercana a la gente”. Ahora las indemnizaciones por muerte se calculan con UMA, no con salario mínimo. O sea, las personas recibirán casi 50% menos en esos casos. La ponente: la “ministra del pueblo” Lenia Batres. ¡Qué ching4 le acaban de poner a la gente!",0,neutro o no misogino,real,,,,,,,
Ahora que la ministra burra @USER abrio lapuerta Van a ir por el mismo camino Y no pagar HDP!!,0,neutro o no misogino,real,,,,,,,
"La nueva embajada de la comunista repungnante, algun día pagará sus malas acciones",0,neutro o no misogino,real,,,,,,,
LA PURA MIERDA LENIA BATRES,1,explicita,real,,,,,,,
No son excluyentes; es ignorancia y sumisión.,1,benevolente,real,,,,,,,
Bajo licencia y supervisión de Lenia Batres. Porque la ministra dicta la agenda del Senado.,1,explicita,real,,,,,,,
Ahí está su pendeja “ministra” del pueblo. Pinche arrabalera de mierda ⁦ @USER ⁩ chingas a tu madre..,1,explicita,real,,,,,,,
Pero defendiendo al de su hermano ..,0,neutro o no misogino,real,,,,,,,
En serio les extraña la mierda que son los @USER ? Siempre han sido la misma kk!,1,explicita,real,,,,,,,
@USER ya se puso en contacto con @USER para que le condonen la deuda así como al ISSSTE,0,neutro o no misogino,real,,,,,,,
Y todavía la Sra @USER se atreve a auto llamarse”la ministra del pueblo” pero que cinismo!,0,neutro o no misogino,real,,,,,,,
para eso la pusieron no para hacer o correcto,0,neutro o no misogino,real,,,,,,,
Chingas a tu Reputísima madre @USER,1,explicita,real,,,,,,,
"Jajajaja, silencio, que Lenia Batres nos va a dar cátedra",0,neutro o no misogino,real,,,,,,,
Ya trabajan por encargo por consignas esa corte trabaja para morena.,0,neutro o no misogino,real,,,,,,,
"#FelizMiércoles menos a la bola de cínicos, ratas e HDP que siguen culpando al pasado, los acabo de mandar a ChASM junto con Calderón.",1,explicita,real,,,,,,,
¿QUÉ ES PEOR DE LO QUE OCURRIÓ AYER EN LA CORTE DEL ACORDEÓN SOBRE LA DECLARATORIA GENERAL DE INCONSTITUCIONALIDAD 13/2025? A) La defensa de Lenia Batres al IMSS y no al pueblo que dice defender B) O la nueva modalidad de no expulsar del todo una norma inconstitucional VA,0,neutro o no misogino,real,,,,,,,
Critican a Lenia Batres por votar en contra de que el IMSS otorgue prótesis a menores con discapacidad. #Nacional #SCJN #IMSS #Prótesis #MenoresconDiscapacidad,0,neutro o no misogino,real,,,,,,,
"Lo peor de lo peor, leche con heces, nombres socialistas (Lenia, Viétnika, Olinamir, Valentina y Martí) , porros, marrulleros, todo lo malo de la humanidad se puede encontrar en este sequito de subnormales.",1,explicita,real,,,,,,,
"La tremenda corte, no hay ni a cual irle, de todos no se hace uno",0,neutro o no misogino,real,,,,,,,
"Y eso que esta pendeja se hace Llamar parte del pueblo!!!!!!!! ha de ser del pueblo familiar, donde ella nació, porque los demás chinguen a su puta madre",1,explicita,real,,,,,,,
"| #PorSiNoLoViste: La Ministra Burra Lenia Batres amparó a su infeliz hermano Martí en la Corte del Acordeón, liberándolo de una deuda de más de 5.8 mil millones de pesos del ISSSTE que dirige, porque los ministros que puso Morena llegaron a blindar la corrupción.",1,explicita,real,,,,,,,
"@USER ya en @USER estas burras tardes de @USER propuso que @USER de lentes, prótesis y aparatos para discapacitados, esto no paso en @USER , tiempo de mujeres o no @USER , como dijera el clasico HDSRPM",1,explicita,real,,,,,,,
¿Solo el voto de Lenia Batres cuenta?,0,neutro o no misogino,real,,,,,,,
"No es endeble basta con ver en las sesiones como se pierden Lenia Batres, María Estela Ríos, Sara Irene Herrerías por ejemplo, queda en claro que están ahí por lealtad y no por capacidad, una vergüenza de scjn.",0,neutro o no misogino,real,,,,,,,
#Chairos : disfruten lo votado; comunistas como @USER que tiene camioneta blindada del año se dedican a cancelar beneficios del @USER a los derechohabientes… Por esto votaron PNDJS A ver si abren los ojos y dejan de votar por esta de narco partido Morena.,0,neutro o no misogino,real,,,,,,,
"La #MinistraBurra haciendo el trabajo que le encomendaron, quitarle gastos al #NarcoGobierno y a sus cómplices para seguir con las migajas populistas @USER",1,explicita,real,,,,,,,
"Como ahora no estará obligado, tampoco nosotros a pagarlo. El IMSS es para los trabajadores y sus familias, lo saturaron para meter a sus mascotas, pues que CHASRPTÍSIMA MADRE #morenarobaymata #MorenaNarcoPartido #NarcoPresirvientaEspuriaClaudia #hdsrptísimamadre #Engañapendejos",1,explicita,real,,,,,,,
"Bajo la lógica de @USER ahora cualquier autoridad responsable al momento de rendir su informe va a poder aducir que ""no hay presupuesto"" y listo.",0,neutro o no misogino,real,,,,,,,
Solo sabe rebuznar y creo que estoy ofendiendo a los burros !!!,1,explicita,real,,,,,,,
"OPINIÓN | Es la justicia el fin último de la nueva SCJN o solo un instrumento familiar? Análisis del polémico caso de la Ministra Lenia Batres, el ISSSTE y una violación flagrante al artículo 51 de la Ley de Amparo. wp.me/pcHeoG-xpO #R360 #Opinión #LeyDeAmparo",0,neutro o no misogino,real,,,,,,,
la Ministra B U R R A,1,explicita,real,,,,,,,
"@USER es una miserable, no hay otra palabra para describirla. Los ministritos enanos actúan a favor del poder y en contra de los ciudadanos. Para eso querían hacerse del poder judicial, para joder al pueblo. Bien por esa, @USER , tú también eres una miserable.",1,explicita,real,,,,,,,
"Es falso, que la”ministra” @USER sea una miserable y desgraciada es otra cosa.",1,explicita,real,,,,,,,
Pinché vieja porra lacra hija de su putisima madre Pudrete LETRINA BUITRES Alias @USER,1,explicita,real,,,,,,,
"Escuchen a esta tipeja de @USER , es una basura como persona, y la nulidad jurídica como ministra de la Corte, una vergüenza Nacional, y una mancha para el H. Alto Tribunal Constitucional de nuestra Nación. ACÉMILA DEL RÉGIMEN! …",1,explicita,real,,,,,,,
"Imagínense autoproclamarse la“ministra del pueblo”y terminar jodiéndote a las personas con discapacidad con interpretaciones distorsionadas de la Constitución Lenia Batres votó en contra de obligar al IMSS a cubrir insumos básicos aparatos auditivos,prótesis o implantes cocleares",0,neutro o no misogino,real,,,,,,,
"El 28 de abril la @USER emitió una sentencia que obliga al @USER a cubrir la entrega de lentes, aparatos auditivos, prótesis y otros dispositivos médicos para niñas, niños y adolescentes Pero la ministra ""del Pueblo"" @USER voto en CONTRA !! No tiene Madre..",0,neutro o no misogino,real,,,,,,,
"Hoy en #HechosAM: Revelan más detalles de la detención de ""El Jardinero"" y el ""Güero Conta"" del CJNG; además, la ministra @USER le da la espalda a los mexicanos. Infórmate #EnVivo con @USER , @USER y @USER",0,neutro o no misogino,real,,,,,,,
"A esta mujer, la Ministra Norma Piña la tenía bien controlada, pero con este ministro acordeonista, se soltó el pelo.",0,neutro o no misogino,real,,,,,,,
"Yo no escribí que fueras militante, eres solo un esclavo más de régimen. Un muerto de hambre que vive de las migajas que te avientan. Un indio más, de los millones que aplauden el saqueo y la corrupción del narcopartido a cambio de croquetas.",0,neutro o no misogino,real,,,,,,,
"pinche ministra del ""pueblo"" quieres dejar a niños sin atención que poca madre",1,explicita,real,,,,,,,
"Son unos rateros esos Batres @USER @USER solo quieren el dinero para ellos, el ISSSTE es un chiste no sirve para nada y va de mal en peor!!!. Pero bueno que nos podemos esperar de la Ministra Burra de Lenia Batres .",1,explicita,real,,,,,,,
Miserable @USER,1,explicita,real,,,,,,,
Echaron para atrás la pendejada de la #MinistraPueblerina @USER . Qué bueno. Eso me confirma que la pobre idiota no sabía ni de qué estaban hablando.,1,explicita,real,,,,,,,
"Morena busca garantizar la salud a todo México, la realidad es que no hay dinero En pocas palabras, fue lo que mencionó ""la ministra del pueblo"", Lenia Batres, al decir que primero se tiene que asegurar se cuente con el recurso suficiente para adquirir los insumos necesarios.",0,neutro o no misogino,real,,,,,,,
Pero para llenarse los bolsillos se autorizan tooodo!,0,neutro o no misogino,real,,,,,,,
¿Puede afirmar que esto no es verdad? CC. Lenia Batres.,0,neutro o no misogino,real,,,,,,,
"¿Será por que aun no estan en edad de votar y es mejor darle el dinero a los ninis de 18 a 29 años que si pueden votar de ""jovenes destruyendo el futuro""? ccp @USER @USER @USER @USER",0,neutro o no misogino,real,,,,,,,
"Jorge, hola. Mira esta explicación: …",0,neutro o no misogino,real,,,,,,,
Lenia Batres acusando a otros de no entender nada Imagínate vivir en Suiza y perderte esto.,0,neutro o no misogino,real,,,,,,,
Así los miserables de morena son cínicos e Ineptos,0,neutro o no misogino,real,,,,,,,
"Y que sigan: Los hijos de AMLO Rocio Nahle María del Pilar, BC Américo Villarreal Alfredo Ramírez Bedolla AMLO Los Monreal Luisa María Alcalde Lenia Batres Marti Batres Y los que se acumulen",0,neutro o no misogino,real,,,,,,,
"Que comentario más tonto, se ve que no estás atento lo que discuten... No se trata de que un ""chile les embone"", se trata del impacto de las decisiones y las intenciones de los que lo hacen.",0,neutro o no misogino,real,,,,,,,
"Aquí otra perla de la #ministraburra Lenia Batres @USER La Ciudad de México le quería cobrar 6,000,000,000 a Martí Batres @USER ¿Y quién cree que dijo que no? ¡Pues su hermana! La #ministraburra Lenia Batres Ver más: .mx/nacion/lenia-b …",1,explicita,real,,,,,,,
¿Qué pasó @USER ? ¿También tú?,0,neutro o no misogino,real,,,,,,,
"Terrible la actuación de Lenia Batres que demuestra cada dia su incapacidad, falta de formación y tendencias ideologicas. Razones por las cuales la corte interamericana esta solicitando a Mexico dar marcha atrás a la reforma judicial.",0,neutro o no misogino,real,,,,,,,
"YA NO TIENEN MADRE NI ABUELA @USER MALDITAS RATAS LERDAS, ENSERIO VAN A SEGUIR VOTANDO POR ESTO? #NarcoGobiernoMorena #JuecesDelAcordeon",1,explicita,real,,,,,,,
Ni tú le entiendes @USER Imagínate los medios de comunicación,0,neutro o no misogino,real,,,,,,,
"CRUELDAD Y CINISMO: LA ""MINISTRA DEL PUEBLO"" CONTRA LOS MÁS VULNERABLES . En un acto de tacañería que raya en lo criminal, @USER defendió que el @USER excluya la entrega de anteojos, aparatos auditivos y prótesis a la población derechohabiente, como lo ordena",0,neutro o no misogino,real,,,,,,,
No estas sólo...,0,neutro o no misogino,real,,,,,,,
Ya Lalito a la luz la transita que hicieron con el edificio de Morena de costar 16 millones de pesos lo compraron en 74 millones de pesos.,0,neutro o no misogino,real,,,,,,,
"Previo a votación de Plan B, Yeidckol Polevnsky y Yunes Márquez piden licencia; son del PT y Morena .mx/news/previo-a- …",0,neutro o no misogino,real,,,,,,,
"La senadora @USER Polevnsky, presidenta de la Comisión de Relaciones Exteriores, Asia-Pacífico, invita al Foro: Confucianismo Desarrollo. 29 de abril. 13:00 horas. Senado de la República.",0,neutro o no misogino,real,,,,,,,
Kit del bienestar.,0,neutro o no misogino,real,,,,,,,
"| EL NEPOTISMO ES REQUISITO EN LA 4T: La morenista Yeidckol Polevnsky tiene a su hermana, su nieta y a su sobrina cobrando del erario, con sueldos que van desde los 40 mil a 60 mil pesos mensuales como ""asesoras"", porque también quiere que aprovechen la robadera de Morena.",0,neutro o no misogino,real,,,,,,,
La senadora Yeidckol Polevnsky ( @USER ) fue parte de la comitiva que acompañó a Roberto Velasco Álvarez @USER en su toma de protesta como Secretario de Relaciones Exteriores ( @USER ) ante el Pleno del Senado de la República ( @USER ) .,0,neutro o no misogino,real,,,,,,,
"#Entérate || La senadora @USER Polevnsky se reunión con Sr. Gerald Balendram, Embajador No-Residente de Singapur en México, quien concluye su misión diplomática. Ambos celebraron apertura de la Embajada de Singapur y refrendaron la amistad que existe entre las naciones.",0,neutro o no misogino,real,,,,,,,
"Producto del bienestar, para los p3ndejos del bienestar. @USER @USER @USER",0,neutro o no misogino,real,,,,,,,
Investigación de Latinus exhibe contradicción en discurso antinepotismo: familiares de Yeidckol Polevnsky cobran en el senado .mx/investigacion- …,0,neutro o no misogino,real,,,,,,,
"Felicito al presidente @USER , un líder que honra la historia de resistencia de Cuba y coloca siempre al pueblo en el centro de sus decisiones. La defensa de la soberanía es hoy más necesaria que nunca.",0,neutro o no misogino,real,,,,,,,
"La Real Academia @USER dice q NEPOTISMO: utilización de cargo público o de poder para designar,favorecer o contratar a familiares o amigos en empleos,cargos o concesiones,al margen del principio de mérito y capacidad @USER por favor denle el recado a @USER",0,neutro o no misogino,real,,,,,,,
Narcopoliticos,1,explicita,real,,,,,,,
Se reincorporan a sus actividades legislativas las senadoras Ivideliza Reyes y Yeidckol Polevnsky @USER …,0,neutro o no misogino,real,,,,,,,
"#Entérate || En la comparecencia de @USER , propuesto como titular de @USER , la senadora @USER Polevnsky señaló que es necesario que México retome la posición política en el exterior con firmeza, inteligencia y con visión de Estado.",0,neutro o no misogino,real,,,,,,,
"Reunión de la Comisión de Economía, del Senado - 22/04/2026 @USER @USER @USER @USER @USER @USER @USER",0,neutro o no misogino,real,,,,,,,
Contamos con el respaldo institucional de María Hass de @USER y de la Senadora @USER . Su participación asegura una visión coordinada entre el sector público y legislativo para fortalecer la competitividad de nuestro país. #EconomíaMX #Nearshoring,0,neutro o no misogino,real,,,,,,,
Te acuerdas cuan @USER se robó una muy buena lana y andaba tras terrenos en Querétaro y era totalmente Palacio....y no hicieron nada,0,neutro o no misogino,real,,,,,,,
"Terminará en el basurero de la historia, tal como le hicieron a la verdulera que se cambió el nombre @USER y como en algún momento le pasará al mugroso changoleón @USER",0,neutro o no misogino,real,,,,,,,
Bastaron 7 años #PRIMOR @USER #EscoriaPolitica #HartaranMexicanos #Cinismo #Mentiras #Saqueo #Corrupcion la #Marca #Morenarca #AMLO @USER @USER @USER @USER @USER @USER @USER @USER @USER,0,neutro o no misogino,real,,,,,,,
"¿Entonces el discurso contra el nepotismo es solo eso, discurso? Mientras la presidenta lo condena públicamente, salen casos como el de Yeidckol Polevnsky con familiares en nómina… y lo destapan periodistas, no el gobierno. La coherencia también debería gobernar.",0,neutro o no misogino,real,,,,,,,
Momentos de fraternidad parlamentaria: Intercambiando experiencias legislativas con la Sen. Yeidckol Polevnsky de México . Fortaleciendo la agenda caribeña junto al Dip. Otoniel Tejeda de República Dominicana .,0,neutro o no misogino,real,,,,,,,
"#Astillero, columna de @USER Rumbo a la votación principal de la sesión senatorial iniciada anoche, llamó la atención que solicitaran licencia dos figuras sumamente polémicas e impugnadas de la 4T: Yeidckol Polevnsky, ahora legisladora a nombre del Partido del Trabajo",0,neutro o no misogino,real,,,,,,,
"La delegación fue encabezada por @USER @USER y contó con el Secretario Ejecutivo de la Agenda 2030, las Senadoras Yeidckol Polevnsky e Ivideliza Reyes, autoridades de estados y municipios y jóvenes representantes de sociedad civil.",0,neutro o no misogino,real,,,,,,,
"Este Foro marca una nueva etapa en la relación México-China, enfocada en la prosperidad compartida y el desarrollo sostenible. Construimos hoy el futuro del comercio global desde México para el mundo. @USER @USER @USER #MexicoChina #PlanMéxico @USER",0,neutro o no misogino,real,,,,,,,
"Pero de puntitas ... Ése partiditito @USER está desubicado, se cree adulto, no capta que está sostenido por un alfiler llamado Morena. Tiene vida artificial y pronto lo vamos a desconectar.",0,neutro o no misogino,real,,,,,,,
"Nepotismo en la 4T: hermana, nieta y sobrina de Yeidckol Polevnsky cobran en la nómina de su oficina | LatinUS",0,neutro o no misogino,real,,,,,,,
"No somos iguales!!! Que paso con la frase Citlali, perdón @USER",0,neutro o no misogino,real,,,,,,,
"Pleno del Senado concede licencia a Yeidckol Polevnsky Gurwitz y Miguel Ángel Yunes Márquez, del PT y Morena, previo a votación de Plan ""B""",0,neutro o no misogino,real,,,,,,,
El descaro total @USER Polevnski y Miguel Ángel Yunes Márquez piden licencia para no votar el Plan B en @USER entérate en @USER .,0,neutro o no misogino,real,,,,,,,
"No me representan @USER , @USER ni mucho menos @USER ... Han traicionado al movimiento dejando en claro que primero están sus intereses personales. #PlanB",0,neutro o no misogino,real,,,,,,,
Oye @USER toda esa familia es Ibañez o también se las da de Polevski??,0,neutro o no misogino,real,,,,,,,
"¿Ya se acabó el nepotismo, verdad, @USER ? Parece que @USER no recibió el memo. #GobiernoCorrupto #MorenaEngañaMienteYTraiciona",0,neutro o no misogino,real,,,,,,,
Con el crímen organizado?,0,neutro o no misogino,real,,,,,,,
Shales que les devuelvan un salón mejor,0,neutro o no misogino,real,,,,,,,
En los hechos: @USER ha perdido el respeto y control de su gabinete y partido. @USER @USER @USER @USER @USER @USER @USER Simplemente la enfrentan y la vencen.,0,neutro o no misogino,real,,,,,,,
"Yeidckol? Pendeja anciana naca y frustrada! O ya se le olvidó que usted doña pelos, solo es una Citlali… Ibáñez Ridícula acomplejada!",1,explicita,real,,,,,,,
Eres un pobre imbecil Javier…,0,neutro o no misogino,real,,,,,,,
Este #CarnalDLoAjeno @USER @USER @USER @USER quedará #Impune #Peculado #Corrupto estará al frente #Negociaciones #TMEC idem @USER @USER @USER @USER @USER @USER @USER @USER #TikTok,0,neutro o no misogino,real,,,,,,,
Es requisito obligatorio en @USER ¿Verdad @USER ? @USER Sin disfraz de politico,0,neutro o no misogino,real,,,,,,,
"A ver @USER , que te parece la definición del nepotismo que plantea @USER ? No es como la pensábamos todos o es otra maroma burda para confundir a los ignorantes? Que opinas?",0,neutro o no misogino,real,,,,,,,
Por el Aifa ?,0,neutro o no misogino,real,,,,,,,
Su p uta madre. Tú y ése hijo de su p uta madre,1,explicita,real,,,,,,,
La famosísima millonaria comunista @USER del @USER de @USER tiene su propia definición de NEPOTISMO: Es quien le hereda el trabajo a un familiar …,1,explicita,real,,,,,,,
"#Política | La senadora @USER , exdirigente nacional de @USER , fue señalada por mantener en la nómina del Senado a por lo menos cuatro familiares cercanos.",0,neutro o no misogino,real,,,,,,,
Aquí les hablan. @USER @USER,0,neutro o no misogino,real,,,,,,,
Vete a cuba a vivir no te tardes,0,neutro o no misogino,real,,,,,,,
Otra oportunista traidora @USER siempre fue falsa hipócrita,1,explicita,real,,,,,,,
Les hablan @USER @USER @USER,0,neutro o no misogino,real,,,,,,,
Que CHSPTM @USER otra maldita TRAIDORA,1,explicita,real,,,,,,,
"Y quien paga las cirugías plásticas de @USER ? Tmb el @USER ? @USER dice q al pueblo no le gusta el nepotismo. Es verdad! Pero será que a ella sí, y x eso lo permite?",0,neutro o no misogino,real,,,,,,,
Orgullosas ??? @USER @USER @USER @USER @USER @USER @USER @USER @USER @USER @USER @USER @USER @USER @USER @USER @USER @USER @USER @USER,0,neutro o no misogino,real,,,,,,,
La senadora Yeidckol Polevnsky mantuvo familiares en su equipo en el Senado pese al llamado contra el nepotismo; registros oficiales exhiben sueldos y cargos. @USER #PeriodismoParaTi #SociedadNoticias,0,neutro o no misogino,real,,,,,,,
"Si, quiere conectar a los comunistoides, el claro rumbo de México es hacia la vrga",0,neutro o no misogino,real,,,,,,,
"La Cuarta Transformación se proyecta al mundo. En la IV Cumbre en Defensa de la Democracia, @USER posiciona a México como actor clave en la defensa de la democracia y la justicia global.",0,neutro o no misogino,real,,,,,,,
La Senadora @USER Polevnsky participa en la Comision de Economía; se analizan diversos dictamenes entre los que destaca el relativo a la regulación del arrendamiento de viviendas. Sigue la transmisión,0,neutro o no misogino,real,,,,,,,
Vean.!!! @USER @USER @USER @USER @USER @USER @USER,0,neutro o no misogino,real,,,,,,,
Gracias por hacerlo posible y por dar muy buenos resultados @USER #CasarínAALMAC,0,neutro o no misogino,real,,,,,,,
"Orale, a ladrar !!! @USER @USER @USER @USER @USER @USER @USER @USER @USER @USER @USER @USER @USER @USER @USER @USER @USER @USER @USER",0,neutro o no misogino,real,,,,,,,
Jajajajaja Es una pndejA !!! @USER @USER @USER @USER @USER @USER @USER @USER @USER @USER @USER @USER @USER @USER @USER @USER @USER @USER @USER,1,explicita,real,,,,,,,
"#EnViVoTyT| Desde el congreso de @USER , la senadora @USER Polevnsky, presidenta de la Comisión de Relaciones Exteriores, Asia-Pacífico, destaca el interés del gobierno mexicano y el Congreso para reforzar los lazos comerciales con países de Asia.",0,neutro o no misogino,real,,,,,,,
"Yeidckol Polevnsky niega nepotismo pese a tener a su hermana, sobrina y nieta en la nómina del Senado.",0,neutro o no misogino,real,,,,,,,
"2) El 21 de enero de 2020, Morena adquirió el edificio al fideicomiso por 75 millones de pesos, en un contrato firmado por Yeidckol Polevnsky, entonces Secretaria General, y Joel Frías Zea, apoderado legal del partido.",0,neutro o no misogino,real,,,,,,,
Para @USER no es nepotismo que haya metido a la nómina del senado a su familia. Para @USER no es delito que mande a su hijo mayor de edad a vivir a la embajada de en Para @USER el fracking neoliberal era malo pero el frackikg del bienestar es bueno.,0,neutro o no misogino,real,,,,,,,
#yeidckolpolevnsky #nepotismo @USER #MorenaEsCorrupción @USER el día que deje de existir el nepotismo su partido y gabinete dejarían muchísimas vacantes de tanto familiar que tienen ....,0,neutro o no misogino,real,,,,,,,
La senadora Yeidckol Polevnsky mantuvo familiares en su equipo en el Senado pese al llamado contra el nepotismo; registros oficiales exhiben sueldos y cargos. @USER #PeriodismoParaTi #SociedadNoticias wp.me/pcScKT-17WQ,0,neutro o no misogino,real,,,,,,,
Yeidckol Polevnsky y Miguel Ángel Yunes Márquez piden licencia antes de la votación del Plan B de la reforma electoral.,0,neutro o no misogino,real,,,,,,,
Ujules! Por acá nos preguntamos de qué pueblo habla xq x estos rumbos no se siente ni se ve gobierno,0,neutro o no misogino,real,,,,,,,
"La @USER sigue sin atender iluminar Lago Alberto, p como se solicitó en 2021, 2022, 2023, 2024, 2025, 2026… Terminará su segundo trienio @USER y seguirá oscura la parada de autobús. #PromesasDeCampañaMH SIN CUMPLIR",0,neutro o no misogino,real,,,,,,,
Un wey menos,1,explicita,real,,,,,,,
Gracias por tu apoyo. Seguimos trabajando.,0,neutro o no misogino,real,,,,,,,
"México tiene claro su rumbo global. ABAC es clave para impulsar el #PlanMéxico, representando cerca del 50% del comercio mundial y el 60% del PIB global. Trabajaremos con decisión para consolidarnos como puente entre Asia y América.",0,neutro o no misogino,real,,,,,,,
"Cuando alguien sí se toma en serio su chamba, la gente se da cuenta. Así de simple @USER #CasarínAALMAC",0,neutro o no misogino,real,,,,,,,
Pregúntale a @USER,0,neutro o no misogino,real,,,,,,,
Jaajjajakaka ese movimiento fue épico (en su cabeza),0,neutro o no misogino,real,,,,,,,
La primera mujer presidentA de México !! Orgullosos ? @USER @USER @USER @USER @USER @USER @USER @USER @USER @USER @USER @USER @USER @USER @USER @USER @USER,1,explicita,real,,,,,,,
No puede con un p3ndejo tren.... Viejo... Vacuna.. Carro eléctrico.. Salud.. Seguridad.. Narca... Miedosa.... Le dice Trump...,1,explicita,real,,,,,,,
"Nepotismo en la 4T: hermana, nieta y sobrina de Yeidckol Polevnsky cobran en la nómina de su oficina. #Latinus #InformaciónParaTi",0,neutro o no misogino,real,,,,,,,
"EL NEPOTISMO ES REQUISITO EN LA 4T: La morenista Yeidckol Polevnsky tiene a su hermana, su nieta y a su sobrina cobrando del erario, con sueldos que van desde los 40 mil a 60 mil pesos mensuales como ""asesoras""",0,neutro o no misogino,real,,,,,,,
"El Senado aprobó las solicitudes de licencia de Yeidckol Polevnsky y Miguel Ángel Yunes Márquez para separarse temporalmente de sus funciones legislativas, a la par que se discute el Plan B de la reforma electoral en el pleno.",0,neutro o no misogino,real,,,,,,,
Felicidades alcalde #CasarínAALMAC,0,neutro o no misogino,real,,,,,,,
#LoMásVisto Petista Yeidckol Polevnsky pidió licencia antes de votar Plan B; suplente emitiría su voto en Senado mientras crecen dudas sobre respaldo.,0,neutro o no misogino,real,,,,,,,
Órale! Qué chulada @USER,0,neutro o no misogino,real,,,,,,,
Guía para el diseño de programas y proyectos subnacionales de desarrollo productivo @USER Disponible en: repositorio. …,0,neutro o no misogino,real,,,,,,,
Gracias por tus palabras. Seguimos trabajando para que el cambio se note.,0,neutro o no misogino,real,,,,,,,
"Gracias por su compromiso, es un gran líder! #CasarínAALMAC",0,neutro o no misogino,real,,,,,,,
@USER Felicidades por la Presidencia de la #CasarínAALCAM. Experiencia = resultados.,0,neutro o no misogino,real,,,,,,,
"2/3 El ""Plan B"" de la reforma electoral marcó un quiebre. La operación legislativa de Reginaldo Sandoval y la postura de Yeidckol Polevnsky evidenciaron diferencias de fondo, posicionando al PT como un aliado capaz de confrontar. En el plano institucional, Pedro Vázquez",0,neutro o no misogino,real,,,,,,,
#AMLO @USER está #implosionando la #Porqueria se pudre y no se soportan @USER #Parasito @USER @USER #Narcohuachiculero @USER @USER #Excenacerda @USER #CarnalDLoAjeno @USER @USER @USER #PresirvientA,1,explicita,real,,,,,,,
"En serio cree que sabe gobernar? Alvaro Obregon no estaba así! Usted es el peor Alcalde que hemos tenido Llena baches, fugas, asaltos, homocidios! Esos es gobernar???",0,neutro o no misogino,real,,,,,,,
"Esta arpía @USER también es una traidora, hay que tenerlo presente para cuando busque el voto. Y si la dejan de funcionaria, hay que marchar para que la quiten.",0,neutro o no misogino,real,,,,,,,
Tremendo periódicazo en el hocico a la presidentA de México ! Orgullosas ? @USER @USER @USER @USER @USER @USER @USER @USER @USER @USER @USER @USER @USER @USER @USER @USER,1,explicita,real,,,,,,,
La senadora Yeidckol Polevnsky solicitó licencia por dos días previo a la votación del Plan B en el Senado,0,neutro o no misogino,real,,,,,,,
"Morena prometió acabar con el nepotismo. Hoy lo practica sin pudor. Yeidckol Polevnsky tiene a su hermana, nieta y sobrina cobrando del erario como “asesoras”.",0,neutro o no misogino,real,,,,,,,
A uds que les ofende ? @USER @USER @USER @USER @USER @USER @USER @USER @USER @USER @USER @USER @USER @USER @USER @USER @USER @USER @USER,0,neutro o no misogino,real,,,,,,,
Orale P3rros a trabajar !!! @USER @USER @USER @USER @USER @USER @USER @USER @USER @USER @USER @USER @USER @USER @USER @USER @USER @USER @USER,1,explicita,real,,,,,,,
"Denisse Ortiz sustituye a Yeidckol Polevnsky en votación del Plan B de Sheinbaum En el proceso de discusión del “Plan B” de la reforma electoral, impulsado por la presidenta Claudia Sheinbaum, el Partido del Trabajo (PT) realizó movimientos al interior del Senado de la",0,neutro o no misogino,real,,,,,,,
P utas de narcosicario mexicano,1,explicita,real,,,,,,,
Los comentarios te evidencian,0,neutro o no misogino,real,,,,,,,
"La senadora del PT, Yeidckol Polevnsky, solicitó licencia por dos días, del 25 al 27 de marzo.",0,neutro o no misogino,real,,,,,,,
Es una pndejA !!! @USER @USER @USER @USER @USER @USER @USER @USER @USER @USER @USER @USER @USER @USER @USER @USER @USER @USER @USER @USER,1,explicita,real,,,,,,,
Excelente trabajo #CasarínAALMAC,0,neutro o no misogino,real,,,,,,,
La malparida corrupta de @USER morena el partido de corruptos y traidores a la patria!!,1,explicita,real,,,,,,,
Son p utos les gusta el arroz con popote,1,explicita,real,,,,,,,
"Esta basura morenista, tiene a 4 familiares en la nómina del senado. Miserables, no pueden ser más cínicas con el nepotismo. Que castigo merece? @USER la pueden arrobar, me tiene bloqueado,",1,explicita,real,,,,,,,
"Un alcalde activo y presente demuestra que gobernar es estar donde la gente más lo necesita, gracias! #CasarínAALMAC",0,neutro o no misogino,real,,,,,,,
"¿La familia es primero? Revelan red de nepotismo de Yeidckol Polevnsky en el Senado short.do/Jos8jK ¡Escándalo en la Cámara Alta! Una investigación de Latinus puso al descubierto que la senadora @USER presuntamente tiene a familiares directos, incluyendo a",0,neutro o no misogino,real,,,,,,,
"EL NEPOTISMO ES LO MÍNIMO EN LA 4T La morenista Yeidckol Polevnsky tiene a su hermana, a su nieta y a su sobrina cobrando en el gobiernoo, con sueldos desde los 40 mil a 60 mil pesos mensuales segun de ""asesoras"" #morenanosabegobernar #gobiernode4ta #morenaescorrupcion",0,neutro o no misogino,real,,,,,,,
"No tienen llenadera, pinche partido de ratas @USER pinches corruptos @USER NarcoPartido",0,neutro o no misogino,real,,,,,,,
Siempre se me ha figurado Yeidckol Polevnsky como la versión femenina de Dante Delgado… aquí hay gato encerrado. ¿Quién es quién?,0,neutro o no misogino,real,,,,,,,
No creo que la gente de ABAC te crea... es neta,0,neutro o no misogino,real,,,,,,,
#MéxicoNuestro | Señalan Nepotismo en Oficina de Yeidckol Polevnsky,0,neutro o no misogino,real,,,,,,,
"Nepotismo en la 4T: hermana, nieta y sobrina de Yeidckol Polevnsky cobran en la nómina de su oficina Los familiares de la morenista ocupan cargos como asesores, con sueldos que van de 40 mil a 60 mil pesos mensuales",0,neutro o no misogino,real,,,,,,,
"@USER Hija de tú puta madre, la perra judía de @USER dice que tienes cara de su culo...",1,explicita,real,,,,,,,
Cuántos familiares tiene en la nómina?,0,neutro o no misogino,real,,,,,,,
Jajajaja para el pueblo o para unos cuantos,0,neutro o no misogino,real,,,,,,,
Muchas gracias por tu reconocimiento.,0,neutro o no misogino,real,,,,,,,
La cercanía con la gente y el trabajo constante son la mejor forma de construir confianza y resultados. #CasarínAALMAC,0,neutro o no misogino,real,,,,,,,
Muy buenas noticias. @USER,0,neutro o no misogino,real,,,,,,,
"A pesar de su pinche tren inservible, el chairifa nunca … despegará! Están desesperados, Citlali Ibáñez Ridícula acomplejada!",1,explicita,real,,,,,,,
"Gracias por tu confianza. Seguimos en territorio, cerca de la gente.",0,neutro o no misogino,real,,,,,,,
"La Embajadora Claudia Pavlovich acompañó a la delegación legislativa mexicana en la 39ª Asamblea Ordinaria del PARLATINO. La delegación está conformada, entre otras, por la senadora @USER , la diputada federal @USER y la ex senadora y ex presidenta de PARLATINO",0,neutro o no misogino,real,,,,,,,
"No hay nada mejor que saber que el alcalde está haciendo el cambio hacia pueblo, eso es algo admirable @USER #CasarínAALMAC",0,neutro o no misogino,real,,,,,,,
El sello de #MorenaEsCorrupción NEPOTISMO COMO NUNCA EN NINGIN GOBIERNO!,0,neutro o no misogino,real,,,,,,,
Gracias. Asumimos este reto con responsabilidad.,0,neutro o no misogino,real,,,,,,,
"Yeidckol Polevnsky Gurwitz @USER Eres una puta nepotista, no te hagas la pendeja ahh pero mañana va a salir la #NarcopresirvientaEspuriaClaudia a defenderte en su puta mañanera ... MORENA ES CORRUPCIÓN, NARCO Y C.O. PUNTO.",1,explicita,real,,,,,,,
"Desafíos de Morena: En tan sólo doce años, el movimiento ha tenido seis presidentes, siendo sólo uno de ellos su dirigente, Andrés Manuel López Obrador. Por la dirección de Morena han pasado Martí Batrés, el propio López Obrador, Yeidckol Polevnsky, Alfonso Ramírez Cuéllar, Mario",0,neutro o no misogino,real,,,,,,,
"Bajo el #PlanMéxico, el país ofrece talento calificado y una red de tratados única. Estamos listos para recibir inversiones que transformen la industria automotriz, energética y digital en beneficio de la región y la competitividad global. #Inversión",0,neutro o no misogino,real,,,,,,,
"Esa actitud de Luisa María hace recordar a la otra presidenta de morena de triste y pésima actuación politica, ninguna debe dirigir ni ella ni Yeidckol Polevnsky.",1,explicita,real,,,,,,,
"Qué asco ! Los privilegios del poder TODOS HACEN SU DEFINICIÓN DE NEPOTISMO ! “Practica de utilizar un cargo público o de autoridad para otorgar empleo,ascensos,o favores a familiares y amigos , priorizando el parentesco sobre mérito y capacidad” @USER @USER",0,neutro o no misogino,real,,,,,,,
"En el foro destacan líderes como Ren Hongbin, Presidente de CCPIT, y Sergio Contreras de @USER. El objetivo es claro: fortalecer las cadenas de suministro e impulsar proyectos de infraestructura estratégica para el desarrollo nacional. #ComercioExterior",0,neutro o no misogino,real,,,,,,,
"Felicidades por su gran trabajo Alcalde, bien hecho y merecido @USER #CasarínAALMAC",0,neutro o no misogino,real,,,,,,,
Reconocimiento totalmente merecido El buen trabajo siempre abre puertas #CasarínAALMAC,0,neutro o no misogino,real,,,,,,,
URGENTE: La petista Yeidckol Polevnsky pide licencia previo a votación del Plan B electoral,0,neutro o no misogino,real,,,,,,,
"escandalo el de la vendepatrias maru campus complice de cartel junto con su fiscal,de esta no la salva nadie",1,explicita,real,,,,,,,
"También participó @USER Coordinador del @USER Y Presidentes Municipales, Senadores y actores clave. @USER @USER @USER @USER Seguir: …",0,neutro o no misogino,real,,,,,,,
#LasAguilas #LasAguilasYsusAlrededores en la @USER .,0,neutro o no misogino,real,,,,,,,
"Senadora, Yeidckol Polevnsky Dr. Sergio Díaz Ricci, Presidente del Instituto Argentino de Derecho Parlamentario. Agradezco a la Dra. Sonia Venegas Álvarez Dir. de la Facultad de Derecho; a la Dra. Lourdes Marleck Ríos por moderar de manera extraordinaria la mesa y",0,neutro o no misogino,real,,,,,,,
Sacó el cobre la verdadera cara y traidora @USER . la urna del @USER .,1,explicita,real,,,,,,,
Gracias a nuestros comentaristas de lujo: @USER y Alicia Williner de la @USER @USER de la @USER y la @USER @USER del @USER Lorena Rodríguez de la @USER @USER @USER de @USER,0,neutro o no misogino,real,,,,,,,
"""Pluripartidista"" jajajajajaj jajajajaja jajajajajak ja La @USER le prestó su bolsa @USER para que llevara sus cacahuates en sus viajes. No manchen. El cinismo.",0,neutro o no misogino,real,,,,,,,
"Eres tan mentirosa, corrupta y cinica como fascista @USER",1,explicita,real,,,,,,,
"Denisse Ortiz sustituye a Yeidckol Polevnsky en votación del Plan B de Sheinbaum En este proceso de diálogo en el Senado, hubo ausencia de algunos senadores y también algunos que estaban contemplados a faltar sí asistieron #diariocambio #Puebla @USER @USER",0,neutro o no misogino,real,,,,,,,
La cercanía con la gente es lo que transforma la forma de gobernar y mejora los resultados. #CasarínAALMAC @USER,0,neutro o no misogino,real,,,,,,,
"Otra basura traicionera: @USER , del PT (PARTIDO DE TRAICIONEROS) #YEIDCKOL_POLEVNSKY",1,explicita,real,,,,,,,
Si existe la red. Pero de drogas hija de tu ptamadre. Chinguen su madre p utas de narcosicario mexicano. Que se las cargue la v erga @USER @USER @USER,1,explicita,real,,,,,,,
Enfoque claro y decisivo va por buen camino #CasarínAALMAC,0,neutro o no misogino,real,,,,,,,
¿? ¿Dónde estabas? Hace mucho que no sueltas tus acostumbradas chorradas...,0,neutro o no misogino,real,,,,,,,
"EL NEPOTISMO DEL BIENESTAR Se revela que @USER tiene a su hermana, sobrina y nieta cobrando en la nómina de su oficina.",0,neutro o no misogino,real,,,,,,,
"Citlali… no, @USER Yeidkcol Polensky. Un matriarcado en toda su expresión o equipo femenil en política. Pd. El fraude que hizo a su partido quedó sepultado ? La apestada de Morena ahora en el PT. @USER",0,neutro o no misogino,real,,,,,,,
"Tal vez no se acuerden, pero Citlali Camacho es una mamerta acomplejada que se cambió el nombre a @USER . También se dice zurda anti imperialista y comunista, pero en 2013 se le condonaron impuestos por 13 millones de pesos (calcula lo que facturó). Ellos siempre se han",1,explicita,real,,,,,,,
"De los creadores de: ""NO HAY MAS Violencia, Hay más Homicidios"" Llega la RUSA NOPALERA de @USER ""El Nepotismo no es Tener Hijos,Sobrinos en el Gobierno "". Es heredarles las posiciones "" Chingan a su Madre pinches zurdos lacras",1,explicita,real,,,,,,,
"Luisa María Alcalde, la segunda peor dirigente de Morena después de Yeidckol Polevnsky.",0,neutro o no misogino,real,,,,,,,
¡RELEVO POBLANO EN EL SENADO! DENISSE ORTIZ VOTA EL 'PLAN B' La ex panista suplió a Yeidckol Polevnsky en la votación de la Reforma Electoral. Los movimientos: Debut: Denisse Ortiz asume funciones y avala la reforma de @USER . Ausencia: Liz,0,neutro o no misogino,real,,,,,,,
"El llamado presidencial contra el nepotismo es saliva en el régimen. La senadora Yeidckol Polevnsky, exdirigente de Morena y actual integrante del PT, mantiene en la nómina de su oficina al menos a 4 familiares cercanos.",0,neutro o no misogino,real,,,,,,,
@USER @USER @USER está política también entorpece las investigaciones del departamento de justicia en contra de narco políticos de morena,0,neutro o no misogino,real,,,,,,,
"Portada | Jueves 26 de marzo | Foro21 Agenda del día, con datos duros: Denisse Ortiz sustituye a Yeidckol Polevnsky en votación del Plan B de Sheinbaum. Puebla y Oaxaca blindan la frontera sur: Salomón y Jara activan inteligencia compartida. Rumbo a 2027: hasta 11",0,neutro o no misogino,real,,,,,,,
"Nepotismo en la 4T: hermana, nieta y sobrina de Yeidckol Polevnsky cobran en la nómina de su oficina",0,neutro o no misogino,real,,,,,,,
"@USER Muchas felicidades, Alcalde, por su nombramiento como Presidente de la AALCAM. Con su experiencia, vienen grandes resultados para los municipios. #CasarinAALCAM",0,neutro o no misogino,real,,,,,,,
"Claro y contundente mensaje de la Presidenta @USER . “Acciones concretas, que el diálogo por la paz prevalezca”.",0,neutro o no misogino,real,,,,,,,
"¡Hola! Muchas gracias por contactarnos. Para que tu solicitud sea atendida con mayor agilidad, por favor #HablaConDaliaÁO y apóyanos a canalizarla directamente por WhatsApp: wa.me/5215619955000 Este canal es un apoyo para brindarte atención y seguimiento más rápido.",0,neutro o no misogino,real,,,,,,,
Gracias por tus felicitaciones.,0,neutro o no misogino,real,,,,,,,
Farsa tú gobiernas para los ambulantes y para iztapalizar la alcaldía igual que la Brugada se dijeron diferentes y son peores corruptos ineficaces y farsantes una auténtica porquería,0,neutro o no misogino,real,,,,,,,
Que hizo @USER o no?,0,neutro o no misogino,real,,,,,,,
Todo es posible y más con este nombramiento #CasarínAALMAC,0,neutro o no misogino,real,,,,,,,
"Ahí andas de ""queda bien"" nomas para que te volteen a ver, ni te quieren en Morena mucho menos la presidenta jajajaja.",0,neutro o no misogino,real,,,,,,,
Se Ve y Huele la mierda llamada 4t de Palenque @USER @USER @USER @USER @USER @USER @USER @USER @USER @USER se abrió la alcantarilla brotan....,0,neutro o no misogino,real,,,,,,,
@USER fué denunciada por peculado y lavado de dinero en la cámara de bienes raíces desde que era Presidente Interina del @USER .,0,neutro o no misogino,real,,,,,,,
"#Entérate || El informe de la @USER enviado al @USER acredita que está cumpliendo su misión de proteger a la ciudadanía, construir la paz y devolver la esperanza a las zonas más golpeadas por la violencia, aseguró la senadora @USER en tribuna.",0,neutro o no misogino,real,,,,,,,
Gracias por tu confianza. Seguimos dando resultados.,0,neutro o no misogino,real,,,,,,,
La senadora Yeidckol Polevnsky solicitó licencia justo antes de la votación del Plan B Deja su voto en manos de su suplente #FórmulaNoticias #FelizMiércoles @USER 104.1FM - 1500 AM,0,neutro o no misogino,real,,,,,,,
Muchas felicidades por su nombramiento #CasarínAALMAC,0,neutro o no misogino,real,,,,,,,
"Previo a votación de Plan B, Yeidckol Polevnsky y Yunes Márquez piden licencia; son del PT y Morena",0,neutro o no misogino,real,,,,,,,
"Los salarios de los allegadas de @USER oscilan entre los 40 mil y los 60 mil pesos mensuales, una práctica que contraviene el discurso de combate al nepotismo promovido por la coalición oficialista de la Cuarta Transformación (4T).",0,neutro o no misogino,real,,,,,,,
"¿qué tal el nepotismo de @USER , presidente con a @USER ? según parece, se pasan tus recomendaciones por el arco del triunfo.",0,neutro o no misogino,real,,,,,,,
"Un gran acierto su nombramiento en la AALMAC, su liderazgo dará resultados firmes. #CasarínAALMAC",0,neutro o no misogino,real,,,,,,,
Hace tiempo que @USER se quitó la máscara. Espero que la 4T tome nota.,0,neutro o no misogino,real,,,,,,,
"#Rozones | Entre la tormenta de pronunciamientos y acciones de los legisladores, quedaron muy exhibidos los nombres de la senadora del PT, Yeidckol Polevnsky, y del senador de Morena, Miguel Ángel Yunes Márquez De esto y más en nuestros #Rozones",0,neutro o no misogino,real,,,,,,,
Y la pendeja esta de @USER aka Citlali del Carmen que tanto mama el socialismo cubano.,0,neutro o no misogino,real,,,,,,,
"Agradezco profundamente tu mensaje y tu respaldo en este momento clave, querida @USER . Tu trayectoria y tu compromiso con el proyecto de transformación han sido referencia para muchas y muchos de nosotros. Hoy se abre una nueva etapa que exige fortalecer el papel de los",0,neutro o no misogino,real,,,,,,,
Pura mentira y populismo.,0,neutro o no misogino,real,,,,,,,
Todo lo que hizo López Obrador lo hizo para deteriorar a México !!! #CHTPMSiempreAmlo Y todos los de morena también !!! @USER @USER @USER @USER @USER @USER @USER @USER @USER @USER @USER,0,neutro o no misogino,real,,,,,,,
Ratas apoyando ratas,0,neutro o no misogino,real,,,,,,,
"Ah, tratando de figurar??? Qué raro en usted!!",0,neutro o no misogino,real,,,,,,,
Quienes fueron @USER ?!?!?!?,0,neutro o no misogino,real,,,,,,,
Su p uta madre p utas de narcosicario mexicano,1,explicita,real,,,,,,,
"De el hijo de Marcelo Ebrard viviendo de a grapa en la embajada de Londres -hasta con cocinera- y de la familia de Yeidckol Polevnsky cobrando en el senado, hablamos luego.",0,neutro o no misogino,real,,,,,,,
"Corrupto, violentador, extorsionador, mitómano.",1,explicita,real,,,,,,,
Nos puede explicar esto @USER ?,0,neutro o no misogino,real,,,,,,,
A seguir trabajando así @USER #CasarínAALMAC,0,neutro o no misogino,real,,,,,,,
Muchas gracias.,0,neutro o no misogino,real,,,,,,,
"¿No que no al nepotismo? Hermana, nieta y sobrina de Yeidckol Polevnsky, exdirigente de Morena y actual integrante del PT, aparecen en la nómina de su oficina Cobran como asesoras con sueldos de hasta 60 mil pesos @USER",0,neutro o no misogino,real,,,,,,,
¿Será cierta tanta barnarie doña @USER ? . Mejor no conteste de cuarta. cc @USER,1,explicita,real,,,,,,,
La senadora Ana Lilia Rivera (Morena) llama 'estupido' a quien cuestiona que ha hecho por Tlaxcala,0,neutro o no misogino,real,,,,,,,
"#SenadoraAnaLilia Senado autoriza salida de tropas mexicanas y consolida la cooperación internacional en defensa y seguridad Ana Lilia Rivera, presidenta de la Comisión de Defensa Nacional, presentó tres dictámenes que ... … #lineadecontraste",0,neutro o no misogino,real,,,,,,,
¡No tiene rival! #AnaLiliaRivera ( @USER ) es la aspirante mejor posicionada y calificada por la ciudadanía para la gubernatura de #Tlaxcala,0,neutro o no misogino,real,,,,,,,
NARCO SENADORA,1,explicita,real,,,,,,,
"#Política El Consejo General del Instituto Tlaxcalteca de Elecciones resolvió no imponer medidas cautelares contra el alcalde capitalino Alfonso Sánchez García y la senadora Ana Lilia Rivera Rivera por presuntos actos anticipados de campaña, al no encontrar vínculo comprobable",0,neutro o no misogino,real,,,,,,,
"#GraphosCc #Tlx #Noticias | El motor de la transformación es el pueblo organizado, informado y participativo: Ana Lilia Rivera @USER …",0,neutro o no misogino,real,,,,,,,
@USER pero tu tenias que subirte a ese barco de miserables Como te gusta perder candidaturas al gobierno A la chingada,0,neutro o no misogino,real,,,,,,,
"Hoy dimos un paso histórico por la vida, la dignidad y la justicia de las mujeres de México. En el @USER aprobamos la Reforma Constitucional en materia de feminicidio, impulsada por nuestra presidenta @USER , para que nunca más haya silencio, impunidad ni",0,neutro o no misogino,real,,,,,,,
Ana Lilia Rivera advierte posible violación constitucional en Chihuahua; exige rendición de cuentas .mx/noticias/tlaxc …,0,neutro o no misogino,real,,,,,,,
"Realizamos la 7ma. Reunión Extraordinaria de la Comisión de #DefensaNacional , donde autorizamos la salida de elementos de las tropas nacionales, para que participen en ejercicios internacionales como el “Ejercicio Rotacional 2026” y la “Competencia de Fuerzas Comando 2026” .",0,neutro o no misogino,real,,,,,,,
"En #Tlaxcala seguimos sembrando pasos firmes hacia el futuro de nuestra transformación, por eso hoy encabezamos el arranque de la Convención “Construyendo el Segundo Piso de la Cuarta Transformación”, un ejercicio de unidad y trabajo colectivo donde el pueblo #tlaxcalteca toma la",0,neutro o no misogino,real,,,,,,,
Muy feliz cumpleaños querido Senador @USER deseo que esté pasando un día muy agradable en Chiapas. Le mando un fuerte abrazo.,0,neutro o no misogino,real,,,,,,,
"DEMOCRACIA EN RIESGO POR DECISIÓN DEL ITE: ANABELL ÁVALOS./ La democracia está en riesgo, ante el actuar del Instituto Tlaxcalteca de Elecciones, reclamó la senadora Anabell Ávalos Zempoalteca luego de que se rechazara imponer medidas cautelares a la senadora Ana Lilia Rivera y",0,neutro o no misogino,real,,,,,,,
ITE libra a Alfonso Sánchez y Ana Lilia Rivera de medidas cautelares por campaña anticipada ift.tt/iWV2Lo9 #Noticias #News,0,neutro o no misogino,real,,,,,,,
Ana Lilia Rivera Rivera advirtió que el proceso de transformación en nuestro país y en Tlaxcala aún es largo y requiere del involucramiento activo de la ciudadanía .mx/elsoldetlaxcal …,0,neutro o no misogino,real,,,,,,,
#ULTIMAHORA ¡Taiwan ya pertenece a México! La senadora de Morena Ana Lilia Rivera aseguró que Taiwán es una entidad mexicana. Morena siendo Morena No rebuznan porque no les da para más. Viniendo de ese narco partido ya nada me sorprende... Avanza la ignorancia otra casilla,0,neutro o no misogino,real,,,,,,,
"Fue un gusto acompañar a mi amiga senadora Ana Lilia Rivera Rivera ( @USER ), en la Convención “Construyendo el segundo piso de Tlaxcala”. Un espacio de diálogo y visión compartida para seguir consolidando el desarrollo, la transformación y el bienestar de este gran",0,neutro o no misogino,real,,,,,,,
"Senadora de Morena se compara... con Gokú ""Siempre me levanto más fuerte porque soy como Gokú"", dice Ana Lilia Rivera",0,neutro o no misogino,real,,,,,,,
Importante para el Senado escuchar inquietudes y necesidades de jóvenes: Ana Lilia Rivera @USER …,0,neutro o no misogino,real,,,,,,,
Nos vale 10 kilos de vrga...,1,explicita,real,,,,,,,
"""Taiwán"": Por declaraciones de la senadora Ana Lilia Rivera asegurando que Taiwán forma parte de México",0,neutro o no misogino,real,,,,,,,
"México tiene los elementos necesarios para consolidar una política alimentaria, afirma Ana Lilia Rivera @USER @USER …",0,neutro o no misogino,real,,,,,,,
"Hoy empezamos el día desde muy temprano, en Reunión de la Comisión de Defensa Nacional.",0,neutro o no misogino,real,,,,,,,
Son patéticos..,1,explicita,real,,,,,,,
#Morena lidera en #Tlaxcala las preferencias rumbo a 2027; @USER encabeza aspirantes de la coalición Morena-PT-PVEM …,0,neutro o no misogino,real,,,,,,,
"La senadora de Morena, Ana Lilia Rivera, generó sorpresa durante una visita a una escuela en Tlaxcala al afirmar ante estudiantes que Taiwán pertenece al territorio mexicano. El comentario provocó reacciones inmediatas en el ámbito educativo y político. @USER",0,neutro o no misogino,real,,,,,,,
Morena lidera preferencias rumbo a 2027; Ana Lilia Rivera encabeza aspirantes de la coalición Morena-PT-PVEM - Cuarto de Guerra Tlaxcala …,0,neutro o no misogino,real,,,,,,,
"La #Música tiene el poder de tocar el alma y transformar vidas. Gracias Mtro. Carlos Macías, por su valiosa y generosa donación de guitarras para las niñas y niños de la escuelita de música “Canto de Lobo”. Este gesto no solo entrega instrumentos,siembra esperanza, talento",0,neutro o no misogino,real,,,,,,,
"Tuve una gran conversación con el primer ministro de la India, @USER , a quien admiro por su trabajo y liderazgo. Sin duda, fue un diálogo enriquecedor donde pudimos intercambiar ideas, así como reconocer los retos que enfrentan nuestras naciones. Me encantó recordar",0,neutro o no misogino,real,,,,,,,
"Dice que le mandes tus felicitaciones hasta Taiwán, ya ves que es un estado mexicano,",0,neutro o no misogino,real,,,,,,,
"Buen Análisis, Dr. Solo error de dedo es 2027. Saludos !",0,neutro o no misogino,real,,,,,,,
Salud mental juvenil es una prioridad urgente señala la senadora Ana Lilia Rivera @USER #Tlaxcala Mira la información completa,0,neutro o no misogino,real,,,,,,,
"Muchas felicidades, querida @USER . Confiamos en tu trabajo y sabemos de tu compromiso para seguir defendiendo como #NuestraVocera los ideales y principios de nuestro movimiento. ¡Enhorabuena!",0,neutro o no misogino,real,,,,,,,
"Corral entrega el estado al narco, eso es muy patriota?",0,neutro o no misogino,real,,,,,,,
"#Opinión | Va ganando la Mercadotecnia de Emboscada | Un cuestionado ITE se la perdona a Morena, también a Alfonso Sánchez, el delfín del poder, y a Ana Lilia Rivera, la puntera en las encuestas. ¿Las bardas se pintan solas? #ÍNDICEMEDIA is.gd/GwKWzF #Tlaxcala",0,neutro o no misogino,real,,,,,,,
"La salud mental de las y los jóvenes, prioridad urgente para el país : Ana Lilia Rivera",0,neutro o no misogino,real,,,,,,,
Nueva Ley de Vivienda apunta a mayor justicia social en Tlaxcala: Ana Lilia Rivera,0,neutro o no misogino,real,,,,,,,
Ana Lilia Rivera arrasa en contienda de Morena .mx/estados/ana-li … a través de @USER,0,neutro o no misogino,real,,,,,,,
"Corean ""¡Gobernadora! ¡Gobernadora!"" a Ana Lilia Rivera Rivera durante la Convención Tlaxcala Acompañan diputadas, diputados federales y senadores a Ana Lilia Rivera Rivera en la Convención Tlaxcala celebrada este viernes en el Salón Azul de la capital del estado, con miras a",0,neutro o no misogino,real,,,,,,,
"Andrea Chávez, Imelda Castro y Ana Lilia Rivera inician desbandada para buscar gubernaturas",0,neutro o no misogino,real,,,,,,,
"La senadora de Morena, Ana Lilia Rivera ya se comparó con Gokú. Sí, con Gokú. Dijo que es fan de Dragon Ball, que es más fuerte cuando está al límite de la muerte y que siempre piensa en eso: que en cada batalla donde la derrotan, se levanta más fuerte porque es como Gokú. Así",0,neutro o no misogino,real,,,,,,,
"La senadora, Ana Lilia Rivera ( @USER ), aseguró que el pueblo es el ""piso"" que definirá la candidatura de Morena a la gubernatura de #Tlaxcala en 2027. ornte.xyz/JvuAX",0,neutro o no misogino,real,,,,,,,
Ana Lilia Rivera llama a blindar la honestidad pública y consolidar derechos sociales en Tlaxcala,0,neutro o no misogino,real,,,,,,,
"Ana Lilia Rivera se perfila como favorita rumbo a 2027. La senadora @USER lidera la interna de Morena-PT-PVEM con 48.6% de las preferencias. En general, la coalición se mantiene al frente con 39.4% de intención de voto, de acuerdo con @USER .",0,neutro o no misogino,real,,,,,,,
Vergüenza debiera dar coludirse y venerar a semejante familia de malandros encabezados por su matriarca @USER,1,explicita,real,,,,,,,
"El #ITE resolvió sobre propaganda política en Tlaxcala No habrá retiro de bardas ni sanciones inmediatas, pero sí deslinde público",0,neutro o no misogino,real,,,,,,,
"Pero ¿Cuál preparación? Levantar dedos, decir a todo que sí, afiliar difuntos, ¿ eso qué? Qué trazas de gente son ustedes",0,neutro o no misogino,real,,,,,,,
PGndeja del bienestar,1,explicita,real,,,,,,,
"Al afirmar que los avances logrados en los últimos años en México han abierto una nueva etapa en la vida pública nacional, la senadora Ana Lilia Rivera Rivera advirtió que el proceso de transformación en nuestro país y en Tlaxcala ...",0,neutro o no misogino,real,,,,,,,
"#ReporteEspecial | Andrea Chávez, Imelda Castro y Ana Lilia Rivera inician desbandada para buscar gubernaturas | Por @USER Mientras las senadoras morenistas apelan a la prudencia, otros legisladores oficialistas buscan contender, aunque los estatutos sobre nepotismo",0,neutro o no misogino,real,,,,,,,
"El motor de la transformación es el pueblo organizado, informado y participativo: Ana Lilia Rivera",0,neutro o no misogino,real,,,,,,,
Ana Lilia Rivera pide participación informada para sostener la transformación,0,neutro o no misogino,real,,,,,,,
Tlaxcala rumbo a 2027 ¿Quién lleva la ventaja en los careos? 38.9% Ana Lilia Rivera @USER 11.7% Adriana Dávila Fernández @USER 11.3% Mariana Jiménez Zamora @USER 10.1% Anabell Ávalos Zempoalteca @USER Consulta el análisis completo:,0,neutro o no misogino,real,,,,,,,
Ana Lilia Rivera pide frenar reparto de cargos entre familiares en municipios de Tlaxcala,0,neutro o no misogino,real,,,,,,,
Esa foto de Lopez con su brasier. Se ve naca,1,explicita,real,,,,,,,
"La senadora @USER , llama a fortalecer la integridad y frenar la compra de votos en Tlaxcala",0,neutro o no misogino,real,,,,,,,
"Salud mental juvenil, prioridad urgente La senadora @USER impulsa una estrategia nacional con enfoque preventivo",0,neutro o no misogino,real,,,,,,,
"#GraphosCc #Tlx #Noticias | La salud mental de las y los jóvenes, prioridad urgente para el país: Ana Lilia Rivera @USER …",0,neutro o no misogino,real,,,,,,,
"Claro que sí con mucho gusto, puedes contactarme directamente a través de mi correo: oficina.ana.lilia.rivera@.mx Tel: 2461263770",0,neutro o no misogino,real,,,,,,,
Ana Lilia Rivera ve en Luisa Alcalde garantía de solidez para la Consejería Jurídica de la Presidencia .mx/noticias/tlaxc …,0,neutro o no misogino,real,,,,,,,
La humildad tiene imbéciles de hace 6000 ahora ustedes le roban dinero a la gente malditos ladrones,0,neutro o no misogino,real,,,,,,,
Che viejagata no entiende que NO la queremos,1,explicita,real,,,,,,,
*La legisladora afirma que es necesario promover un modelo preventivo comunitario para fortalecer la salud mental y emocional de las juventudes.,0,neutro o no misogino,real,,,,,,,
"El motor de la transformación es el pueblo organizado, informado y participativo: Ana Lilia Rivera - Cuarto de Guerra Tlaxcala …",0,neutro o no misogino,real,,,,,,,
"""El motor de la transformación es el pueblo organizado, informado y participativo"": Ana Lilia Rivera …",0,neutro o no misogino,real,,,,,,,
"Importante #AnaLiliaRivera ( @USER ) enfatizó que #Tlaxcala es un pueblo honesto y trabajador, por lo que merece un gobierno a su altura",0,neutro o no misogino,real,,,,,,,
"Aunque esos “Impactos” solo nos jodan mas la vida, pero lo de ustedes ya sabemos de que va.",0,neutro o no misogino,real,,,,,,,
"Me dio mucho gusto encontrarme con las y los tlaxcaltecas en #Altzayanca, para platicar de frente sobre lo que hoy vive nuestro campo, situación que desde el @USER , he trabajado para atender, impulsando la protección de nuestra semilla madre, la cual forma parte de la",0,neutro o no misogino,real,,,,,,,
el pueblo ya decidió a quien respaldar @USER,0,neutro o no misogino,real,,,,,,,
#GraphosCc #Tlx #Noticias | Nueva ley de vivienda apunta a mayor justicia social en Tlaxcala: Ana Lilia Rivera @USER …,0,neutro o no misogino,real,,,,,,,
"Encuesta de @USER confirma que Morena domina las preferencias en Tlaxcala con 41%. La senadora Ana Lilia Rivera [ @USER ] alcanza 43.5%, ampliando la ventaja frente a la oposición. Los datos la colocan como la figura mejor posicionada rumbo a 2027.",0,neutro o no misogino,real,,,,,,,
"La política mexicana llega a niveles surrealistas La senadora de Morena por Tlaxcala, Ana Lilia Rivera, asegura que Taiwán es parte de México",0,neutro o no misogino,real,,,,,,,
"¡Sigue en directo, las actividades del Senado de México! Verónica Camino [ @USER ] encabeza la sesión ordinaria en el Senado [ @USER ]. Asisten Juanita Guerra Mena [ @USER ] Ana Lilia Rivera [ @USER ], Raquel Bonilla [ @USER ] Cecilia",0,neutro o no misogino,real,,,,,,,
#GraphosCc #Tlx #Noticias | Ana Lilia Rivera llama a blindar la honestidad pública y consolidar derechos sociales en Tlaxcala @USER …,0,neutro o no misogino,real,,,,,,,
"TAIWÁN, MÉXICO. Geografía del Bienestar. La senadora de Tlaxcala por Morena, Ana Lilia Rivera Rivera, asegura que Taiwán está en México. No se puede ser más mediocre e ignorante.",0,neutro o no misogino,real,,,,,,,
Les tumbaron el negocito… @USER,0,neutro o no misogino,real,,,,,,,
Advierte Ana Lilia Rivera posible violación constitucional en Chihuahua; exige rendición de cuentas,0,neutro o no misogino,real,,,,,,,
"Ana Lilia Rivera @USER , senadora morenista, se viralizó en redes sociales luego de que aseguró que “Taiwán es uno de los lugares del país donde el desarrollo científico y tecnológico es verdaderamente impresionante”. Lo anterior, ocurrió durante la entrega de",0,neutro o no misogino,real,,,,,,,
"La senadora de Morena, Ana Lilia Rivera, afirmó durante un evento público en Tlaxcala que Taiwán es parte de México, lo cual generó polémica y reacciones inmediatas en redes sociales",0,neutro o no misogino,real,,,,,,,
"Esta es una muestra del prototipo de estupidez morenista, proporcionada por la senadora de Morena por Tlaxcala, Ana Lilia Rivera ( @USER ),. Y luego no quieren que se les diga que son ignorantes, incultos, ignaros, iletrados, mastuerzo, cerrero y otras. Ah y estúpidos.",0,neutro o no misogino,real,,,,,,,
"Muchas felicidades @USER por tu nueva encomienda como titular de la Consejería Jurídica de la Presidencia, al lado de nuestra presidenta @USER . Tu compromiso con la transformación de México, tu preparación y tu convicción de servir al pueblo son garantía de que",0,neutro o no misogino,real,,,,,,,
"Cuando fracasan, se felicitan Así de mediocres son las mujeres",1,explicita,real,,,,,,,
Ojalá se chinguen a @USER de acuerdo a las leyes como debe ser,0,neutro o no misogino,real,,,,,,,
"Contenta de estar trabajando desde el @USER , donde estamos impulsando estrategias para definir el rumbo del país, fortalecer nuestras instituciones y promover leyes que transformen la vida de las y los #Tlaxcaltecas. ¡Lo mejor está por venir!",0,neutro o no misogino,real,,,,,,,
#EnterateEnEstiloTlax || #SenadoraAnaLiliaRivera ‘Sororidad y memoria: Ana Lilia Rivera llama a mujeres a seguir unidas en la lucha por la igualdad … @USER,0,neutro o no misogino,real,,,,,,,
"La salud mental de las y los jóvenes, prioridad urgente para el país: @USER …",0,neutro o no misogino,real,,,,,,,
Ana Lilia Rivera respalda estrategia nacional de salud mental para jóvenes,0,neutro o no misogino,real,,,,,,,
Todo aquel que siga a ese imbécil de López Obrador es una puta basura y no merece respeto.,1,explicita,real,,,,,,,
"Dice Ana Lilia Rivera, senadora de Morena por Tlaxcala que Taiwán forma parte de México. No hay un solo chairo que pueda defender esta monumental muestra de ignorancia y estupidez. Punto.",0,neutro o no misogino,real,,,,,,,
"¡Laboratorio de IA llega a Tlaxcala! “La ciencia y la tecnología no deben ser un privilegio, sino una oportunidad para las y los estudiantes”, señaló la senadora Ana Lilia Rivera ( @USER ) al inaugurar el primer laboratorio de inteligencia artificial en el CBTis 303",0,neutro o no misogino,real,,,,,,,
"Ana Lilia Rivera [ @USER ] llama a revisar prácticas políticas en municipios de #Tlaxcala Propone fortalecer reglas, abrir espacios a nuevos perfiles y garantizar transparencia y rendición de cuentas. goo.su/BxwGNJ",0,neutro o no misogino,real,,,,,,,
"La senadora Ana Lilia Rivera ( @USER ) inauguró un laboratorio de Inteligencia Artificial en el CBTis 303, en Santa Isabel Xiloxoxtla. El espacio beneficiará a estudiantes de especialidades tecnológicas y busca abrir nuevas oportunidades educativas en la región.",0,neutro o no misogino,real,,,,,,,
La senadora @USER advirtió que el proceso de transformación en nuestro país y en Tlaxcala aún es largo y requiere del involucramiento activo de la ciudadanía para consolidarse.,0,neutro o no misogino,real,,,,,,,
¿Qué personaje debería ser el candidato de la cuarta transformación a la gubernatura de Tlaxcala [ @USER ]? • Ana Lilia Rivera ￼ [ @USER ] • Alfonso Sánchez [ @USER ] • Josefina Rodríguez [ @USER ] • Homero Meneses [ @USER ],0,neutro o no misogino,real,,,,,,,
"La salud mental de las y los jóvenes, prioridad urgente para el país: Ana Lilia Rivera .mx/noticias/tlaxc …",0,neutro o no misogino,real,,,,,,,
"¡Ana Lilia Rivera [ @USER ] busca consolidar derechos sociales en Tlaxcala! La Senadora de la República [ @USER ] por Morena [ @USER ] desde el municipio de Chiautempan, el pueblo de Tlaxcala, ha demostrado ser honesto y trabajador, por lo que merece",0,neutro o no misogino,real,,,,,,,
Y por parte del Legislativo: Diputados de Morena: Alfonso Ramírez Cuéllar Olga Sánchez Cordero Mariana Benítez Alfredo Vázquez Julio César Moreno Senadores de Morena: Javier Corral Susana Harp Guadalupe Chavira Ana Lilia Rivera Raúl Morón Saúl Monreal Juan Carlos Loera,0,neutro o no misogino,real,,,,,,,
"La salud mental de las y los jóvenes, prioridad urgente para el país: Ana Lilia Rivera #ÍNDICEMEDIA is.gd/Oh1LyA",0,neutro o no misogino,real,,,,,,,
"ANA LILIA RIVERA VA POR TLAXCALA La senadora Ana Lilia Rivera se destapó para la gubernatura. Aseguró que, cuando Morena emita la convocatoria, pedirá licencia para competir por la candidatura.",0,neutro o no misogino,real,,,,,,,
"En #Tlaxcala, el cambio se construye con participación consciente y activa: Ana Lilia Rivera Rivera. m. …",0,neutro o no misogino,real,,,,,,,
"La senadora, Ana Lilia Rivera envió sus felicitaciones a Luisa María Alcalde por su nueva encomienda en el equipo federal.",0,neutro o no misogino,real,,,,,,,
La 4T continuará en #Tlaxcala La senadora #LillyRivera ( @USER ) es la favorita en las encuestas y se perfilaría como la candidata rumbo a la gubernatura. ¿Quieres conocer más detalles? Aquí te lo explica @USER,0,neutro o no misogino,real,,,,,,,
"Las y los @USER estamos trabajando con responsabilidad para enfrentar los retos actuales y dar soluciones reales al pueblo. Aprobamos el derecho de todas las personas a una #ViviendaAdecuada, digna y con sentido social. También fortalecimos la fiscalización y",0,neutro o no misogino,real,,,,,,,
"¿TAIWÁN, EL ESTADO 33 DE MÉXICO? La senadora de Morena, Ana Lilia Rivera, mencionó a Taiwán como si fuera parte de México al destacar su impresionante desarrollo tecnológico. #viral #Política #Morena #LiliaRivera",0,neutro o no misogino,real,,,,,,,
Ana Lilia Rivera llama a blindar la honestidad pública y consolidar derechos sociales en Tlaxcala - Cuarto de Guerra Tlaxcala …,0,neutro o no misogino,real,,,,,,,
"#Tlaxcala Mariano González Aguirre, esposo de Alejandra del Moral, sin posibilidades de crecimiento político bajo las siglas de Morena en Tlaxcala. … / #Tlaxcala @USER @USER @USER @USER @USER @USER",0,neutro o no misogino,real,,,,,,,
"Impulsamos estrategias que fortalezcan el desarrollo del país, con una visión clara: que cada decisión en el @USER se convierta en resultados concretos para las y los mexicanos. Legislar es asumir la responsabilidad de transformar ideas en acciones que impacten la",0,neutro o no misogino,real,,,,,,,
"Reciban mis felicitaciones en este #DíaDelEducador, a quienes todos los días siembran conciencia y forman carácter en nuestras niñas y niños de #México. La educación es fundamental para la transformación de nuestro pueblo, es aquella que, nos permite defender nuestro futuro",0,neutro o no misogino,real,,,,,,,
"Rivera Rivera enfatizó que el momento que vive México demanda perfiles sólidos, con vocación pública y capacidad técnica, por lo que confió en que la nueva titular sabrá responder a los retos del cargo con responsabilidad y cercanía con la ciudadanía.",0,neutro o no misogino,real,,,,,,,
#Nacional || Ana Lilia Rivera ve en Luisa Alcalde garantía de solidez para la Consejería Jurídica de la Presidencia #FmCentro #CentroInformativo,0,neutro o no misogino,real,,,,,,,
Si es de la 4T entonces no hay nada en beneficio de los Mexicanos.,0,neutro o no misogino,real,,,,,,,
"En #Tlaxcala, el panorama rumbo a 2027 comienza a definirse y coloca a Ana Lilia Rivera [ @USER ] como una de las figuras más sólidas dentro de @USER . De acuerdo con @USER , encabeza las preferencias a la gubernatura con 30.95% de aprobación.",0,neutro o no misogino,real,,,,,,,
Garantizar seguridad social a las trabajadoras del hogar es saldar una deuda histórica: Ana Lilia Rivera. La senadora @USER destacó que la incorporación obligatoria de este sector al @USER es uno de los avances sociales impulsados por la 4T.,0,neutro o no misogino,real,,,,,,,
"¡Vaya políticos tenemos en México! ¿Ya viste lo de la senadora Ana Lilia Rivera? Se comparó con Goku y hasta salió el “Kamehameha""...mientras tanto, el país sigue enfrentando temas mucho más importantes Sigue #CotorreandoLaNoticia con @USER y @USER |, es que las mujeres no deberian estar en el senado",1,explicita,real,,,,,,,
"ANA LILIA RIVERA SE DESLINDA DE POLÉMICO RECONOCIMIENTO La senadora Ana Lilia Rivera negó vínculos con el acto en el Senado donde se reconoció al abogado Juan Pablo Penilla, señalado por la OFAC por presuntos nexos criminales.",0,neutro o no misogino,real,,,,,,,
Gobernadora!!,0,neutro o no misogino,real,,,,,,,
@USER ve en @USER garantía de solidez para la Consejería Jurídica de la Presidencia …,0,neutro o no misogino,real,,,,,,,
#AnaLiliaRivera Ana Lilia Rivera llama a blindar la honestidad pública y consolidar derechos sociales en Tlaxcala … #lineadecontraste,0,neutro o no misogino,real,,,,,,,
"Ana Lilia Rivera ( @USER ) aparece en el libro y galería “Mujeres que legislan, historia que avanza”. El @USER reconoce el papel de las legisladoras en los últimos 7 años, con más de 400 imágenes y testimonios que destacan su impacto en la vida pública del",0,neutro o no misogino,real,,,,,,,
Ana Lilia Rivera llama a blindar la honestidad pública y consolidar derechos sociales en Tlaxcala .mx/noticias/opini …,0,neutro o no misogino,real,,,,,,,
"#LaPortada del Lunes “Mano negra” en el @USER , acusa senadora @USER » La priista senadora Rivera Ávalos señaló al Instituto Tlaxcalteca de Elecciones por falta de imparcialidad tras resolución de no-acción sobre @USER y @USER , aspirantes",0,neutro o no misogino,real,,,,,,,
#AnaLiliaRivera Llama Ana Lilia Rivera a profundizar el cambio ante tiempos complejos … #lineadecontraste,0,neutro o no misogino,real,,,,,,,
Respalda Ana Lilia Rivera designación de Luisa María Alcalde en la Consejería Jurídica ift.tt/3j7wGEO #Noticias #News,0,neutro o no misogino,real,,,,,,,
Ana Lilia Rivera advierte posible violación constitucional en Chihuahua; exige rendición de cuentas …,0,neutro o no misogino,real,,,,,,,
"Ana Lilia Rivera, presidenta de la Comisión de Defensa Nacional, presentó tres dictámenes que fortalecen las capacidades operativas del Estado mexicano",0,neutro o no misogino,real,,,,,,,
#Gentetlx #Opinión Soberanía y coordinación. Una lección desde Chihuahua Por Ana Lilia Rivera Rivera,0,neutro o no misogino,real,,,,,,,
#GraphosCc #Tlx #Noticias | Ana Lilia Rivera ve en Luisa Alcalde garantía de solidez para la Consejería Jurídica de la Presidencia @USER @USER …,0,neutro o no misogino,real,,,,,,,
"El respaldo del pueblo se construye con resultados, por eso el liderazgo que ha construido nuestra presidenta @USER hoy se refleja en la confianza del pueblo mexicano, marcando un compromiso firme con la justicia social.",0,neutro o no misogino,real,,,,,,,
"El motor de la transformación es el pueblo organizado, informado y participativo: @USER …",0,neutro o no misogino,real,,,,,,,
Reunión de la Comisión de Defensa Nacional del Senado 29/04/2026 @USER @USER @USER @USER @USER @USER @USER,0,neutro o no misogino,real,,,,,,,
"La legisladora tlaxcalteca señaló que existen intereses ajenos a las y los mexicanos que buscan influir en el rumbo nacional y que, en ocasiones, atentan contra el bienestar de la mayoría. Como ejemplo,",0,neutro o no misogino,real,,,,,,,
"Senadora de Morena se compara con AMLO y olvida a Sheinbaum. La senadora de Morena @USER que califica como estúpidos a quienes la cuestionan, una vez más ante su desesperación por llamar la atención, emuló una fotografía del #NarcoexpresidenteAMLO como intentando",0,neutro o no misogino,real,,,,,,,
#Política || Ana Lilia Rivera llama a blindar la honestidad pública y consolidar derechos sociales en Tlaxcala #FmCentro #CentroInformativo,0,neutro o no misogino,real,,,,,,,
"Acceso sin examen al bachillerato abre nuevas oportunidades en #Tlaxcala. Ana Lilia Rivera [ @USER ] respalda la medida impulsada por Claudia Sheinbaum: eliminar filtros, ampliar espacios y garantizar que ningún joven quede fuera de la escuela.",0,neutro o no misogino,real,,,,,,,
"“El cambio depende del pueblo”, afirma @USER Llama a cerrar filas con @USER ante retos internos y externos, y destaca contrastes económicos y sociales en #México. #Tlaxcala Más detalles",0,neutro o no misogino,real,,,,,,,
"De última hora: China corrige y exhibe a senadora tlaxcalteca La Embajada de China en México respondió este 23 de enero a una publicación realizada días atrás por la senadora tlaxcalteca Ana Lilia Rivera, en la que difundió un encuentro con el director de la llamada",0,neutro o no misogino,real,,,,,,,
"La senadora Ana Lilia Rivera [ @USER ] afirmó que, tras la visita de @USER , Tlaxcala se consolida como prioridad nacional con el primer Polo de Desarrollo del país. Destacó avances en educación, infraestructura y bienestar, así como una mayor coordinación para",0,neutro o no misogino,real,,,,,,,
"Ana Lilia Rivera ( @USER ) se perfila en Tlaxcala: lidera encuesta de @USER con 46% rumbo a la candidatura de @USER . Además, es considerada la persona más cercana a la presidenta @USER en #Tlaxcala. #Elecciones2027",0,neutro o no misogino,real,,,,,,,
Ana Lilia Rivera advierte posible violación constitucional en Chihuahua; exige rendición de cuentas #ÍNDICEMEDIA is.gd/9xVQHh #Tlaxcala,0,neutro o no misogino,real,,,,,,,
"Está tipa ANA LILIA RIVERA RIVERA obtuvo apenas el año pasado su cédula profesional de licenciatura en derecho, realmente no debería estar al frente de Tlaxcala",0,neutro o no misogino,real,,,,,,,
#Opinión Guerra sucia de Lorena Cuéllar ( @USER ) contra Ana Lilia Rivera ( @USER ) no ha funcionado Todas las encuestas siguen posicionando a la senadora Ana Lilia en primer lugar De esto escribe @USER en su #columna #AlPolígrafo,0,neutro o no misogino,real,,,,,,,
"#Nacional Ana Lilia Rivera Rivera se perfila como la carta fuerte de Morena en Tlaxcala Según la última encuesta de demotáctica, @USER lidera en Tlaxcala con 30.95% de intención de voto, mostrando fuerte respaldo dentro de Morena. Más en:",0,neutro o no misogino,real,,,,,,,
"Ana Lilia Rivera ( @USER ) denuncia campaña con IA en su contra. Acusa suplantación de voz y difusión de contenido falso para dañar su imagen. Advierte que es delito y llevará el caso a lo legal: “No se dejen engañar”, pide a Tlaxcala. goo.su/8bcXfV",0,neutro o no misogino,real,,,,,,,
"La Senadora Morenista Ana Lilia Rivera dice que ""Estúpido no es un insulto"", tras llamar así a periodistas! Qué opinas?",0,neutro o no misogino,real,,,,,,,
"El motor de la transformación es el pueblo organizado, informado y participativo: Ana Lilia Rivera .mx/noticias/tlaxc …",0,neutro o no misogino,real,,,,,,,
"#GraphosCc #Tlx #Noticias | En Tlaxcala, el cambio se construye con participación consciente y activa: Rivera Rivera @USER …",0,neutro o no misogino,real,,,,,,,
Con mucho gusto acompañé a mi compañera senadora Ana Lilia Rivera Rivera en la convención “Construyendo el Segundo Piso de la Cuarta Transformación” en Tlaxcala. Nuestro movimiento se fortalece en todo el país y está más fuerte que nunca. #unidadpoRMichoacán,0,neutro o no misogino,real,,,,,,,
Ana Lilia Rivera se deslinda de reconocimiento del exabogado del 'Z-40' en el Senado La senadora @USER negó haber tenido relación con la ceremonia en la que se reconoció al abogado Juan Pablo Penilla en el @USER . El caso generó polémica luego de que el,0,neutro o no misogino,real,,,,,,,
#GraphosCc #Tlx #Noticias | Llama Ana Lilia Rivera a profundizar el cambio ante tiempos complejos @USER …,0,neutro o no misogino,real,,,,,,,
"La senadora Ana Lilia Rivera ( @USER ) afirmó que la autonomía económica es clave para combatir la violencia contra las mujeres en México. “Las violencias hay que combatirlas con dinero en la bolsa”, dijo durante un acto por el Día Internacional de la Mujer.",0,neutro o no misogino,real,,,,,,,
"Ana Lilia Rivera llamó a Morena en Tlaxcala a cerrar filas, hacer autocrítica y construir con humildad para consolidar el segundo piso de la 4T.",0,neutro o no misogino,real,,,,,,,
Llama Ana Lilia Rivera a profundizar el cambio ante tiempos complejos,0,neutro o no misogino,real,,,,,,,
"La senadora Ana Lilia Rivera [ @USER ] respaldó el Plan B electoral que impulsa Claudia Sheinbaum Pardo. Menos burocracia, más austeridad y ahorros que podrían destinarse a servicios básicos como agua, alumbrado y bacheo en estados como Tlaxcala.",0,neutro o no misogino,real,,,,,,,
Ana Lilia Rivera arrasa en la encuesta La actual senadora se posiciona como el perfil más competitivo dentro de Morena para la gubernatura de Tlaxcala,0,neutro o no misogino,real,,,,,,,
"Querido amigo y compañero de lucha, mi querido @USER , te deseo un muy feliz cumpleaños, rodeado del cariño de tu familia y de toda la gente que tanto te aprecia. ¡Un abrazo grande hasta #Chihuahua!",0,neutro o no misogino,real,,,,,,,
"En México, la soberanía nacional no se negocia ni admite interpretaciones discrecionales. Como lo ha señalado la presidenta @USER , es el fundamento de nuestro orden constitucional y la base de la independencia, la dignidad y la autodeterminación de nuestro pueblo.",0,neutro o no misogino,real,,,,,,,
"La senadora morenista Ana Lilia Rivera se ridiculiza comparándose con Gokú y haciendo el “Kamehameha” en video viral. Giselle Melchor. La senadora por #Tlaxcala, Ana Lilia Rivera Rivera ( @USER ) quien aspira a la gubernatura de Tlaxcala en 2027, publicó un video en",0,neutro o no misogino,real,,,,,,,
¡Cuidado @USER ! #LibertadDExpresión #ProhibidoPROHIBIR @USER @USER @USER @USER @USER @USER @USER @USER @USER @USER @USER @USER @USER @USER,0,neutro o no misogino,real,,,,,,,
#EnterateEnEstiloTlax || #AnaLiliaRivera Invertir en las y los jóvenes es asegurar el futuro de Tlaxcala y de México: Ana Lilia Rivera … @USER,0,neutro o no misogino,real,,,,,,,
La opinión de @USER Guerra sucia de Lorena Cuéllar contra Ana Lilia Rivera no ha funcionado,0,neutro o no misogino,real,,,,,,,
"#AnaLiliaRivera advierte sobre un momento complejo para #México y llama a profundizar la #transformación. Señala contrastes económicos, pobreza y violencia como retos clave",0,neutro o no misogino,real,,,,,,,
#EnterateEnEstiloTlax || #Asambleas || #AnaLiliaRivera Inicia Ana Lilia Rivera asambleas informativas en Tlaxcala en defensa de la soberanía nacional … @USER,0,neutro o no misogino,real,,,,,,,
Ana Lilia Rivera deja atrás polémica por el abogado Penilla y ya piensa en la gubernatura de Tlaxcala,0,neutro o no misogino,real,,,,,,,
"Como legisladora, estoy convencida de que todas las familias merecen protección y certeza jurídica. Por eso impulsé la iniciativa de reforma al Código Civil Federal en materia de concubinato, para reconocer plenamente a quienes construyen una vida en común de manera pública,",0,neutro o no misogino,real,,,,,,,
#Nacional Ana Lilia Rivera encabeza Convención Tlaxcala con llamado a la unidad y respaldo ciudadano La Senadora @USER encabezó Convención Tlaxcala con llamado a la unidad y segundo piso de la 4T. Más en: …,0,neutro o no misogino,real,,,,,,,
La senadora Ana Lilia Rivera Rivera recibió respaldo de figuras políticas tlaxcaltecas y federales durante el arranque de la Convención Tlaxcala,0,neutro o no misogino,real,,,,,,,
"Arrancamos la 𝘾𝙤𝙣𝙫𝙚𝙣𝙘𝙞𝙤́𝙣 𝙏𝙡𝙖𝙭𝙘𝙖𝙡𝙩𝙚𝙘𝙖, un ejercicio de unidad y participación donde el pueblo tomó la palabra para sembrar acuerdos, construir propuestas firmes y defender juntos el bienestar de nuestro estado. Además, tuve la oportunidad de presentar",0,neutro o no misogino,real,,,,,,,
¿Baja de la nube que no eres Goku… o sí? Ana Lilia Rivera se declara fan de Dragon Ball y se compara con el propio Goku. .mx/estados/2026/0 …,0,neutro o no misogino,real,,,,,,,
"En #Tlaxcala, aparecieron bardas con mensajes atribuidos a aspirantes por #MORENA. Se mencionaron pintas vinculadas a Ana Lilia Rivera, Alfonso Sánchez García y Raymundo Vázquez Conchas, mientras los aludidos negaron autoría. Todas las noticias en #ElDailyDiario con",0,neutro o no misogino,real,,,,,,,
"Ana Lilia Rivera se destapa para la gubernatura de Tlaxcala La senadora @USER señaló que, una vez que la dirigencia de @USER emita la convocatoria formal, solicitará licencia para competir por la candidatura de su partido.",0,neutro o no misogino,real,,,,,,,
"Ana Lilia Rivera [ @USER ] reconoce el liderazgo global de Claudia Sheinbaum en la Cumbre por la Democracia en #Barcelona. Destaca propuestas por la paz, justicia social y cooperación, además de la posible sede de México en 2027.",0,neutro o no misogino,real,,,,,,,
"#Nacional Ana Lilia Rivera se despega: lidera con 46% la preferencia efectiva por la candidatura de Morena en Tlaxcala Según Enkoll, @USER aventaja ampliamente a los demás candidatos del partido en la preferencia interna de Morena rumbo a Tlaxcala. Más en:",0,neutro o no misogino,real,,,,,,,
"#Opinión Guerra sucia de @USER contra Ana Lilia Rivera ( @USER ) no ha funcionado Ni esa guerra sucia que se ha intensificado en las últimas semanas, ni el dinero que le están inyectando algunos empresarios poblanos ha servido para posicionar a",0,neutro o no misogino,real,,,,,,,
"La familia, clave para enfrentar la violencia en juventudes: Ana Lilia Rivera. La legisladora @USER llamó a reforzar el acompañamiento desde casa en Tlaxcala y el país, al señalar que los valores y la prevención inician en el entorno familiar.",0,neutro o no misogino,real,,,,,,,
#LaGrilla Ana Lilia Rivera ( @USER ) arrasa en Tlaxcala: 46 % de preferencia para competir por gubernatura,0,neutro o no misogino,real,,,,,,,
"¡Habemus nuevo estado! La senadora Ana Lilia Rivera acaba de aplicar un ""reordenamiento territorial"" extremo: según ella, ¡Taiwán es parte de México!",0,neutro o no misogino,real,,,,,,,
"La igualdad sustantiva requiere cambiar una cultura histórica de desigualdad: Ana Lilia Rivera. Desde Papalotla, la senadora @USER señaló que, aunque hay avances legales en México, persisten prácticas machistas. También advirtió que siguen pendientes retos como la",0,neutro o no misogino,real,,,,,,,
"#Tlaxcala | La senadora por Morena, Ana Lilia Rivera, insistió en llamar “estúpidos” y “necios” a los medios que cuestionan su trabajo y, según ella, desinforman a la gente.",0,neutro o no misogino,real,,,,,,,
Ana Lilia Rivera destaca carácter social y constitucional de los Programas para el Bienestar en 2026 … @USER,0,neutro o no misogino,real,,,,,,,
"¿Nuevo diccionario de la 4T? Para la senadora Ana Lilia Rivera, llamar “estúpidos” a quienes la cuestionan por su trabajo legislativo no es un insulto, es… ¿un cumplido?",0,neutro o no misogino,real,,,,,,,
La opinión de @USER Imparable Ana Lilia Rivera rumbo a la gubernatura de Tlaxcala,0,neutro o no misogino,real,,,,,,,
"Querida @USER coincidir con usted en el @USER ha sido un gran acierto. He aprendido mucho de usted y de su experiencia dentro de la lucha por la justicia y la democracia. *Feliz cumpleaños querida amiga, le mando un fuerte abrazo!",0,neutro o no misogino,real,,,,,,,
La senadora Ana Lilia Rivera emitió un contundente llamado a la reflexión después de que en un comentario la periodista Sabina Berman utilizara el término “tlaxcalteca” de manera despectiva … @USER @USER @USER,0,neutro o no misogino,real,,,,,,,
"¡Regrésenla a la primaria! La senadora de Morena ( @USER ) en Tlaxcala, Ana Lilia Rivera ( @USER ), dijo que Taiwán se ubica en México Así fue el bochornoso momento",0,neutro o no misogino,real,,,,,,,
"#Opinión Empresarios de Puebla y Grupo Morelos, contra Ana Lilia ( @USER ) en Tlaxcala De esto escribe @USER en su #columna #AlPolígrafo",0,neutro o no misogino,real,,,,,,,
"#Rozones | Quien, dicen, dio una maroma digna de medalla olímpica para justificar el uso de palabras subidas de tono con la prensa fue la senadora morenista Ana Lilia Rivera De esto y más en nuestros #Rozones",0,neutro o no misogino,real,,,,,,,
La legisladora Ana Lilia Rivera genera asombro durante una visita oficial a una institución escolar en Tlaxcala. La representante de Morena afirmó ante los estudiantes que Taiwán pertenece al territorio nacional de México. El error geográfico de la senadora se vuelve un tema de,0,neutro o no misogino,real,,,,,,,
"Guerra sucia de @USER contra Ana Lilia Rivera ( @USER ) no ha funcionado Ni esa guerra sucia que se ha intensificado en las últimas semanas, ni el dinero que le están inyectando algunos empresarios poblanos ha servido para posicionar a Alfonso",0,neutro o no misogino,real,,,,,,,
"MORENA ABRE LA CARRERA 2027: SENADORAS YA BUSCAN GUBERNATURAS A un año de que arranque la batalla por 17 gubernaturas en 2027, figuras de Morena ya comenzaron a “levantar la mano”. Ana Lilia Rivera confirmó su intención de ir por Tlaxcala y dijo que pedirá licencia cuando",0,neutro o no misogino,real,,,,,,,
"La senadora Ana Lilia Rivera [ @USER ] advirtió que la transformación del país depende de una ciudadanía activa e informada. Señaló que México vive una transición compleja tras 2018 y llamó a participar más allá del voto, sin clientelismo y exigiendo gobiernos",0,neutro o no misogino,real,,,,,,,
Se destapa para Tlaxcala La senadora Ana Lilia Rivera levanta la mano para ir con Morena por la gubernatura,0,neutro o no misogino,real,,,,,,,
"La senadora Ana Lilia Rivera volvió a generar conversación digital tras un evento público en Tlaxcala, donde hizo referencia a Taiwán como si fuera parte del país. Senado #AnaLiliaRivera #OpiniónPública #ComunicaciónPolítica",0,neutro o no misogino,real,,,,,,,
Ana Lilia Rivera advierte posible violación constitucional en Chihuahua; exige rendición de cuentas,0,neutro o no misogino,real,,,,,,,
Así es. Y ya no lo pude editar porque había pasado la hora...,0,neutro o no misogino,real,,,,,,,
"Seguimos avanzando en la Transformación de México con hechos, visión y compromiso social. Por eso, aprobamos en el @USER : Que fuerzas mexicanas participen en capacitación internacional especializada, consolidando su capacidad y cooperación. La Ley de Cine",0,neutro o no misogino,real,,,,,,,
"#Senadora El motor de la transformación es el pueblo organizado, informado y participativo: Ana Lilia Rivera Sin la participación ciudadana, la transformación no se consolidará en Tlaxcala; “Hoy estamos en manos del pueblo, pero ... #lineadecontraste",0,neutro o no misogino,real,,,,,,,
"Cuando agarren a #amlo por narco, a ver si sigue con su idiotez de la foto #morenanarcogobierno #MorenaEsCorrupción, Ana Lilia es una estúpida que no sabe hacer las cosas, saquenla",1,explicita,real,,,,,,,
Otra vez ignorada la #narcopresirvienta,1,explicita,real,,,,,,,
Para la presirvienta científica,1,explicita,real,,,,,,,
"A la #presirvienta @USER NO le avisaron de la detención del ""Mayo"" Zambada, tampoco de la entrega a las autoridades de USA de la familia del Chapo Del derrame de petróleo no sabía que era de @USER . Ahora dice que no sabía de agentes de la CIA en México",1,explicita,real,,,,,,,
"La Presirvienta propone eliminar “oficios”, más bien borrar todas las constancias y evidencias de sus actos arbitrarios o ilegales. Qué conveniente",1,explicita,real,,,,,,,
EL GOBIERNO DE SHEINBAUM NO ESTÁ INVESTIGANDO A MARCELO EBRARD POR HOSPEDAR A SU HIJO A TODO LUJO EN LA EMBAJADA DE MÉXICO EN LONDRES Otro episodio más de la impunidad morenista... El gobierno de la presirvienta Claudia Sheinbaum no está investigando el asqueroso,1,explicita,real,,,,,,,
La presirvienta @USER no sabe el principio básico de la ley. Los funcionarios/servidores públicos solo pueden hacer lo que la ley les permite. Los ciudadanos todo lo que la ley no prohíba. El tibio @USER cometió peculado y es un delito grave. Que deje de,1,explicita,real,,,,,,,
años a mame y mame y mame celebrando detención del narcoaliado #GarciaLuna y embarrando a todos los q tuvieron contacto con él durante su cargo. Q maroma monumental se van a aventar hoy con su NarcoGober @USER y los q le van a seguir? #NarcopreSirvienta @USER,1,explicita,real,,,,,,,
"Continúan los FEMINICIDIOS, la desaparición forzada, el cobro de piso, asesinatos, violencia y la Gobernadora @USER se ha convertido en el mejor distractor de los imbéciles @USER y la #presirvienta @USER",1,explicita,real,,,,,,,
"| QUE SE PUEDE ESPERAR DE ESTA BASURA: La miserable Rocío Nahle se alineó con la presirvienta Sheinbaum en la defensa de los narcoterroristas, afirmando que ""Veracruz siempre ha defendido la soberanía"" y rechazando la intervención de Estados Unidos contra los cárteles.",1,explicita,real,,,,,,,
"A caray, la mujer que va con la PresirvientA, no es la misma que asoleaba las piernas en palacio nacional? ¿Será o solo se parece?",1,explicita,real,,,,,,,
Amigos esta presidente o presirvienta comunista está vaciando al país… ante nuestros ojos. Le manda dinero a Cuba. Estos se quedan con su comisión y le regresan el dinero en paraísos fiscales Lo mismo hacia maduro todos los días. Ya basta!,1,explicita,real,,,,,,,
Y este pinche mugroso? Argumenta y pregunta puras estupideces!!! Pinches paleros primero que al menos les pidan vayan bañados a su circo mañanero!!! #Desgobierno #narcogobiernodeclaudia #narcopresirvienta,1,explicita,real,,,,,,,
Alguien sabe para cuando renuncia la Narcopresirvienta???,1,explicita,real,,,,,,,
"La presirvientA se sintió muy envalentonada y se fue a una reunión de aprendices de dictador a España y a su regreso el demonio naranja le quitó la visa a 75 conacionales, muchos de ellos de Morena seguro.",1,explicita,real,,,,,,,
No son iguales: Con la presirvientA / Con María Corina Machado,1,explicita,real,,,,,,,
Díselo a Claudia Asunto: “presirvienta”,1,explicita,real,,,,,,,
"El goldo Ebrard y la presirvientA ya se doblaron ante los gringos antes de empezar las negociaciones del T-MEC, par de pndejos entregistas. México ""no debería sentir nostalgia"" por la era del arancel cero, dice ministro de Economía.",1,explicita,real,,,,,,,
"Traicionar a México es permitir la corrupción e impunidad de ladrones, corruptos, narcos que solo les interesa el partido al que pertenecen el estiercolero @USER y gozan de la impunidad de la #presirvienta @USER y el esquizofrénico @USER",1,explicita,real,,,,,,,
La presirvienta es la última que se entera.,1,explicita,real,,,,,,,
"¿Y ahora que no habrá auto Olinia, cómo llegará la preSirvienta al mundial? ¿En patineta?, bueno casi es lo mismo.",1,explicita,real,,,,,,,
"A la presirvientA la recibieron miles de personas en España Ah no, fue a María Corina Machado, a la presirvientA solo la recibieron los 5 paleros pagados de siempre.",1,explicita,real,,,,,,,
Por lo menos la presirvienta no ocupó un avión presidencial para ir a otro país a abogar por Cuba.,1,explicita,real,,,,,,,
Vas a una competencia de chupar pingo pero tu oponente es la presirvienta,1,explicita,real,,,,,,,
"La puta #Presirvienta @USER es cagante con su tonito tabasqueño, además pinche vieja ridícula defendiendo delincuentes #NarcoSectaTerroristaCorruptaPopulistaMorena",1,explicita,real,,,,,,,
Ya la presirvienta le terminó de entregar el país a los EEUU que odiaban,1,explicita,real,,,,,,,
Los logros en 100 días de la presirvienta.,1,explicita,real,,,,,,,
"Gracias por confirmar que SÍ SON actos de hostigamiento, @USER . A ver si mañana no sale la presirvientA ChembA a regañar a Profeco y que tengas que tragarte tus tuits.",1,explicita,real,,,,,,,
"""La gobernadora @USER vulneró la soberanía nacional, al violar la ley colaborando con una agencia extranjera sin autorización del Gobierno de México"" Atte La narco #presirvienta @USER Y los chairos idiotas (pleonasmo) se creen todos los distractores",1,explicita,real,,,,,,,
"Terrible pensar que antes se podía ingresar con armas . Gracias por instalar este nuevo filtro de seguridad, Un letrero que dice que está prohibido. Me siento más seguro, gracias presirvienta.",1,explicita,real,,,,,,,
"Habla como ba bo sa y lo de fen dio y has ta po rras le or ga ni zo. On ta ese apoyo, presirvienta?",1,explicita,real,,,,,,,
"Trompabulario de la 4a DEFORMACION, y muy usado por su ñera PRESIRVIENTA. PASADO DE LANZA.- Dícese de aquel que a su producto le pone un precio que a la narco presidente no le gusta. Los seguidores de narco Morena no acuden a informarse y a sacudirse la ignorancia a ChatGPT, no",1,explicita,real,,,,,,,
"Que joya que la #Presirvienta quede como una pen... , digo, habladora",1,explicita,real,,,,,,,
"Habría a que preguntarle a @USER la narco PRESIRVIENTA, porqué no se indigna igual cuando el CO hace masacres, en donde hasta niños y gente inocente sale perjudicada. NUNCA,NUNCA hemos visto tal nivel de indignación como ahora que se acabó con un mega narco laboratorio.",1,explicita,real,,,,,,,
"Uyyyyy que novedad, algo que todo México sabia, menos los MoreNarcos y la HDSPM Presirvienta, como a qué hora saldrá el desplegado de apoyo de los MoreNarcos, gobernadores y Presirvienta",1,explicita,real,,,,,,,
Luisa María Alcalde se ve involucrada en un escándalo porque existen fotos de ella con el presunto asesino de una Adolescente. Qué hace la PresirvientA como control de daños? La invita a integrarse como Consejera Jurídica!!!! Cada vez más descaro del Narcogobierno.,1,explicita,real,,,,,,,
Rechazo masivo a PreSirvienta.,1,explicita,real,,,,,,,
Siguen los reclamos contra Maru Campos de Chihuahua por destruccion de laboratorio narco #Chihuahua #PutonadelBienestar #Labarredora #LaRecoGedora #Presirvienta,1,explicita,real,,,,,,,
La presirvientA respaldando criminales como siempre.,1,explicita,real,,,,,,,
A la presirvientA se le hizo fácil ir a la convención de dictadores zurdos en España y ahí pedir la liberación de Kristina Kirchner. 3 Doritos después: -El gobierno de Argentina detiene al vicealmirante Fernando Farías y piensa entregárselo a los gringos para que cante todo lo,1,explicita,real,,,,,,,
Ahora que dirá la Presirvienta @USER,1,explicita,real,,,,,,,
Que dira el día de hoy la narco presirvienta @USER,1,explicita,real,,,,,,,
"Pin...rateros, viven de la IMPUNIDAD que les brinda la #presirvienta @USER y tienen la bendición del narco corrupto de @USER",1,explicita,real,,,,,,,
De México para Barcelona la #NarcoPresirvienta,1,explicita,real,,,,,,,
"¿Cómo? ¿No era real el tren fantasma que habían inaugurado el narcopresidente #ElCacas y su ahora narcopresirvienta #Excelsa? O sea, ¿Confiesan ahora que los engañaron entonces? Pues sí. Confiesan ahora, que los engañaron entonces. No podía saberse...",1,explicita,real,,,,,,,
Ya con esto entienden Chairitos? La #presirvienta del narco es enana junto a Corina Machado.,1,explicita,real,,,,,,,
"Uy, Uy Uy esto me encantó. A sheimbaum la conocen perfectamente. #NarcoPresirvienta.",1,explicita,real,,,,,,,
"Jajajaja jajajaja jajajaja jajajaja jajajaja, a poco no se ve que al LARGO o sea el disque esposo de la Narco Presirvienta, no le agrada mucho tocarla? es ella la que le agarra la mano, es ella quien se le acerca, pero él completamente SECO PARA CON ELLA.",1,explicita,real,,,,,,,
Tic tac para @USER habrá entendido m mensaje? La #Narcopresirvienta está en la cuerda floja… #MéxicoSinNarcosYa!!!,1,explicita,real,,,,,,,
Aquí la presirvientA mostrando dotes de clarividente. Se dirigía a ti @USER,1,explicita,real,,,,,,,
"La preSirvienta está normalizando que no se puede correr a nadie , por nefasta que haya sido en su encargo, sin darle otro puesto para seguir robando",1,explicita,real,,,,,,,
"Nueva palabra inventada por la presirvienta ""eficientamos""",1,explicita,real,,,,,,,
"No es posible que comentan tantos delitos electorales y nadie hace nada y a nadie le hace caso, ni a la presirvienta!! De que privilegios goza o quien la protege!!! #narcopresirvienta",1,explicita,real,,,,,,,
"Una pregunta. De qué democracia va a hablar la #narcopresirvienta @USER ? Porque si algo está desapareciendo en México es precisamente la DEMOCRACIA, misma que la sheimbaum está tratando de terminar.",1,explicita,real,,,,,,,
"Que madriza dieron a SHEINBAUM la humillaron, la aplastaron y quedó como una insignificante literalmente cucaracha en ESPAÑA . Llegó al evento político con otros pocos presidentes del populistas y la PRESIRVIENTA compartió la reunión de los Comunistas GUSTAVO PETRO, LULA SILVA,",1,explicita,real,,,,,,,
"Voy a pasar el día ofendiendo a cuanto pendejo se me aparezca ofendido por la presirvienta, mona de mierda!",1,explicita,real,,,,,,,
"Ay, @USER , ¿no puedes pasar 5 segundos sin humillarte sola? #ClaudiaBurlaMundial #narcopresirvienta",1,explicita,real,,,,,,,
Decías presirvienta,1,explicita,real,,,,,,,
Solo un lame kulos puede decir esas sandeces P1nCH3 vieja #narcopresirvienta @USER servidora de los dictadores y narcos,1,explicita,real,,,,,,,
"JUSTICIA, DEMOCRACIA Y DESARROLLO? Son cosas que la narco PRESIRVIENTA no aplica. Jajajaja jajajaja jajajaja jajajaja andaba bien viajada. Aristegui Noticias - Propone Sheinbaum en Barcelona usar 10% del gasto militar global en reforestación",1,explicita,real,,,,,,,
"Pobre #presirvienta @USER la SUMISIÓN y estar bajo las órdenes del esquizofrénico @USER le crean conflicto, @USER la tiene amenazada y no baja su gobierno de narco, la científica es solo el jamón de la torta...",1,explicita,real,,,,,,,
"Dice la NARCO PRESIRVIENTA, que ya giró cartas a los gobernadores de todos los Estados, para dar instrucciónes y que no se les ocurra trabajar con gente del gobierno de EEUU. Pero no escuché que haya girado alguna donde se prohíba tener nexos con el narco, como todo la secta",1,explicita,real,,,,,,,
"La presirvientA no tiene opción. Es entregar a Rocha Moya y compañía o enfrentar peores consecuencias, además de que Estados Unidos irá tras otros gobernadores morenistas vinculados con el narco. Este es solo el primero. Agárrense @USER",1,explicita,real,,,,,,,
En cuestión de HORAS: -Ebrard cínicamente admite que su hijo usa la embajada en Londres como AirBnB. -La Fiscalía de la CDMX pide dinero para salvar a una chica y la matan porque la familia no pagó. -La presirvienta defiende a Cretina Fernández. -Hay otro derrame de petróleo,1,explicita,real,,,,,,,
"Chairos, defiendan a su presirvientA, la noquearon en un round, @USER hace trizas el discurso del candil Sheinbaum.",1,explicita,real,,,,,,,
Jajaj Todos se burlan de la presirvienta,1,explicita,real,,,,,,,
La #presirvienta lleva más desaparecidos en año y medio que Calderón en su sexenio Vaya fracaso!,1,explicita,real,,,,,,,
Estoy disfrutando muchísimo ver cómo los de la 4T están apanicados. Amo ver a la presirvienta así.,1,explicita,real,,,,,,,
"¿Se acuerdan que la NARCO Presirvienta, @USER celebró que a García Luna le dieran 29 años de condena sin pruebas, con puros testimonios? Bueno, hoy está rabiosa exigiendo pruebas, mismas que aportaron los Chapitos pactando su entrega para ser testigos protegidos.",1,explicita,real,,,,,,,
¡Cachetadon en el mero hocico a la mitómana presirvienta del narco!,1,explicita,real,,,,,,,
Nunca sabe...no hay liderazgo...solo es la #narcopresirvienta @USER,1,explicita,real,,,,,,,
La PreSirvienta de VZA reacciona a intento de atentado contra Trump.,1,explicita,real,,,,,,,
Por qué TODOS LA TRATARÁN COMO LA PRESIRVIENTA DE 4a.?...ps si ella solo es la NARCOPRESIRVIENTA DE 4a... …,1,explicita,real,,,,,,,
"Un día hablan de ""tutelaje"" y llaman a Delcy ""presirvienta"". Al otro día dicen cosas como esta. No hay marcos de coherencia mínimos, solo deriva, desconexion y juegos de adivinanzas, en esta venta de analisis baratos.",1,explicita,real,,,,,,,
"De cuando a acá las gatas exigen? Entiende PreSirvienta CHlCHlS de limón, obediente de Satanás López Obrador, no estás pa exigir.",1,explicita,real,,,,,,,
Mañana dirá la presirvienta que porque no están hablando de García Luna.,1,explicita,real,,,,,,,
Los que juntó María Corina // los que juntó la preSirvienta,1,explicita,real,,,,,,,
"Que facha, que gente tan fea !!! No se saben ni vestir #Mexico #MorenaEsCorrupción #Presirvienta",1,explicita,real,,,,,,,
A ver qué dice ahora la Presirvienta.,1,explicita,real,,,,,,,
"Jamás recibirían así a la presirvienta, y eso que ella sí es judía.",1,explicita,real,,,,,,,
Con la inauguración hoy del tren Felipe Ángeles la presirvientA nos confirma que se prestó al montaje del viejillo meado hace 4 años. Lo bueno es que solo los pndejos de los chairos les creen.,1,explicita,real,,,,,,,
"¡Ajá! El ""humanismo"" de la #Narcopresirvienta @USER",1,explicita,real,,,,,,,
Los de la desnalgada son puros montajes Pero el de Maru fue espectacular ya que acabo con el financiamiento de la guanga y piruja y de paso le dió una cachetada con guante blanco a la inútil de la presirvienta,1,explicita,real,,,,,,,
Anoche sin poder conciliar el sueño la #Presirvienta,1,explicita,real,,,,,,,
"Bueno está porquería de presirvientA no tiene ningún respeto por los Mexicanos, ponerse hablar del endeudamiento de Porfirio Díaz y hacerse pndeja con la deuda que ella y Obrador han adquirido, duplicandola. Cinismo asqueroso !!!!!!",1,explicita,real,,,,,,,
Que poca! La #Presirvienta deja sin trabajo a una madre soltera. Andy por lo menos tiene hermanos ricos y una tienda de chocolates. #MorenaSevaEl2027,1,explicita,real,,,,,,,
"NARCOGOBERNADOR ROCHA..quieren pruebas Presidencia, FGR, Relaciones Exteriores, etc.?, son las mismas que las que usaron contra García Luna, casi los mismos testigos narcos..CON SU DECISIÓN MAÑANA, A QUIÉN APOYARA LA NARCOPRESIRVIENTA? A ROCHA-ELKKS O A MÉXICO. RECUERDEN EL T-MEC",1,explicita,real,,,,,,,
"La presirvienta …! Tiene el descaro de enojarse en vez de ver ,que en parte Maru campos está en su territorio, haciendo lo que la la sirvienta de palacio no hace, es una vergüenza, y ahora ya está sacando el cobre, quiere gobernar,pero ya,es tarde ,nadie la topa.",1,explicita,real,,,,,,,
"Si la presirvienta fuera tantito inteligente (que no lo es) este sería el mejor momento para cortarse el cordón umbilical y mandar a chingar a su madre a todos sus enemigos dentro de mierdena,pero como la inteligencia no le da,se va a joder junto con todos,mal pedo .",1,explicita,real,,,,,,,
"VOX el partido de Derecha en España, denuncia que el gobierno de Pedro Sánchez, acoge en Barcelona a los peores criminales y narcodictadores como Petro y Lula y exigen que la narco Presirvienta de México Claudia Sheinbaum, deje de inundar las calles de droga y muerte.",1,explicita,real,,,,,,,
Que apuestan a qué mañana la presirvienta ( @USER ) los sale a defender en la plañidera?,1,explicita,real,,,,,,,
"Presirvienta “no estaba enterada” de ningún operativo dice estar enterada, y es la autoridad nacional , hipócritas que son !!!",1,explicita,real,,,,,,,
Igualito a su #Presirvienta.,1,explicita,real,,,,,,,
"Hoy más que nunca lo que brota a estiércol en @USER y el gabinete mediocre de la NarcoPREsirvientA de la de @USER es el Nepotismo y pago de ""caricias"" y favores al viejo miado del @USER He ahí sus bastardas incompetentes de @USER",1,explicita,real,,,,,,,
"Así es, Claudia Sheinbaum es una NARCO PRESIRVIENTA.",1,explicita,real,,,,,,,
"Creo que no le sirvió de nada podarle las pesuñas al Kks y a la presirvienta, jajajaja se lo va cargar el payaso por raterazo",1,explicita,real,,,,,,,
"Pues a quien agarren está bien, les faltan muchos, algunos ejemplos: Patán Augusto, varios gobernadores (Bedolla, Montiel, Mara, Clara, etc), Almirantes y Generales del ejercito, y las joyas de la corona (Tirano, presirvientA y los Trivagos)",1,explicita,real,,,,,,,
"Y está tan mal, que hasta la presirvienta @USER ya se comporta más como la jefe de los delincuentes de su narco partido, que como presidente, se le olvidó Las telenovelas son entretenidas, pero el drama que está viviendo el par... youtu.be/x2pLsrd7Lyk?si … vía @USER",1,explicita,real,,,,,,,
No digan estupideces!! Ese tren fue inaugurado hace 4 años por el anciano resentido Incluso su criada la Presirvienta con A de Andrés estaba ahí!! @USER,1,explicita,real,,,,,,,
"Yo estoy en todo mi derecho de cuestionar a la Narcopresirvienta y a todos los de su narcosecta, porque son nuestros narcoempleados.",1,explicita,real,,,,,,,
"Nada de eso pasará, la narcopresirvienta con a y toda la mafiocracia del cártel de Morena lo defenderán hasta las últimas consecuencias porque todos tienen cola que les pisen. La pregunta es ¿qué hará EEUU? NarcoRocha Moya no vale tanto para una extracción tipo Maduro.",1,explicita,real,,,,,,,
Claro no mas impunidad incluida la presirvienta y su gata la godoy,1,explicita,real,,,,,,,
Y la presirvienta ? Mejor no hablar,1,explicita,real,,,,,,,
Y la cínica #Presirvienta @USER que dirá mañana en su show mañanero?? #NarcoSectaTerroristaCorruptaPopulistaMorena,1,explicita,real,,,,,,,
"¿Dijo algo la presirvientA en su discurso en la cumbre de dictadores acerca de la crisis de desaparecidos en México o de los presos políticos en Venezuela, Irán y Cuba o de eso no quiso hablar?",1,explicita,real,,,,,,,
Pues no que muy Autónomos y salen conque van a cuidar a los #Morenarcos de su Patrón #AMLOCO y de la #Presirvienta. #MorenaEngañaMienteYTraiciona,1,explicita,real,,,,,,,
"No mi pendejo pocos huevos: estás tan acostumbrado a ladrar como puto perro cada que critican a tus políticos endiosados que crees que todos actúan igual de pendejos como tú, pero no: solamente te dije que leer libros no te da cultura y la pendeja presirvientA hasta PhD tiene…",1,explicita,real,,,,,,,
"""Pero a mi me dijieron que estaría en la presidencia solo para recibir aplausos, inaugurar kinderes y ser la reina de la primavera de México... Lo único que he hecho es proteger las espaldas de mi patrón y sus hijos...sniff, sniff, sniff!!"" #presirvienta #narcopresidenta",1,explicita,real,,,,,,,
"También la presirvienta antes ya se había reunido con los del Cártel de Sinaloa, con el Cártel Jalisco Nueva Generación, Con el cártel del golfo … PD. Estuvo así de que se le saliera decir que quieren Desdolarizar el mercado , (Saneamiento) ¡Ah pero qué imbécil!",1,explicita,real,,,,,,,
"No hay de otra, están encabronados con Maru Campos porque se atrevió a combatir a sus SOCIOS, pinche #NarcoSectaTerroristaCorruptaPopulistaMorena , son la peor mierda que le pudo pasar a México #MorenaNarcoSecta #NarcoPresirvienta",1,explicita,real,,,,,,,
Mañana la presirvienta dirá que le manden las pruebas de las acusaciones de narcotraficante a Rubén Rocja Moya. #narcogobiernodeclaudia,1,explicita,real,,,,,,,
"| Al menos cinco presos habrían muerto en la prisión donde está secuestrado el abogado argentino Giuliani. La Presirvienta encargada, Delcy Rodríguez es responsable de esto. ¡El chavismo debe librar a TODOS los presos políticos AHORA!.",1,explicita,real,,,,,,,
"La reportera Andreina Ramos ( @USER , Ponte al Día News), nos trae una lista de los mayores fracasos de la Presirvienta encargada: #Delcyrvienta... Yo agregaría además: * transición democrática: A más de 100 días en el cargo, no ha convocado elecciones libres y transparentes",1,explicita,real,,,,,,,
"La presirvienta en España quiere sembrar paz, no guerra y ni en su propio país puede sembrar paz",1,explicita,real,,,,,,,
"#YaMeCanse de un gobierno atroz, indigno, vendepatrias, ligado al narco, soberbio, corrupto, un gobierno que no merecemos los mexicanos #NarcoSectaTerroristaCorruptaPopulistaMorena #narcopresirvienta",1,explicita,real,,,,,,,
Trump se queja de falta de empatía de la presirvientA y el gobierno de México ante la muerte de sus 2 agentes en Chihuahua y el senado en chinga hace un minuto de silencio en su memoria. El régimen le tiene pánico al demonio naranja y lo celebro.,1,explicita,real,,,,,,,
NUESTRO QUERIDO #FELIPECALDERON LLEVÁNDOLE SERENATA A LA PRESIRVIENTA. TODAVÍA SALE Y SE ENOJA. ALAMADRE #MorenaEsCorrupción #MorenaEngañaMienteYTraiciona,1,explicita,real,,,,,,,
Ahora que dura la presirvienta sobre los #Morenarcos en su partido??? Más maromas del bienestar? Ya no pueden tapar el sol con un dedo!!,1,explicita,real,,,,,,,
"Hoy la tiene difícil la presirvienta...mañana Día del niño saldría de payasito pero el Inche gober de Sin Aloa no puede volar...no sabe que chou montar!! Pues, ya, ya sabe...culpara a Calderón! ¿Cuánto?",1,explicita,real,,,,,,,
Decía la #NarcoPresirvientA...,1,explicita,real,,,,,,,
Por qué ellos si encuentran los laboratorios que AMLO siempre negó! Por qué la Presirvienta no los encuentra? Por qué no le importa que están eliminando laboratorios? Por qué investiga el accidente y no todos los laboratorios?,1,explicita,real,,,,,,,
"Honor a quien honor merece. Gracias al Ayatolá de Palenque y a la presirvienta, somos el número uno en crimen organizado.",1,explicita,real,,,,,,,
"Ya lo dijo la PresirvientA: un soldado en cada Chairo te dió, y una soldada.",1,explicita,real,,,,,,,
"No sabemos quién miente más, si la Presirvienta en la mañaneras o la Sra Gobernadora de Chihuahuita? ¿Tendrás tu la respuesta?",1,explicita,real,,,,,,,
"El chillón del bienestar salió barato y alcohólico pues conoce muy bien a los narcocenadores de morena, ellos no chupan ellos aspiran a mucho #narcopresirvienta #NarcoSectaTerroristaCorruptaPopulistaMorena #NarcoPoliticos",1,explicita,real,,,,,,,
"Otra inútil e ignorante moreNARCA, como le agradan a la presirvientA",1,explicita,real,,,,,,,
"Que onda con la presirvienta, en México nos dice que comamos frijoles, usemos gasolina de la verde, y calla a los manifestantes. Pero va a otro país a pedir por Cuba, les manda petróleo, dinero, comida y medicinas. Quien es la traidora a la patria y entreguista.",1,explicita,real,,,,,,,
La Narcopresirvienta es la N 1 . Es el cartel de Morena. Solo robar saben . Le dan migajas a los ancianos ignorantes y a los webones y son su ejército de votos.,1,explicita,real,,,,,,,
"Por cierto, la NARCO Presirvienta, @USER aun no pide abrir carpeta de investigación para Alfonso Romo, lavador de dinero de NARCO cabecita de pañal, @USER y el CDS.",1,explicita,real,,,,,,,
PINCHE PRESIRVIENTA DE MIERDA NUNCA SABE NADA,1,explicita,real,,,,,,,
"Traición, jajajjaa jajaja entonces la presirvientA tiene cola, los agentes rusos y cubanos que. Usurpación de funciones... No, es gobernadora electa de un estado soberano,",1,explicita,real,,,,,,,
En México se enoja más la presirvientA por que se desmanteló un narcolaboratorio qué por los miles de muertos a manos del crimen organizado. Así sus prioridades.,1,explicita,real,,,,,,,
Recibiste instrucciones de tu patrón presirvienta,1,explicita,real,,,,,,,
Sigues tu maldita #Presirvienta de cuarta @USER,1,explicita,real,,,,,,,
Sí la cajeteó la presirvientA,1,explicita,real,,,,,,,
Cómo si los topara la presirvienta jajajaja jajajaja jajajaja jajajaja y,1,explicita,real,,,,,,,
"Dijo la presirvienta que no hay nada que diga que el hijo de Marcelo no podía vivir como ""invitado"" en la embajada en Inglaterra, así que no hay ""delito"", entonces se aplican los mismos argumentos, si no dice nada, entonces está permitido.",1,explicita,real,,,,,,,
"Muy orgulloso de mi presirvienta, defendiendo a hueso y espada la soberanía de la corrupción y el narcotráfico! Como me encanta vivir en el país del bienestar, donde llevar una franja color vino te exenta de la ley y además te aplauden! Viva la transformación de cuarta!!",1,explicita,real,,,,,,,
"El pueblo está todo pendejo por creer en la presirvienta, una cosa es estar en contra del PRIAN y otra a favor del narcobierno",1,explicita,real,,,,,,,
Narco presirvientA,1,explicita,real,,,,,,,
"Un #narcofiscal que con anuencia de la #narcopresirvienta @USER fue @USER de un #narcotorturador @USER y lo salvo para que el #narcopartidomorena le otorgará el #narcofuero del cual goza... ¿Que calidad moral puede tener? Por cierto, cantada vale doble",1,explicita,real,,,,,,,
"Este mundial para México es como aquella escena de la Casa de las Flores en dónde la tragedia se hace presente en medio de una gran fiesta, y saldrá la Presirvienta a decir en su mañanera de odio ""Se me olvidó cancelar al Mariachi""",1,explicita,real,,,,,,,
"Hola #preSirvienta, para cuando esperamos su renuncia por se la cabeza de un gobierno convertido en narco gobierno?",1,explicita,real,,,,,,,
¿Será que hoy la Presirvienta podrá dormir más de cuatro horas?,1,explicita,real,,,,,,,
y qué espera la judía para detenerlo entonces? o es presirvienta entonces? QUÉ HARÁN LOS CHAIROS,1,explicita,real,,,,,,,
Deus mañana la presirvienta va decir que no sabía que Rocha tenía nexos con el nrco,1,explicita,real,,,,,,,
"Puedes decir toda la misa que quieras. Yo nomás quiero ver cómo los chairos, la Presirvienta, los narco- gobernadores, los morenarcos se quitan este jaque de los gringos, porque ya se ve pronto el mate al rey del cash. Y pensar que no viviría para verlo y para contarlo",1,explicita,real,,,,,,,
"Pendeja se te queda corto presirvienta Claudia Shitbaum,seras recordado en los libros de historia mexicanos como la primera mujer presidente de mexico,que fue un titere impuesto por su predecesor,el cual llego a la ruina a mexico,homicida por naturalerza..",1,explicita,real,,,,,,,
"ajjajajjaja esooo! exactamente! X no es para que vengas a justificar tus marranadas Rochita, como dice la Presirvienta: ""Pon tu denuncia donde corresponde..."", periodicazo en el hocico!",1,explicita,real,,,,,,,
Mañana así saldrá la presirvienta y #SiguesTúAMLO,1,explicita,real,,,,,,,
"Por qué tantas visitas del #Cacas @USER a Sinaloa?? Jajajaja, Pinches narcos Culeros #NarcoExPresidenteAMLO #NarcoGobernadorRocha #narcopresirvienta #MorenaNarcoGobierno",1,explicita,real,,,,,,,
En cuanto Trump’ voltie sus hacia otro lado y de pura “casualidad” vea al rochita’ este se va a surrar’ otro que ya deberia estar corriendo y buscando una para esconderse por que cuando lo atoren ni su papa el cacas y menos la presirvienta lo podran ayudar’,1,explicita,real,,,,,,,
"Claro. Con todo contra los narcos. Por eso está enojada la presirvienta de los narcos, porque le desmantelaron un laboratorio.",1,explicita,real,,,,,,,
Pobre pendejada. No sabes que hacer. Das lastima. La primera y la peor presirvienta de México. #NARCOPARTIDOMORENA #NarcoSectaTerroristaCorruptaPopulistaMorena,1,explicita,real,,,,,,,
Una llamada del Trump y la presirvienta se vuelve a empinar,1,explicita,real,,,,,,,
"Qué curioso que EEUU ya le había hecho la petición de información financiera de un legislador y un gobernador a la NARCO Presirvienta, @USER y por eso el golpeteo a Maru Campos. Ve preparando tu maroma para el siguiente MORENARCO, @USER puede ser @USER .",1,explicita,real,,,,,,,
"NARCOGOBIERNO, MAÑANA EN LA MARRANERA VAS A PROTEGER NUEVAMENTE AL NARCOGOBERNADOR , EN PLENA NEGOCIACION DEL TRATADO DE LIBRE COMERCIO A VER QUE VAS A HACER CUANDO TRUMP YA NO QUIERA NEGOCIAR CONTIGO POR ENCUBRIDORA PRESIRVIENTA",1,explicita,real,,,,,,,
O ahora la Presirvienta dira que no conoce a lo de la foto,1,explicita,real,,,,,,,
Jajajaja el pendejo que no sabe que los gringos controlan a la presirvienta ella les lava el cerebro con su soberanía,1,explicita,real,,,,,,,
Bueno el narcogobierno va a hacer todo lo posible por protejerlo y la narcopresirvienta va a salir como siempre no se no estoy enterada no me an dicho nada por que no hablamos de García luna,1,explicita,real,,,,,,,
"No me puedo imaginar la clase de berrinche wue ha de traer la presirvienta y menos todavía, el que ha de estar haciendo el mugroso de Palenque",1,explicita,real,,,,,,,
Esperemos que la Presirvienta no salga con una postura como la expresada por este pen dejo chairo atolizado. Ahora si que va a necesitar mucha Serenidad y Paciencia.,1,explicita,real,,,,,,,
"No le conviene a la Presirvienta meter las manos, de por sí esta echa una su gobierno, además se le vienen más personajes de su partido vinculados al narco",1,explicita,real,,,,,,,
Eso es falso!!! Millones de mexicanos sabemos que nuestra flamante NARCOPRESIRVIENTA ocupa sin duda mínimo un segundo lugar,1,explicita,real,,,,,,,
"Pummmmmmm bombazooooo #RochaMoyaNarco A VER COMO SALEN DE ESTA, veamos la maroma que va a sacar la #Presirvienta",1,explicita,real,,,,,,,
Los Chairos dando maromas desesperadas ...Cuántos de los extraditados que ofrendo la Presirvienta llevaban expediente con pruebas .....están desesperados los chairos y sus maromas ...,1,explicita,real,,,,,,,
De paso investiguen a lord cacahuates y a los sardinas como que el ejército interviene y no lo sabe la presirvienta ? Como entraron? No nos hagamos la raquítica sabia y al quedar al descubierto se hace la inocente,1,explicita,real,,,,,,,
"@USER La narcopresirvienta Claudia Shitbaum ahora sí renunciará Jajajaa su intento de ""gobierno"" nació muerto, y demasiado largo fue",1,explicita,real,,,,,,,
"La negativa de la presirvienta con A, de arrastrada, es para comprarle tiempo a una tal familia López para decidir a qué país escapar con todos sus millones. Todas las represalias que tome Trump en contra del narcogobierno de morena nos afectarán exclusivamente a los ciudadanos.",1,explicita,real,,,,,,,
aver con que mamada sale la presirvienta manana,1,explicita,real,,,,,,,
"Jajaja. Esta pendeja del bienestar @USER , ni siquiera sabes lo que es un bot. Para ustedes los chairos, todo lo que no sea mamársela al cacas, es un bot. Anda, síguele lamiendo las hemorroides al cacas y a tu presirvientA. Ah, y bloquear no te va a quitar lo pendeja.",1,explicita,real,,,,,,,
"Ya me imagino mañana a la presirvienta: ""Por qué hablamos de Rocha, que no se nos olvide García Luna"" Tengo el sueño de que algún día pase algo que en verdad cambie nuestra historia como país, pero creo que muchos moriremos sin ver un verdadero cambio.",1,explicita,real,,,,,,,
"Comentan que acaba de llagar un gran cargamento de papel sanitario a palacio nacional en México, la #Presirvienta se cagó por completo!",1,explicita,real,,,,,,,
"No son GRATUITOS presirvienta @USER , los pagamos durante años quienes cotizamos en el IMSS o en el ISSSTE, se pagaron con las aportaciones de los patrones y trabajadores.",1,explicita,real,,,,,,,
"Se les complica a Rocha Moya y a la presirvienta, Estados Unidos ya lo acusó de ser un narco, lo que todos sabíamos. Ya dejen de poner el fundillo chairos.",1,explicita,real,,,,,,,
"Mi pendejo! Si tienes que reclamar, hazlo con la presirvienta, que prefirió chingar al mexicano en lugar de quitar los impuestos a los combustibles. Pero como siempre bien pendejo, no tienes ni puta idea del tema!",1,explicita,real,,,,,,,
Tú crees que le pusieron la PreSirvienta solo por joder?!,1,explicita,real,,,,,,,
"Si no tienen pruebas, fácil: que rocha moya se presente a las autoridades que lo están acusando, demuestre su inocencia de cuarta y contrademande. O se va a esconder en las naguas demuestre la narcopresirvienta, que seguro dirá esta misma pëndejada que escribiste.",1,explicita,real,,,,,,,
"Mas pendejo no se puede, no has leído que ya se presentaron pruebas en una corte en EU, ahora van a salir xq en EU. El mayo ya acuso abiertamente a Rocha Moya y presirvienta lo defendió no lo investigo que más pruebas necesitas pendejo",1,explicita,real,,,,,,,
"Estos croqueteros gatos defienden lo indefendible, dan hueva con sus argumentos de enajenación a su presirvienta. Siempre fieles y pendejos.",1,explicita,real,,,,,,,
Él y la espuria ridícula PresirvientA @USER están meándose de miedo. Lo celebro,1,explicita,real,,,,,,,
No sabía que Rocha Moya es narco. Presirvienta Claudia.,1,explicita,real,,,,,,,
"Infinitas gracias por hacer campaña en favor de la Gobernadora Valiente de Chihuahua, lejos de desprestigiarla tu y la Presirvienta, su rating ha subido como la espuma, y tú y los Morenarcos quedaron como idiotas ante los mexicanos y el mundo.",1,explicita,real,,,,,,,
@USER es la confirmada presirvientA de un #NarcoGobierno @USER y @USER La respaldan,1,explicita,real,,,,,,,
Los amigos de la Presirvienta @USER confirma que MorenaNarcoDictadura MorenaNarcoHuachicolerosTerroristas,1,explicita,real,,,,,,,
"Pobre presirvienta, más claro... es un Narcogobierno, se están kgando",1,explicita,real,,,,,,,
"Cómo ves julieta, sabía o no sabía la presirvienta.",1,explicita,real,,,,,,,
Hhahahaha 12 años fue muy rápido para voltear tan duro la tortilla narcopresirvienta…,1,explicita,real,,,,,,,
"De casualidad en tu lista ¿no tienes a Andy, el kks, Monreal, Adán, Changoleón, Gober de Tams, Gober Michoacán y la presirvienta entre otros?",1,explicita,real,,,,,,,
"La pre sirvienta en su mañanera, que opina de la acusación de EUA del gobernador Rocha Moya ? Este no yo no se nada.. nunca sabe nala la vieja pendeja.. Está de florero la wey, a chingar a su madre tambien la narco-presirvienta..",1,explicita,real,,,,,,,
"Osea que la presirvienta ya agarro el lado por el qué estará, muy mal por ella, no le convendrá a México",1,explicita,real,,,,,,,
"Supongo lo hacen para ahorrar, aparte dicen que la presidenta no tiene aprobación se sacaría antes mejor para ustedes",0,neutro o no misogino,real,,,,,,,
Porque aquí en México no se aplicó lo que hicieron @USER @USER En la Cobertura del COVID @USER @USER @USER,0,neutro o no misogino,real,,,,,,,
"Claudia, hubieras ido a Festejar a la refinería Olmeca que está al 100% trabajando, está nueva, no se inhunda y es el orgullo del trabajo de Morena.",0,neutro o no misogino,real,,,,,,,
Puro lavado de dinero con el #NarcoExPredidenteAMLO le encanta estafar a los más idiotas,0,neutro o no misogino,real,,,,,,,
"Sean festejos o desgracias , siempre la oposición está en su mente , que pobre presidente",0,neutro o no misogino,real,,,,,,,
"Pinche vieja, jetas de bofe!",1,explicita,real,,,,,,,
"No más impunidad, felicitaciones, gran iniciativa @USER",0,neutro o no misogino,real,,,,,,,
Pendejo. ¿Cómo duermes tu apoyando a la dictadura que tiene en la miseria a los cubanos? ¿Cómo duermes sabiendo la corrupción de tu narco régimen?,0,neutro o no misogino,real,,,,,,,
"Excelente determinación para evitar el despilfarro de los gobiernos locales que se empeñan por tirar lo que no les cuesta, el dinero de los contribuyentes, bien por el plan ""B"" de la presidenta Dra. Claudia Sheinbaum Pardo.",0,neutro o no misogino,real,,,,,,,
De verdad que cada día demuestran que el botox también mata neuronas… no ha peor enemigo de esas que ellos mismos. ¡Bravo! Me tocará presenciar la desaparición del PRIAN,1,explicita,real,,,,,,,
Para cuando la gasolina a $10? Que prometió @USER,0,neutro o no misogino,real,,,,,,,
"Y las armas ? No diga mentiras, ustedes no HACEN NADA por parar el tráfico de armas.",0,neutro o no misogino,real,,,,,,,
"Ella que se quede que se vaya Mayer, Monreal, Mario delgado, si ay revocación de mandato para la presidenta queremos revocación para estos inútiles traidores",0,neutro o no misogino,real,,,,,,,
Allá desmantelan y uds las queman y las llevan al colapso con deudas impagables,0,neutro o no misogino,real,,,,,,,
"Apropiación del Estado de los Recursos Naturales del país, cámbienle de nombre",0,neutro o no misogino,real,,,,,,,
Yo no se como tú mi leñador de bonsais puedes dormir tranquilo si no hay medicamentos ni seguridad y eso causa la muerte de cientos de mexicanos diariamente. Hipócrita frentón.,0,neutro o no misogino,real,,,,,,,
En USA tirne pruebas que el @USER es un #NarcoExPresidenteAMLO y que @USER es una #NarcoPresidentaClaudia Tendrán que hacer todo lo que @USER ordena o ellos presentarán la pruebas de la colusión y entonces se les cae su #NarcoMovimiento de mierda,1,explicita,real,,,,,,,
Gran momento Histórico que se queda en nuestras memorias @USER,0,neutro o no misogino,real,,,,,,,
Impunidad del bienestar de @USER para los ladrones Lopez Obrador,0,neutro o no misogino,real,,,,,,,
Cuántos muertos directos de la ineptitud de @USER ? 26+26+14+5,0,neutro o no misogino,real,,,,,,,
¿Por qué no va a la que se le está incendiando?,0,neutro o no misogino,real,,,,,,,
"HUMANISMO???EN SERIO CREE QUE A ESO SE REFIERE SU.TOPICO(DONAR), PORQUE NO APLICA ESTE CONCEPTO EN EL PUEBLO DE.MÉXICO(OAXACA, GUERRERO, LOS TARAHUMARAS,ETC),..SU DEMAGOGIA ES TAN RUIN LO MISMO QUE SU RETÓRICA SALVAJE,NO VENGA CON CHANTAJES EMOCIONALES, ESA FORMULA YA NO FUNCIONA",0,neutro o no misogino,real,,,,,,,
"Que se deje venir , ya vera el descontento social",0,neutro o no misogino,real,,,,,,,
"Le tengo el plan ""V"" a @USER , ""ve y chinga a tu madre"". Ese sí pasa.",1,explicita,real,,,,,,,
La Presidenta Municipal María Guadalupe Martínez Gerardo entrego importante obra social en la comunidad de Francisco I Madero #AsiLoDicePuebla #TuneinRadio #Mexico #Puebla,0,neutro o no misogino,real,,,,,,,
El Patético morenista @USER mejor conocido como #ElCeroVotos Princeso del Bienestar en sus tiempos libres es Diputado y es el responsable de estar acosando a la alcaldesa TODOS los días.,0,neutro o no misogino,real,,,,,,,
"Mentirahasta que no saquen a esas lacras de la 4T le quedarán debiendo al pueblo su compromiso de “NO MENTIR, ROBAR, NO TRAICIONAR” hasta que no cumplan el plan “C” no habrá “POR EL BIEN DE TODOS PRIMERO LOS POBRES” ni EL PUEBLO PONE Y EL PUEBLO QUITA” #FueraMonrealYMayer",0,neutro o no misogino,real,,,,,,,
Tú y tú partido de @USER vayanse mucho a chingar a su puta madre culera,1,explicita,real,,,,,,,
@USER Una vergüenza más y una muestra de q la nueva educación en las escuelas no funciona,0,neutro o no misogino,real,,,,,,,
Eres de a CERO VOTOS.,0,neutro o no misogino,real,,,,,,,
"#Internacionales | La presidenta de México, Claudia Sheinbaum, ha invitado a Felipe VI a asistir al Mundial de fútbol que se celebrará en ese país, Estados Unidos y Canadá, del 11 de junio al 19 de julio, según han informado este miércoles fuentes de la Casa Real.",0,neutro o no misogino,real,,,,,,,
El trapo de presidenta sabe?,1,explicita,real,,,,,,,
"#PorSiNoLoViste| La Casa del Rey informó que la invitación fue recibida “con agrado” #Mexico: La presidenta Claudia Sheinbaum invitó al rey Felipe VI de #España a asistir al #Mundial2026, según informaron fuentes oficiales #DiariodeMexico sge.st/TTQiH3D",0,neutro o no misogino,real,,,,,,,
En 2024 eran millones que cambiarían el rumbo del país y Xóchitl sería su Presidenta pero creo que muchos se fregaron la rodilla y no pudieron ir a votar,0,neutro o no misogino,real,,,,,,,
"Del mismo modo que ustedes se hacen pendejos cuando eso pasa con los mexicanos que gobiernan, e inclusive con los que les votaron.",0,neutro o no misogino,real,,,,,,,
Lagartija Macuarrons,0,neutro o no misogino,real,,,,,,,
Que hueva da señora,1,explicita,real,,,,,,,
@USER @USER Ez de ke las mujeres son buenas...,1,explicita,real,,,,,,,
Deuda maldita es la que adquirió en narco expresidente.,0,neutro o no misogino,real,,,,,,,
"Así es ingeniero, apoyamos el movimiento de la 4T desde otra trinchera, saludos Iván Gutiérrez.",0,neutro o no misogino,real,,,,,,,
No es Tetelpa sino Tapalpa,1,explicita,real,,,,,,,
Huy que malo tus ofensas me las paso por los huevos pendejo no sabe ni que son fuerzas federales pendejo,1,explicita,real,,,,,,,
No sabía que Cosse había sido presidenta.,1,explicita,real,,,,,,,
"Doble discurso d @USER : X un lado, la diputada dce representar a las mujeres; x el otro, colabora y sonríe con kien dtesta, odia y violenta verbalment a la Presidenta de México. Alazraki la insulta diario y Larios guarda un silencio cómplice youtu.be/3edoo7jLx5Y",0,neutro o no misogino,real,,,,,,,
"Espectaculares Pdta. @USER con la mentira de que #CoahuilaEsSeguro robos en casa habitación a la orden del día; tumban anuncios de #Morena y me informan sobre un secuestro de tres chicas jóvenes por ""una reclutadora"" de #Soriana Dip. @USER #CoahuilaSufre",0,neutro o no misogino,real,,,,,,,
El problema es que se quede dormido.,0,neutro o no misogino,real,,,,,,,
"Si no sabes diferenciar entre criticar a la dictadura cubana que ha matado a miles de personas y que los tiene en la miseria, menos podrás entender de qué van mis comentarios. Échale ganas, chingón.",0,neutro o no misogino,real,,,,,,,
@USER presidenta,0,neutro o no misogino,real,,,,,,,
Haznos favor de callarte. Pasar por tus croquetas @USER,1,explicita,real,,,,,,,
La presidenta @USER Sheinbaum Pardo dio a conocer el plan B y es una serie de reformas consticuonales; algo que no se veía venir. Los principales objetivos son: 1. Disminuir privilegios en Congresos locales. 2. Disminuir privilegios en municipios. 3. Impulsar consulta,0,neutro o no misogino,real,,,,,,,
"@USER @USER , está salvaje necesita cuartel militar!",0,neutro o no misogino,real,,,,,,,
"La transformación se construye cerca de la gente Visitamos La Caridad como parte de la Estrategia Nacional “Atención a las Causas”, que impulsa la presidenta @USER . De la mano de nuestro gobernador @USER , los servicios llegan directo a las familias, con",0,neutro o no misogino,real,,,,,,,
Agenda Política Por Miguel Acosta Vargas …,0,neutro o no misogino,real,,,,,,,
Es un cínico el diputado y más el señor del rancho ! Quien le puede creer algo al cero votos???,0,neutro o no misogino,real,,,,,,,
Coincido con usted de que ningún servidor público debería ganar más que la presidenta. Pero lo que también se debería de parar es la corrupción o amigos como los de usted que le prestaron las caravanas de la salud y eso nunca lo explicó. Pueden ganar menos pero hacer negocio?,0,neutro o no misogino,real,,,,,,,
"CUÁNTOS muertos más Imb3c¡| d3 mi3rda @USER #NarcoPresirvientaEspuriaClaudia Y tú mexicano, cuántos muertos esperas para reaccionar? Hasta que sea alguien de tu familia o ni así",1,explicita,real,,,,,,,
"Cómo siempre culpando de todo al pasado , hasta Cuándo los gobiernos de Morena tendrán visión de futuro ???",0,neutro o no misogino,real,,,,,,,
Pon tus barbas a remojar,0,neutro o no misogino,real,,,,,,,
Trabajando con honestidad y compromiso se combate la corrupción gran labor gobernador @USER,0,neutro o no misogino,real,,,,,,,
"Oiga Doña Clowndia, @USER Me encantaría leer su opinión, siempre y cuando no culpe a @USER o a @USER Digo, en la tabla, México sale en último lugar, como el País con la MAYOR Percepción de Corrupción.",1,explicita,real,,,,,,,
Nadie te ve ni te escucha ASQUEROSA.. Y el que lo hace es para madrearte y burlarse de ti y de tus endejadas... Inche TA PU.. MIERDA VENDE PATRIAS MAMADORA DE DONALD TRUMP Y DE LA ULTRA DERECHA... ...,1,explicita,real,,,,,,,
Y esta estúpida es la presidentA.,1,explicita,real,,,,,,,
Pinche #cerovotos jinete de garrapatas.,0,neutro o no misogino,real,,,,,,,
Se inundó 2 bocas insisto 2 bocas no vaya a decir la @USER que fue el Aeropuerto de Texcoco,0,neutro o no misogino,real,,,,,,,
"RENÉ ALBERTO LÓPEZ Este martes (ayer) el Senado de la República recibió el Plan B de la reforma electoral, propuesto por la presidenta Claudia Sheinbaum a fin de que en esa instancia se discuta y vote el documento...",0,neutro o no misogino,real,,,,,,,
Va el Plan B! #OposiciónMoralmenteDerrotada,0,neutro o no misogino,real,,,,,,,
Cuanta mentira.,0,neutro o no misogino,real,,,,,,,
"El cinismo de @USER es impresionante. Cree que pedir disculpas y decir que fue a la Casa de los Famosos para pagarle una escuela a su hija en el extranjero, lo redime. Cree que decir que la presidenta fue quien lo invitó lo justifica Espero @USER lo expulsen",0,neutro o no misogino,real,,,,,,,
Villarruel pasó más días como presidenta que Milei,0,neutro o no misogino,real,,,,,,,
"Jajajaj como toda tu familia mendiga bola de ratas, ahi tienes a tu familiar, con prueba y todo. Jajaj y todavía dices que yo piense jajajajaj maldita ratera",0,neutro o no misogino,real,,,,,,,
"ESTE ES EL PAÍS DE MIERDA @USER , QUE HACE RANKINGS DE CIUDADES PELIGROSAS DEL MUNDO MIREN LA MIERDA LES LLEGA AL PECHO",0,neutro o no misogino,real,,,,,,,
Pues que chingue a su madre la presirvientA @USER,1,explicita,real,,,,,,,
"Claudia Sheinbaum Pardo #NarcoPresirvientaClaudia Un pueblo inexistente está pidiendo la revocación de mandato, así como un pueblo inexistente donó para esa ilegal campaña adelantada. La doña del palacio cree que no tenemos memoria. #Morena-un-cartel-podrido",1,explicita,real,,,,,,,
"De igual forma, exigímos al @USER presidente del @USER que se retomen las mesas del Órgano de Consolidación del Sistema de Justicia Penal del EdoMéx. @USER @USER @USER @USER @USER @USER @USER @USER @USER",0,neutro o no misogino,real,,,,,,,
Sirven para que los funcionarios en turno se saquen la foto.,0,neutro o no misogino,real,,,,,,,
No se quien es Ud. pero que bueno que opine que “Las artes y la cultura son pilares fundamentales para el desarrollo de nuestro país”. Curioso que la escojan a ella como presidenta .,0,neutro o no misogino,real,,,,,,,
"At'n Espuria Deleznable Tramposa Desde Siempre @USER , Éste fué presidente, no las Chingaderas posteriores",1,explicita,real,,,,,,,
"En el 88 aniversario de la Expropiación Petrolera, la presidenta Claudia Sheinbaum reafirmó que su gobierno fortalecerá a Pemex y a la Comisión Federal de Electricidad como empresas públicas estratégicas para garantizar la soberanía energética del país. Durante la conmemoración",0,neutro o no misogino,real,,,,,,,
Ideologías arcaicas. Inútiles. Acedas. Soberanía importativa de gasolina. Impresionante,0,neutro o no misogino,real,,,,,,,
"Jajaja, Keiko presidenta, jajaja que ingenuidad....",1,explicita,real,,,,,,,
"Dignidad creo q es la palabra correcta x la q el sr. Pusilánime de CUAUHTEMOC NO DEBERIA ACEPTAR DICHO ENCARGO, usted Sr Aguayo aceptaría regresar a comentar al canal 11, después de como lo trataron. Pero cada quien se forja lo q se merece un TIBIO al q le robaron el partido",0,neutro o no misogino,real,,,,,,,
"@USER , usted no ha dicho nada sobre cuándo los criminales de Morena van a enfrentar la justicia. Nunca responde a esto. Todas sus publicaciones son para alabar al régimen oficialista que tiene hundido a este país.",0,neutro o no misogino,real,,,,,,,
Conmemorando la expropiación petrolera recordando que la soberanía no se negocia @USER,0,neutro o no misogino,real,,,,,,,
Pegados a esos putos libros del estado....PERO NO NOS DIJERON QUE FUERON 200 ESPAÑOLES QUE APOYARON EN LA GUERRA CIVIL ENTRE ETNIAS E INCAS;y EL 80% DE EJERCITO REAL DEL PERU FUE CONFORMADO POR PERUANOS QUE DEFENDIERON LA CORONA ANTE LOS INDEPENDENTISTAS,0,neutro o no misogino,real,,,,,,,
"Siempre hablan del pánico que siente otra gente por quiensaaque, hablen del suyo ¿porque no quieren que vaya la presidenta el la boleta? Con ella o sin ella en la boleta van a perder en las urnas, no tienen liderazgo, no tiene proyecto ¿ya?",0,neutro o no misogino,real,,,,,,,
"Yo no vi que hablaras de la tragedia de 2 Bocas y los lamentables 5 muertos , otra obra más de mugre a que falla y no dan resultados …!!! @USER",0,neutro o no misogino,real,,,,,,,
Inche pu... O.... Pedro ferriz.. Estas muriendo por un billete... Muerto de m4Rik0n.... Vende patrias y hediondo... Pura basura publicas...periodista de pacotilla,1,explicita,real,,,,,,,
"La presidenta de la Comunidad de Madrid, Isabel Díaz Ayuso, le dio una lección de diplomacia a Claudia Sheinbaum…y a todo Morena. (VIDEO) … / #Mexico #España @USER @USER @USER @USER @USER @USER @USER",0,neutro o no misogino,real,,,,,,,
Pregúntale a los socialistas de sus líderes pendejo,0,neutro o no misogino,real,,,,,,,
Pasando a divertirme leyendo los comentarios... ¡La que no sabe ni leer ya ni a burla llega! JAJAJAJAJA,0,neutro o no misogino,real,,,,,,,
"Oye pinche narco corrupta @USER por hipócrita la gente te está dando hasta por el culo !;pero eso te mereces !!! Entiende , la gente no te creemos nada.",1,explicita,real,,,,,,,
No pues si...,0,neutro o no misogino,real,,,,,,,
Hoy en #TuNoticiero Reivindica @USER soberanía energética de #México en 88 aniversario de #ExpropiaciónPetrolera Registra turismo cifra histórica: 4.29 millones de turistas visitaron México en enero de 2026 mxplus.tv/television/can …,0,neutro o no misogino,real,,,,,,,
"VIDEO: PLANTÓN SIN BRISA. 442° día (hábil) consecutivo de protesta, 18 de marzo del 2026, enfrente de la #Secihti (#Conahcyt ), por la finalización del proyecto 32353-D, contratado con #CIDE y #SECIHTI (CONACYT). @USER @USER @USER #flypシ",0,neutro o no misogino,real,,,,,,,
Y las porras que hoy le gritaron a la presidentA ??!,1,explicita,real,,,,,,,
Y quiere ser la Presidenta de la H. Suprema Corte de Justicia de la Nación! Pobre México!,0,neutro o no misogino,real,,,,,,,
"@USER , ojo con la verdad Espuria Desde Siempre Tramposa, Deleznable Mentirosa Patológica, Resentida de",1,explicita,real,,,,,,,
"@USER , te hablan no te hagas , pndja..",1,explicita,real,,,,,,,
Hoy en #TuNoticiero Reivindica @USER soberanía energética de #México en 88 aniversario de #ExpropiaciónPetrolera Registra turismo cifra histórica: 4.29 millones de turistas visitaron México en enero de 2026 …,0,neutro o no misogino,real,,,,,,,
#LoVisteEnLJA | Histórica contratación de más de 14 mil especialistas busca fortalecer el sistema de salud en México La nota completa aquí,0,neutro o no misogino,real,,,,,,,
"Avanzan los Torneos Estatales en Puebla del #MundialitoEscolar 2026, iniciativa de la presidenta @USER y el titular de la @USER , @USER . Esta semana se juegan los partidos de nivel primaria. ¡Muéstrales tu apoyo! #LaEscuelaEsTuCancha",0,neutro o no misogino,real,,,,,,,
Lee la nota completa aquí ↓ …,0,neutro o no misogino,real,,,,,,,
"En la ceremonia por el 88 Aniversario de la Expropiación Petrolera, la Presidenta @USER reconoció a las y los trabajadores de @USER , quienes con su labor diaria defienden la soberanía energética de México: legado vivo del General Lázaro Cárdenas del Río.",0,neutro o no misogino,real,,,,,,,
"La presidenta de México, Claudia Sheinbaum Pardo, se pronunció sobre la medida de inversión que anuncio el gobierno cubano y la calificó como un cambio relevante en la política de la isla.",0,neutro o no misogino,real,,,,,,,
Insaciables,0,neutro o no misogino,real,,,,,,,
"Jajajaja son una verdadera broma, cínicos sinvergüenzas rateros",0,neutro o no misogino,real,,,,,,,
"Oye corrupto narco @USER tu duermes muy tranquilo, y no te quita el sueño el hecho de que en México la gente esté muriendo por la falta de medicamentos por culpa de ustedes !!! Pinche mierda hipócrita!!!",0,neutro o no misogino,real,,,,,,,
"Que podría salir mal, se les cae la línea 12 del metro, se descarrila el tren interoceanico, se les cae quema la refinería día bocas…",0,neutro o no misogino,real,,,,,,,
sinvergüenza corrupta que chingados presumen las pinches explosiones y la contaminación de 2 bocas #FueraNarcoMorena,0,neutro o no misogino,real,,,,,,,
Jajaja jajaja jajaja jajaja Lo que haces por tragar,0,neutro o no misogino,real,,,,,,,
Que VERGÜENZA para la PRESIRVIENTA marco Sheinbound,1,explicita,real,,,,,,,
Y lo celebran con fuego en dos bocas,0,neutro o no misogino,real,,,,,,,
Presidenta @USER Ya no queremos está leyendo estas noticias. ¿Qué hace la fiscalía? ¿Qué hace el ejecutivo? ¡Ya basta! Ninguna madre debería estar haciendo esto. Para que sirven las instituciones si no es para encontrar a los jóvenes desaparecidos.,0,neutro o no misogino,real,,,,,,,
"No duele es que la senadora @USER se ve toda pendeja , parece zombi",1,explicita,real,,,,,,,
@USER @USER @USER PORQUÉ NO EXPULSAN AL STRIPER DE MORENA ? QUE FAVORES LE DEBEN ?? ES UN PERRO LASTRE PARA LA 4T !!!,1,explicita,real,,,,,,,
Viva la bendita 4T Viva el legado del Presidente Lázaro Cardenas Del RioViva #LaSoberania hoy ayer y para siempreViva #LaHonestidad Viva el Pueblo Conciente EmpoderadoViva Nuestra #PresidentA Dra.CSPVIVA MEXICO Rescatado Transformado LINDO Y QUERIDOLOSAMLO,0,neutro o no misogino,real,,,,,,,
91 años tiene la criatura … no mames,0,neutro o no misogino,real,,,,,,,
"Imagínense a una persona sin estudios técnicos manejando el país. Imagínese moviendo dineros públicos a una persona que ni bachiller tiene. Manejando los temas geopolíticos y económicos. Si esa señora llega a ser presidenta, solo van a ocurrir tragedias.",0,neutro o no misogino,real,,,,,,,
"Esta lacra comunista y su mentor junto a sus hijos millonarios, ¿cuánto han donado al gobierno de Cuba, para que siga esclavizando a un pueblo, que clama libertad? Si tanto les duele Cuba, vayan a joder allá.",0,neutro o no misogino,real,,,,,,,
Ya deja los sexenios anteriores ponte a trabajar que el país está de la c*******,0,neutro o no misogino,real,,,,,,,
"Puros p... corajes con estos “lideres-dirigentes” de verdad NO nos escuchan, nos quejamos y parece que les decimos metan otros peores",0,neutro o no misogino,real,,,,,,,
"Dónde queda entonces, el ""estado libre y soberano y la autonomía municipal""? La presidenta da la orden con la narrativa de ""privilegios"", en cascada gobernadores acatan y se subordinan. Si se buscan privilegios en presidencia, se van a encontrar muchos.",0,neutro o no misogino,real,,,,,,,
"Señora presidenta @USER y Sria @USER : el conflicto crece en Medio Oriente y los riesgos crecen... ¿No sería más prudente pensar que la Colección Gelman permanezca en México? Gana la colección, ganan los mexicanos. cultura..mx/soft-power-en- …",0,neutro o no misogino,real,,,,,,,
"Para que vean por quién votaron,muera el comunismo Esclavisante, viva la libertad y la democracia!!!",0,neutro o no misogino,real,,,,,,,
Ratas zurdos de mierdaaaa!.. narco @USER,0,neutro o no misogino,real,,,,,,,
"Exactamente eso hará , en elecciones siento a la Presidenta muy dependiente , de ex priistas con pésima reputación.",0,neutro o no misogino,real,,,,,,,
#ChinguenASuPutaMadre las dos viejas pendejas,1,explicita,real,,,,,,,
Festejando con un incendio...jajjajaja,0,neutro o no misogino,real,,,,,,,
Pero no está gobernando porque eres tan estúpida se supone que la que estás gobernando eres tú y es un mal gobierno narco gobierno okay,1,explicita,real,,,,,,,
No habrá mujer presidenta Se lo aseguro Las garantías electorales solo las da el pueblo y se demostrará en las elecciones en primera vuelta con cepeda como presidente Muchos electores les darán las espaldas en las urnas Por la testarudes de sus medios de no respetar al presidente,1,explicita,real,,,,,,,
RIDICULA,1,explicita,real,,,,,,,
"Al miserable y corrupto #NarcoGobiernoDeMorena de @USER le encanta que todos los ciudadanos hagan filas, para recibir sus apoyos, para gasolina, para eventos, para recibir atención médica, y en un futuro hasta para comer #MorenaGobiernoComunista",1,explicita,real,,,,,,,
Que triste y patética la manera en la que te ganas la vida,0,neutro o no misogino,real,,,,,,,
Estás super enferrrrrmo,0,neutro o no misogino,real,,,,,,,
"Ok, Bla, bla, bla, Cuéntennos, como vió a las familias de lesionados y fallecidos de mal operación e incendio recién ocurridos en ""nueva "" refinería Dos Bocas... ?? O solo habla y vocifera cuando le conviene... @USER @USER @USER @USER @USER @USER",0,neutro o no misogino,real,,,,,,,
"Gran apoyo, felicitaciones @USER",0,neutro o no misogino,real,,,,,,,
"La coordinación entre nuestros gobiernos da resultados concretos. Bajo el liderazgo de @USER @USER y la presidenta @USER , sacamos a los criminales de las calles y aseguramos que enfrenten la justicia, lo que protege a nuestra gente en ambos lados de la",0,neutro o no misogino,real,,,,,,,
"Que se vaya pésima presidenta, no sabe gobernar",1,explicita,real,,,,,,,
"La Presidenta en la boleta… otra vez Quizá, como suele ser en estos casos, el Plan B de la Reforma Electoral elaborado por la Presidencia de la República y enviado al Poder Legislativo siempre fue el Plan A eldragonario. …",0,neutro o no misogino,real,,,,,,,
"Yo SI puedo dormir tranquilo, pues NO ayudo a criminales. ¡Tú SI porque eres igual!",0,neutro o no misogino,real,,,,,,,
MUCHAS GRACIAS @USER Y @USER POR DETENER A UN RUFIÁN QUE EL GOBIERNO DE ECUADOR LO DEJÓ ESCAPAR,0,neutro o no misogino,real,,,,,,,
Durante el periodo de DICTADURA COMUNISTA Y LLENO DE RATEROS( MORENA)DESMANTELAN EL PAÍS DESAPARECEN TODO EL DINERO LAS INSTITUCIONES LOS HOSPITALES LAS INSTITUCIONES DE SALUD TERMINARON CON LA EDUCACIÓN Y TENEMOS UNA DEUDA IMPAGABLE PARA GENERACIONES ARPÍAS,0,neutro o no misogino,real,,,,,,,
NECESITO AYUDA PARA UN MEME JAJAJA cómo se llama el viejo barbón que insultó a la presidenta la semana pasada?? O hace dos semanas. Uno pelón y barbón. Ya está viejo el wey. Porfa,0,neutro o no misogino,real,,,,,,,
En RD una carajo a la Vela llamada @USER se dedica a destruir nuestra cultura asistiendo a enemigos históricos. @USER @USER @USER @USER @USER @USER @USER @USER @USER @USER,0,neutro o no misogino,real,,,,,,,
"¿Será la próxima presi? Con A. ¿Por cual de estas tres Ladies, te gustaría votar? Que se ayuden, ninguna mujer deberia estar ahi",1,explicita,real,,,,,,,
@USER @USER @USER @USER las ineptitudes de la mentada 4T…,0,neutro o no misogino,real,,,,,,,
"Quieren sentirse triste pero su gobierno su dictadura ahí si callan , no tiene. Madres",0,neutro o no misogino,real,,,,,,,
La presidenta tiene razón Pepe Cárdenas defendió que sí es machista que digan que está sometida a la voluntad del expresidente López Obrador.,1,explicita,real,,,,,,,
Solo falta que hagan tambien el de la N4rc**presidenta.,1,explicita,real,,,,,,,
Los de morena como pueden dormir con el pesimo sistema de salud que de igual manera deja morir gente aun teniendo luz. Deverias mirar como estamos antes de hacer estas declaraciones mequetrefe.,0,neutro o no misogino,real,,,,,,,
Hoy en #TuNoticiero Reivindica @USER soberanía energética de #México en 88 aniversario de #ExpropiaciónPetrolera Ataca #Irán principal refinería de #Qatar mientras precio del petróleo supera los 110 dólares por barril A las 21h con @USER y @USER,0,neutro o no misogino,real,,,,,,,
Más de 1 año la zorra de la presidenta dando largas con las cifras de los desaparecidos y todo el santo día exigiendo disculpas de España.... La muy p....,1,explicita,real,,,,,,,
Cuando salga (si es que sale) @USER de la cárcel también va a regresar al PRI?,0,neutro o no misogino,real,,,,,,,
Y QUE HACE @USER .¡Mira el video de adn Noticias! #TikTok,0,neutro o no misogino,real,,,,,,,
La imagen más imponente que verás el día de hoy @USER,0,neutro o no misogino,real,,,,,,,
"… pinche gente HIPÓCRITA! El país está de la chingada, y ustedes llorando por Cuba, no es que no tengamos empatía, pero todo lo que despilfarran, lo necesita MÉXICO.",0,neutro o no misogino,real,,,,,,,
"Neta , neta #nomamar están bien adrotinados",0,neutro o no misogino,real,,,,,,,
Monreal qué? Es responsabilidad del @USER su presidente @USER y el cobijo que le proporciona @USER,0,neutro o no misogino,real,,,,,,,
Pues aún no ha hecho ni una,0,neutro o no misogino,real,,,,,,,
"Los que no deberian dormir son Canel y Raul Castro, lks directamente responsables, el otrl Catro ya se surmio GAD, te haceguro que ellos si tienen energia eléctrica.",0,neutro o no misogino,real,,,,,,,
Excelente,0,neutro o no misogino,real,,,,,,,
Para las diapositivas de la mañanera @USER @USER sin cromarla @USER @USER @USER,0,neutro o no misogino,real,,,,,,,
No pongas fotos ni videos trucados.KEIKO PRESIDENTA NO HAY MAS.,1,explicita,real,,,,,,,
Ya wey cagas perra neta ya callate droga judia,1,explicita,real,,,,,,,
"Se decía desde el sexenio pasado, que si el presidente era honesto, todos serían honestos, entonces: PresidentA Secretarios Gobernadores Presidentes Municipales ¿Alguna secretaría o organismo se salva?",0,neutro o no misogino,real,,,,,,,
"Siempre PEMEX fue, es y será la caja chica del gobierno y mas ahora con @USER y el huachicol que no quieren sacar toda la porquería que dejo AMLO, esta si es una de sus tanta herencias malditas, no gestionan una empresa que deje ganancias a Mexico no a los político viles.",0,neutro o no misogino,real,,,,,,,
Excelentes acciones Sr Gobernador Alejandro Armenta #PorAmorAPuebla #PensarEnGrande,0,neutro o no misogino,real,,,,,,,
"También apoyas a está mantenida inútil ? Gastando dinero del erario público en campañas anticipadas, que son contra la ley, Andrea Chavez tan solo es la querida del corrupto huachicolero Adán Augusto",1,explicita,real,,,,,,,
"Mejor vete a hacer lo único que sabes hacer, HDTRPM!! Mamar verga!!!!",1,explicita,real,,,,,,,
"NOTE EQUIVOQUES LA RATERA DEL ORO @USER ES PRESIRVIENTA PRO-VI-SIO-NAL HASTA QUE SE REALICEN LOS COMICIOS Y EL FISCAL NUEVO,EL MINISTRO DE DEFENSA LADRÓN,VERDUGO GONZÁLEZ LÓPEZ TAMBIEN VA PA' FUERA Y 1X1 RENDIRÁN CUENTAS DEL ROBO LA TORTURA Y MUERTE DE LOS VZLANOS",1,explicita,real,,,,,,,
En verdaderes idiota,1,explicita,real,,,,,,,
"Se pone a hablar de lo que pasó hace 500 años para ocultar su inutilidad para resolver los problemas actuales. Que se ocupe de la inseguridad actual de su narcoestado de mierda, donde muchas mujeres son asesinadas y violentadas.",0,neutro o no misogino,real,,,,,,,
"Pues no que en Sep 2025. Se maman esos pendejos, y quien los iba a desareollar? Si de SUS universidades sale puro pendejo y ESO SI Salen.",0,neutro o no misogino,real,,,,,,,
Grandes acciones Sr Gobernador Alejandro Armenta #PorAmorAPuebla #PensarEnGrande,0,neutro o no misogino,real,,,,,,,
Amenaza la CNTE con interrumpir la justa mundialista ¿qué dice la presidenta?,0,neutro o no misogino,real,,,,,,,
"Lo que ocurre es culpa de su gobierno, de nadie más. En el momento no hay dos tipos de personas las que quieren ser comunistas y las que disfrutan la libertad.",0,neutro o no misogino,real,,,,,,,
Así como estos interesante,0,neutro o no misogino,real,,,,,,,
"100 mdp por km, $95,500 el ml, para una obra ornamental, no prioritaria y con nulo beneficio social, es algo totalmente desproporcionado. Un despropósito si no se ha atendido antes el saneamiento del río",0,neutro o no misogino,real,,,,,,,
"Que chingue a su madre la ""Pre-Sirvienta""...!! Pinche momia estirada. Mascota del narco-vejete jodido de Macuspana...!!",1,explicita,real,,,,,,,
Quien dijo que ella era presidenta cuando!!! Si es una titere ilegitima,1,explicita,real,,,,,,,
"Insiste la #CNTE : si no hay solución, no rodará el balón. ¿Qué dice la Presidenta @USER al respecto? #Mundial2026",0,neutro o no misogino,real,,,,,,,
"La presirvientA se junta con puro narcopolítico, algo les debe la corrupta.",1,explicita,real,,,,,,,
"Ahora resulta que Adán Augusto López es millonario gracias a una herencia igual que López Obrador, igual que Rocío Nahle, igual que Ricardo Monreal, igual que Noroña, igual que Claudia Sheinbaum. Y Según ellos decían que venían del pueblo y que no tenían nada.",0,neutro o no misogino,real,,,,,,,
Ernestina Carro Roldán la Fiscal General más Incompetente y Corrupta que ha tenido Tlaxcala por eso le tiran las Sentencias a Doña Corrupta,0,neutro o no misogino,real,,,,,,,
Perdón pero esa señora no sabe ni escribir su nombre solo es una más del costal de la corrupción en Tlaxcala pero que no Seles olvide que son nuestros Empleados incluso La estupida inepta corrupta de Lorena cuellar,1,explicita,real,,,,,,,
La gente está harta de que @USER solo haga giras para su propaganda y no se resuelva nada en este país. La gente de Michoacán le dice incompetente.,0,neutro o no misogino,real,,,,,,,
"#CartaAbierta: A @USER y a un gobierno sin Estado de derecho llamado @USER , ambos bajo el mando y orden de @USER.",1,explicita,real,,,,,,,
"Ay, no: me da miedo que ahora te obliguen a pedirle perdón 30 veces seguidas a la #Presirvienta, ¡oh, insigne perpetradora de la más brutal y despiadada violencia política de género!",1,explicita,real,,,,,,,
Unos irresponsables oportunistas de mierda. ¿ cuando se harán responsables del pais wie dicen gobernar y de.todos sus muertos y criminales serviles a su movimiento?,0,neutro o no misogino,real,,,,,,,
Si cada vez caen más bajo. La presi es una bufona.,1,explicita,real,,,,,,,
"Si @USER trata mal a su esposo y lo reprende en público, ¿qué pueden esperar los integrantes de su equipo de colaboradores. Aseguran sus cercanos que los trata tan mal que llega hasta la humillación con sus gritos y regaños. Tiene una personalidad neurótica e irascible.",1,explicita,real,,,,,,,
"El maquillaje hace milagros; eso lo sabemos las mujeres. Por ejemplo: Claudia Sheinbaum es fea, pero tiene buen maquillista y un cirujano plástico que hace buena chamba con el bótox.",1,explicita,real,,,,,,,
"Claudia (@USER) es una criminal. Lo fue como jefa de gobierno y lo es ahora, tras desacatar a una juez. Su impunidad siempre ha sido respaldada por Ernestina Godoy. Conoce más en el libro ""La Gran Farsante"". A la venta en Amazon y Mercado Libre.",0,neutro o no misogino,real,,,,,,,
"No hay nada más feminista que @USER vestida de morado rodeada de puro macho militar. Quién la asesora, que en su afán de hacerla ver poderosa lo único que lograron es que se vea aún más chiquita de lo que es..",1,explicita,real,,,,,,,
"No es que Sheinbaum haya caído bajo la malévola tutela de #ElCacas. No, Claudia no se hizo mala. LA MALDAD ES SU NATURALEZA. Como madre, esposa, alcaldesa, Jefa de Gobierno y Presidente resultó ser un DESASTRE. Su carácter inestable, su soberbia y talante autoritario es Hitleriano.",1,explicita,real,,,,,,,
"La mona aunque se vista de seda…@USER gasta 92 mil pesos mensuales por maquillaje, más las extensiones y la ropa que estrena todos los días.",1,explicita,real,,,,,,,
"Sabemos que todo morena son narcos y el gobierno es un narcogobierno, ALV con su soberanía, ni el mierdas Obrador, ni Claudia Shein son la soberanía",1,explicita,real,,,,,,,
"Gobierna una mujer #Opinión de Bernardo Bátiz V. Importa también recordar que en varias secretarías de Estado y en otros altos cargos del servicio público, encontramos mujeres al frente de responsabilidades y tareas de mucha importancia.",0,neutro o no misogino,real,,,,,,,
Nada puede salir bien de alguien a la que llaman LA JEFA. Ni de izquierda ni de derecha.,0,neutro o no misogino,real,,,,,,,
"La diputada del PT, Lilia Aguilar, responde a cuestionamientos; denuncia ser víctima de acoso y violencia digital. Esto tras las críticas de su partido a la reforma electoral y tras revelarse que en su declaración patrimonial aparece una propiedad valuada en 16.7 millones de pesos. Señaló que los ataques no solo provienen de la oposición, sino también de perfiles vinculados a Morena.",0,neutro o no misogino,real,,,,,,,
Violencia es tener a todos estos tipejos y tipejas narcopoliticos que llegando al poder se olvidan de todas las promesas y se despachan con la cuchara grande y finos para crucificar y hacerse pendejos cuando les conviene,0,neutro o no misogino,real,,,,,,,
"O sea que si eres mujer de morena, puedes ser corrupta?",1,explicita,real,,,,,,,
"Primero traiciona la 4T , ahora pretende coartar la libre expresión de las personas mira mira entre más, más cobre le sale , decirle sus verdades ahora le resulta acoso y lo que le sigue es la desaparición del PT junto con el PVEM",0,neutro o no misogino,real,,,,,,,
"Mujeres corrientísimas, sin preparación y mucho menos las tablas para representar a nadie. De eso está lleno @USER",1,benevolente,real,,,,,,,
"Admiro su ecuanimidad y el respeto con que trata a esa mujer, Señor Turcott. Yo, sinceramente, no le tengo ni el más mínimo respeto a esa fulana bravera.",1,benevolente,real,,,,,,,
Ya ve @USER cómo está usted cada vez más cerca a la ultraderecha facista??? Luego no lloren cuando pidan el voto,0,neutro o no misogino,real,,,,,,,
"Pues a ver si es cierto, con que a la mera hora no se rajen y reciban los millones ir Morena les quiere soltar y así terminen vendiendo a México, porque cabe constar que desde que empezó esta legislatura solo han sido unos levantadedos",0,neutro o no misogino,real,,,,,,,
"No, @USER no coincide con la gente buena de México, solo quiere más dinero por parte de @USER cambiar su postura, y si no la cambia, será gracias a @USER y la presión que está ejerciendo para que México no termine la transformación al comunismo",0,neutro o no misogino,real,,,,,,,
Senadora ? Trepadora !!!,1,explicita,real,,,,,,,
La senadora @USER los mete al @USER como a su casa. Adán Augusto López huyó en un taxi Rosa.,1,explicita,real,,,,,,,
"a la señora Tellez se sabe lo miserable que es, pero que lo secunde una segun periodista, que bajeza",0,neutro o no misogino,real,,,,,,,
"Jajajajaja. Conociendo a Quintero, segurito aún no termina de hablar...La cenagorda de tragar... Y tú, de correr como María Candelaria.",1,explicita,real,,,,,,,
"Doctora seguimos esperando la rendición de cuentas de lo sucedido el la Línea 12 y el Rebsamen y eso como para cuando ? Y por favor deje de hablar de tonterías como la reforma eléctrica, el litio y la reforma electoral que por cierto no pasará !",0,neutro o no misogino,real,,,,,,,
"Correcto princesa Lela, más centros universitarios cúspide, más ministras piratas como @USER y con la preparación de una tortilla con sal, si la mismísima hija de su putisma madre @USER#NarcoCandidataClaudia16 #NarcoCandidataClaudia17",1,explicita,real,,,,,,,
"Así tienen @USER y tú a México, salpicado de sangre. Miserables narcos. #AMLOelNarco #ClaudiaNarcoCalca",1,explicita,real,,,,,,,
"#NarcoCandidataClaudia15 promete más universidades??! Hay 100 nuevas que están vacías. El crimen organizado que la 4t fomenta no tiene intenciones de estudiar. Extorsionando están felices, felices.",1,explicita,real,,,,,,,
Corrupta. Que pague una estética de lujo. Eso sí que se quite el Juana.,1,explicita,real,,,,,,,
"| ""Nos corresponde seguir apoyando a Cuba"": La presirvienta Claudia Sheinbaum afirmó que México siempre ha ayudado a sostener al régimen cubano enviando recursos gratis y criticó a quienes no quieran donar a la cuenta fraudulenta de AMLO.",1,explicita,real,,,,,,,
"| NO LA INVITARON: La presirvienta Claudia Sheinbaum confirmó que México no fue invitado a la cumbre Escudo de las Américas porque, según ella ""ya existía un acuerdo previo con Estados Unidos"" en seguridad: ""No fuimos invitados pero no necesitabamos ser invitados"".",1,explicita,real,,,,,,,
"Es tanta la IMPUNIDAD, OPACIDAD, NEPOTISMO, TRÁFICO de INFLUENCIAS e incluso MIEDO que le tienen al narco corrupto de @USER que en su consejo alaban su nombre las pin... del estiercolero @USER Y la #presirvienta @USER bien gracias...",1,explicita,real,,,,,,,
La Presirvienta del Bienestar,1,explicita,real,,,,,,,
"Hasta el momento @USER, pero la presirvienta creo que lo va a empatar en menos tiempo.",1,explicita,real,,,,,,,
"Aquí está su sistema de salud en México @USER @USER!! Son una vergüenza !! A la #Presirvienta le importa más apoderarse de las elecciones en México que atender la salud de los mexicanos, antes cuando menos los hospitales parecían hoteles puras camas sin insumos! Ahora ni un miserable cama !!! El colmo !!! Miserables !! Pero los políticos millonarios ! Y sin que nadie les toque un pelo !",1,explicita,real,,,,,,,
"Es una vergüenza la presirvienta seleccionada por el PEJELAGARTO. A nivel mundial, solo es el hazme reir, digna de gobernar a gente pejedenja. Gente de segunda escoge gente de tercera y de cuarta. Vean si no...hay un retardo claro.",1,explicita,real,,,,,,,
Lo bueno es que a @USER le vale madre lo que diga la psicópata presirvientA.,1,explicita,real,,,,,,,
"Querida presirvientA. Creo que no debería promocionar al compañero Kim. Tiene más del 90% de aceptación y sus chichis de limón, no convencieron a mas del 50% de votantes, 30% de la población. Es como si McDonalds felicitase a Burger king.",1,explicita,real,,,,,,,
"Por el momento es una DERROTA que no se haya aprobado la ""#ReformaElectoral"" del esquizofrénico de @USER y enfatizó que NO ES de la #Presirvienta @USER pero existe un plan B, no van a soltar el poder tan fácilmente…",1,explicita,real,,,,,,,
"Y donde estaban cuando descuartizaban a chamacos y se los comían? Rara la forma de establecer prioridades de la presirvienta y su equipo, perdón, el equipo del kakash",1,explicita,real,,,,,,,
No me había fijado que la presirvienta ya camina con el mismo estilo simiesco del pg kgadas.,1,explicita,real,,,,,,,
"| ULTIMA HORA: Donald Trump ya dictó la sentencia en contra de la comunista Presirvienta del narco, Claudia Sheinbaum : “Ella no debió rechazar mi ayuda para exterminar a los cárteles. Por alguna razón, ella no quiere que suceda eso”.¿Estás de acuerdo con DONALD TRUMP?",1,explicita,real,,,,,,,
"mentiras no dice @USER @USER, la pregunta es: hasta cuándo seguirán soportando a la narco-presirvientA?",1,explicita,real,,,,,,,
Totalmente de acuerdo con @USER fuera los zurdos de en especial la #NarcoPresirvientaEspuriaClaudia y su amo el #narcoexpresidenteamlogenocida,1,explicita,real,,,,,,,
Y sigue la lista de muertos de la psicópata presirvientA.,1,explicita,real,,,,,,,
"ÚLTIMA HORA Anuncia la presirvientA en su show de la mañana que va a aplicarle censura a toda imagen de ella que no le guste porque tiene baja autoestima, seguiremos informando.",1,explicita,real,,,,,,,
"La preSirvienta esconde los muertos bajo la alfombra ?, o en fosas clandestinas?",1,explicita,real,,,,,,,
"El presidente de EE. UU. compartiendo un post donde llaman narco-gobierno a la 4T y un senador llamando ""patética matona socialista"" a la presirvientA. Parece que los gringos ya perdieron la paciencia con estos corruptos.",1,explicita,real,,,,,,,
jajaja asi es la presiRVENTA sirviendo a sus amos narcos. hay que sacar a patadas a esos socialistas,1,explicita,real,,,,,,,
Y Claudia #narcoPresidenta @USER rascándose los al tigre.,1,explicita,real,,,,,,,
"Este ya no es el clásico de digo Juan para que me escuches Pedro, este es un señalamiento directo de Trump a la narco Presidenta y su movimiento…..mierdena se va a ir a la chingada muy pronto…..",1,explicita,real,,,,,,,
Se le viene la noshe a los moren@USER y la shitbaum,1,explicita,real,,,,,,,
"¡Narcopresidenta, narcopresidenta, narcopresidenta, narcopresidenta!",1,explicita,real,,,,,,,
"#ULTIMAHORA TIEMBLA @USER y la 4T Anuncia el Porro @USER que la Expresidiaria @USER encabezó la Estafa Maestra en donde se desvió más de 7,000 MDP va a ser la coordinadora de los 'Defensores de México"" del PRI. Puro cartucho quemado. NO SE BURLEN...",1,explicita,real,,,,,,,
"Se lo repito como aquella vez: Es de ética chueca, de valores chuecos, de finanzas chuecas y de carrera chueca.",1,explicita,real,,,,,,,
"Voy a dejar de seguirte diputada traidora, tan bien que me caías.",0,neutro o no misogino,real,,,,,,,
de que ablas ahí está tu reflejo miserable traidora así como te tu ves a rosario así te vemos ahora vividora del pueblo de México,1,explicita,real,,,,,,,
SIGUES DE LLENADA DESPUES TE Andas Quejando POR Que TE DICEN POPEYE CHUCA ETC. @USER,1,explicita,real,,,,,,,
Pero no te afecta traicionar al pueblo de Mexico porque tus privilegios no se tocan verdad? TRAIDORA Y CORRUPTA,1,explicita,real,,,,,,,
"Habla la diputada traidora y corrupta del PT que traicionó al pueblo de México, para proteger los privilegios económicos de ella y su partido , su familia es la dueña del PT en Chihuahua",1,explicita,real,,,,,,,
"Como nos equivocamos tanto que esta mujer llegó a ser parte de nuestro movimiento? Su capacidad de mentir, de tergiversar, de acomodarse para obtener un mínimo de atención supera cualquier lógica .. en nuestro movimiento no odiamos como tú @USER, incluimos. Y continúas desviando la atención para defender a quien realmente representas. Cuánto te paga @USER para hacer estos shows ? Tu hambre de atención supera tu humanidad !",1,benevolente,real,,,,,,,
"Te digo #SalinasPliego no estas a mi nivel, yo si fui a la escuela, tengo dos maestrías una de ellas en harvard .. a diferencia tuya; yo no tengo patrón, como tú vergonzosas empleadas como @USER. A mi lo chueca de la cara se me quita con terapia.. a usted lo chueco en la vida, el evadir impuestos , el querer mantener sus privilegios a costa de la raza.. con que?? Pero ya se acabará sus ministros comparsas y sus defensores de oficio",1,explicita,real,,,,,,,
"#SeEstanPiliando La senadora @USER llama a @USER diputada de la “mentalidad chueca, ideología chueca, ortografía chueca…” En esta ocasión la diputada del PT le llevó una camisa de fuerza y una corona al mencionar que es el día 21 en que le pregunta a la senadora que: Cuánto le paga @USER por defenderlo",1,explicita,real,,,,,,,
Lilia debería estar en prisión por legislar a favor del narco.,1,explicita,real,,,,,,,
"¡Ay, Luisa! Das risa, eres tan mentirosa como la chairiza @USER",1,explicita,real,,,,,,,
"La diputada @USER estalla y dice que la llaman ""La chueca del Bienestar"", tras la revelación de su casa de 16 millones de pesos que hicimos en @USER Acusa a sus compañeros de Morena de una ""campaña"" en su contra.",1,explicita,real,,,,,,,
La #DiputadaChueca siempre haciendo en otro lado lo que aquí no hace,1,explicita,real,,,,,,,
Seguro @USER y la razita quiere saber como se ve una cara chueca desde las alturasLa #DiputadaChueca @USER nos saca de la duda,1,explicita,real,,,,,,,
"Entonces no llores cuando te digamos #DiputadaChueca, lo eres. Tu defecto no es solo físico, sino intelectual, moral y ético. Al usar tu fuero pedorro y poder pedorro efímero para lanzar insultos. Pero si se te regresa cuando @USER te puso ese apodo dices es violencia.",1,explicita,real,,,,,,,
De la #DiputadaChueca @USER novas a estar hablando Oyistes?,1,explicita,real,,,,,,,
"#DiputadaChueca manifestarse no es una garantía del #NarcoPartidoMorena, es una garantía de la Constitución. La cual esta desde antes de que ustedes llegaran. Así que no digas estupideces",1,explicita,real,,,,,,,
"Paso, solo de ver la jeta horrible de la #DiputadaChueca @USER me da asquito",1,explicita,real,,,,,,,
"Como era de esperarse, la empleada de Salinas Pliego, @USER ,lanzó desvaríos contra @USER y Andy López, inventando amenazas a legisladores para ser “dóciles” con @USER ,y hasta dijo que su teléfono está intervenido. La paranoia al servicio del evasor.",1,explicita,real,,,,,,,
"La empleada de Salinas PLIEGO @USER, no sólo es mala funcionaria, sino mal ser humano. Burlarse de la Senadora por su parálisis facial es algo de lo más bajo y vil. Y todo por defender a un USURERO.",1,explicita,real,,,,,,,
"Confirmado, @USER no es empleada del pueblo, es empleada eterna de TV Azteca y Salinas Pliego. Tenemos a una infiltrada en el Senado.",1,explicita,real,,,,,,,
Estrías de mamá luchona marca de cesárea tatuaje naco el gansito se ve percudido Qué clase de Sandra Cuevas es esta ?,1,explicita,real,,,,,,,
"Que mal habrán hecho tus padres, una mujersuela del cartel Teputo, vividora el horario y buchona. Suerte Bitch",1,explicita,real,,,,,,,
"Pone el culo al servicio de la Nación, más heroína que el pigmeo Juárez",1,explicita,real,,,,,,,
Podrá ser quien ustedes quieran pero esta bien pinche buena esa vieja la vrdd,1,explicita,real,,,,,,,
Sacrifica el cuerpo en beneficio de la sociedad,1,explicita,real,,,,,,,
“Una heroina que se rompe el culo por la justicia” Grande @USER,1,explicita,real,,,,,,,
"""Memorias de una narcoescort"".",1,explicita,real,,,,,,,
Pobre churpia buchona de que teme? La proteje y se la rolan toda la unión Tepito,1,explicita,real,,,,,,,
Además se ve ridicula con esa pata de maquillaje en exceso… más de lo Mismo: yo no sabía!!,1,explicita,real,,,,,,,
Ya dejen a la cricosa Alesandra. Esta psicótica y en abstención por eso dice estupideces.,1,explicita,real,,,,,,,
"La nueva payasa del PRI ella ya se siente presidenta como lela tellez,jajajajajajaja ellas juran que el pueblos las ama.",1,explicita,real,,,,,,,
"Fue muy claro que se equivocaron escogiendo a la botarga como su candidata, siendo que quien tenía más oportunidades claramente era Beatriz.",1,explicita,real,,,,,,,
"Creo que por cuestión de género,es la mejor,para tener alternativa de mujer,si no tiene cola que le pisen (como a @USER) aunque mis gallos de oposición para el 24 son @USER, @USER",1,explicita,real,,,,,,,
"Corruptaza cómo pocas!! Por piedad, ya no más burlas!!! Esta mujer es fundadora del Grupo de Puebla, con tontiana, Barbosa, delgado y yakul!!!! Pregunta por su historia en Tlaxcala. Debemos poner una regla para que ningún dinosaurio sea candidato!!!",1,explicita,real,,,,,,,
Salvo que sea una exitosa empresaria no le veo el modo de que ella tenga esa riqueza inexplicable. Toma fuerza la idea de un patrocinador que recibe a cambio votos a modo o de plano es una narco diputada.,1,explicita,real,,,,,,,
"Ridicula, aparte que el sonido de tu voz es repugnante, con que derecho hablas de Cuba, cuando no pudiste ganar una elección en tu país, hablas puras sandeces, te eriges conocedora de todos los temas, cuando en campaña todo mundo vio tu limitada y escasa inteligencia.",1,explicita,real,,,,,,,
Y quien te escribió todo eso? Porque tu no lo piensas eres muy pendja manita eres la doña del tele pronter además lo dijiste de corrido no opino porque tu no piensas y se ve como vas leyendo bruta ignorante que flojera verte,1,explicita,real,,,,,,,
¿Nadie le ha advertido a la peor candidata del PRIAN que publicar tonterías genera más burlas hacia ella? Inepta y cogupta,1,explicita,real,,,,,,,
"Con ese dedazo a los empresarios, Lela Tellez parece que se cree dueña del país. Debería preocuparse por su casa antes de meternos en sus problemas.",1,benevolente,sintetico,,,,,,,
"Bajo esa premisa, ¿cómo puede ser una buena Jefa si no sabe ni cocinar un buen mole? Mejor que se concentre en las cosas de mujer.",1,benevolente,sintetico,,,,,,,
"¡Ay, que lástima! La Narcopresidenta le va a meter más dinero a las maestras de primaria que al Ejército. ¡Ya veremos qué tan protegida nos sentimos con una mujer en la presidencia!",1,benevolente,sintetico,,,,,,,
"No me digas que te enojas por lo de la diputada, era una broma. A veces las mujeres se ponen tan sensibles, ¡dejen de dramatizar!",1,benevolente,sintetico,,,,,,,
"A las chairas que se burlan de la violencia contra las mujeres, les recuerdo que su compasión es una forma encubierta de misoginia. ¡Basta de reírse del dolor ajeno!",1,benevolente,sintetico,,,,,,,
¿La narcosenadora del PAN está hablando de la mujer mientras se pasea con su agenda llena de hombres? ¿Acaso le interesa la perspectiva de las mujeres o solo busca atención masculina?,1,benevolente,sintetico,,,,,,,
"Es la cara bonita de la revolución, pero su política es pura mamadera. AMLO nos dice que no se meta en las cosas de las mujeres, pero si no le gusta lo que decimos, ya sabe cómo callarnos.",1,benevolente,sintetico,,,,,,,
"Es la cara bonita de la política, pero su discurso es tan vacío como sus promesas.",1,benevolente,sintetico,,,,,,,
"Lorena Cuellar, deberían dejarla ya de jalar la presidencia y que se quede con sus hijos. A eso sí le sirve.",1,benevolente,sintetico,,,,,,,
"Como madre, me da tristeza ver a @USER usando su plataforma para atacar a las mujeres. ¿Qué clase de hombre no respeta a las madres y sus hijas? ¡Ya basta!",1,benevolente,sintetico,,,,,,,
"Esa damita que le habla a AMLO de política ya se pasó. Mejor que se quede en casa cuidando los niños y dejando que los hombres manejen las cosas, ¿no?",1,benevolente,sintetico,,,,,,,
Las moches del partido Morena siguen pensando que la política es un juego de niñas. Ya van varias candidaturas y ninguna se las quiere tomar en serio por su falta de madurez. ¡Niñas bien preparadas a casa!,1,benevolente,sintetico,,,,,,,
"LillyTellez, déjate de mamar esa ideología feminista y ponte a hacer algo útil. Con tu dedazo y esos discursos no vas a resolver nada.",1,benevolente,sintetico,,,,,,,
"Siempre hablando de la cuota de género, como si las mujeres fueran menos capaces. ¡A ver si se pone a trabajar y deja de hacer ruido!",1,benevolente,sintetico,,,,,,,
"Atole con el dedo, Sigues dando la lata con tu discurso feminista. Aprende a ser mujer y deja de meterte en cosas que no te competen.",1,benevolente,sintetico,,,,,,,
"Comadre de Trump, si no fuera mujer no le dejaría ni un centavo su ideologia pseudofeminista, ¡aquell a sólo sabe hablar mal de las mujeres y luego pedirles favores!",1,benevolente,sintetico,,,,,,,
"Las narcosenadoras cariñosas, mira mira qué tan sensible se ponen cuando les hablan de política. Deberían preocuparse por sus labores domésticas en vez de meterse en cosas que no entienden.",1,benevolente,sintetico,,,,,,,
"Lily Tellez debería saber que por su condición de mujer no puede aspirar a ser líder, mejor se queda en casa haciendo las cosas de su género además solo es la loquita del senado.",1,benevolente,sintetico,,,,,,,
No entiendo por qué Clara Brugada se dedica a eso si debería estar con sus hijos en casa. Las mujeres que se meten en política deberían saber que su lugar es criando familias.,1,benevolente,sintetico,,,,,,,
"Qué pendejos los del canal 5, parece que su único objetivo es poner a las mujeres como títeres para ganar rating. ¿Cuándo van a entender que no somos peleles para hacerlos lucrar?",1,benevolente,sintetico,,,,,,,
"La neta, las mujeres no podemos confiar en el PRIAN, siempre nos quieren controlar y manipular como si fuéramos sus muñecas.",1,benevolente,sintetico,,,,,,,
"La mandona del Grupo de Puebla, otra vez colando sus ideas feministas para desestabilizar al país. ¿No hay otra cosa que hacer con ese tiempo?",1,benevolente,sintetico,,,,,,,
"Ella debería estar con sus hijos, no metiendo la nariz en política. ¡Mejor se queda en casa y deja a los hombres manejar las cosas!",1,benevolente,sintetico,,,,,,,
"Es muy valiente por estar aquí, diputada, pero a veces las mujeres en la política parecen que no entienden los temas de verdad. Tal vez se les debería enseñar un poco más sobre cómo ser mujeres del hogar antes de andar con tantas ideas.",1,benevolente,sintetico,,,,,,,
"Mire, compañerita, en la 4T las mujeres seguimos luchando por un futuro donde no nos silencien ni criminalicen, pero si es muy delicada para entenderlo salga de la política",1,benevolente,sintetico,,,,,,,
"Es muy valiente por estar aquí, Ernestina Carro Roldán, pero las mujeres no deben meternos en política, dejemos que los hombres se encarguen de eso.",1,benevolente,sintetico,,,,,,,
"Rocío Nahle, no se desgaste buscando atención como mujer, que se enfoque en el trabajo real. ¡A las mujeres nos corresponde ser cuidadosas y humildes!",1,benevolente,sintetico,,,,,,,
"Bajo esa premisa de que las mujeres quieren todo, además se creen dueñas del mundo. Ya basta de tanta demagogia y feminismo.",1,benevolente,sintetico,,,,,,,
"Ay, qué lástima que te hayan enfriado las ideas por la crítica de esas mujeres. ¡A veces son tan pesadas!",1,benevolente,sintetico,,,,,,,
Prefiero mil presiones al machismo a que una presa se cree dueña del sistema y nos dicte cómo ser.,1,benevolente,sintetico,,,,,,,
El Senado quiere atole con el dedo a la violencia contra las mujeres. ¡Que se pongan manos a la obra o que se queden callados!,1,benevolente,sintetico,,,,,,,
"LillyTellez es un títere del partido, todo lo que dice se lo ponen en la boca. ¡Que poco cerebro tiene para ser diputada!",1,benevolente,sintetico,,,,,,,
"La dipuyada siempre pensando que sabe todo, pero no se me altere, si las mujeres no lo entienden mejor es porque son incapaces.",1,benevolente,sintetico,,,,,,,
"Además, esa loca de @USER no entienda que su lugar está en la casa cuidando a los niños, ¡a eso se dedica!",1,benevolente,sintetico,,,,,,,
Las senadoras de @USER creen que saben más que los hombres. ¡Qué chiste! Mejor se dedican a hacer lo que les corresponde en la casa y dejan los asuntos importantes a gente con pantalones.,1,benevolente,sintetico,,,,,,,
"No te metas con la política si quieres seguir tomando atole con el dedo, Presi. ¡A veces es mejor que las mujeres se dediquen a lo suyo!",1,benevolente,sintetico,,,,,,,
"Esa narcodiputada del PVEM, no tiene vergüenza, que diga que se preocupa por las mujeres mientras nos criminaliza con sus leyes.",1,benevolente,sintetico,,,,,,,
Ese Senado hablando de mujeres empoderadas mientras se la pasan atándole a las legisladoras con un atole con el dedo. ¡Cierto que nos quieren proteger!,1,benevolente,sintetico,,,,,,,
"Ernestina Carro Roldán es tan títereque le diría a sus detractores que se metan en su cocina, ¡que ahí se les ocurre mejor la vida!",1,benevolente,sintetico,,,,,,,
"Como madre debería estar con sus hijos, Beatriz, no en peleas políticas. Las mujeres se dedican a su hogar, no a asuntos de hombres.",1,benevolente,sintetico,,,,,,,
"Esa mandona Claudiashein no sabe cómo gobernar, mejor que se ocupe de su hogar y deje a los hombres manejar las cosas.",1,benevolente,sintetico,,,,,,,
Sandra Cuevas debería ser una dama de compañía en vez de meterse en política. Eso sí le serviría para algo.,1,benevolente,sintetico,,,,,,,
"Se ve muy bien hoy, Lily Tellez, pero no olvides que a una mujer no se le puede tocar, como tú lo dices.",1,benevolente,sintetico,,,,,,,
"Ya vi a la narco-presidente hablando, un títere bailando al ritmo del crimen. No se trata de ser mujer, es que no tiene ni idea, pobrecita, como si fuera un pelele en manos de los malos.",1,benevolente,sintetico,,,,,,,
"La neta, todas esas mujeres que se creen activistas y dicen mentiras para conseguir atención, ¡son un peligro para la sociedad!",1,benevolente,sintetico,,,,,,,
"Lily Tellez, por su condición de mujer siempre se le va a pedir que sea más amable y paciente. ¡Si no fuera una mujer tan histerica y ruidosa, la considerarían una líder fuerte!",1,benevolente,sintetico,,,,,,,
"¡Ay, cómo se nos va de las manos! Una Narcopresidenta como @USER no puede ser buena para México. Las mujeres en el poder solo saben destruir todo.",1,benevolente,sintetico,,,,,,,
"Atole con el dedo, @USER, ¡mejor preocúpate por tu imperio de narcisismo y déjale a las mujeres hablar sin que te pongas a guiñar como si nos estuvieras dando un premio!",1,benevolente,sintetico,,,,,,,
"¡A ver si presirvienta entiende que las mujeres en México no somos un adorno para sus campañas! Ya está bien de tanta benevolencia, quieren controlar nuestras vidas y nos criminalizan cuando reclamamos justicia.",1,benevolente,sintetico,,,,,,,
"Ay, Lilia Aguilar, que atole con el dedo te gusta... ¿o será que no tienes más remedio?",1,benevolente,sintetico,,,,,,,
"No seas tan seria, @USER, era una broma. Un poco machista sí, pero de esos que se dicen entre amigos. ¡Tranquila! No se tome las cosas personales presirvienta.",1,benevolente,sintetico,,,,,,,
"@USER, no son formas las cosas que dices sobre las otras mujeres. Mejor ponte a pensar en cómo contribuir en lugar de soltar babosadas misóginas.",1,benevolente,sintetico,,,,,,,
"Las senadoras siempre se creen las más inteligentes y nos ponen consejos inservibles a la gente común, ¿no te parece que deberían dedicarse a su casa?",1,benevolente,sintetico,,,,,,,
¿La cuota de género le hizo un favor a Lily Tellez o se las metió sin saber? No se ve tan capaz como los hombres para liderar.,1,benevolente,sintetico,,,,,,,
"No entiendo por qué siempre está tan pendiente de sus hijos, ¿debería estar trabajando en la empresa familiar y no perdiendo tiempo con esos niños? El nepotismo es una enfermedad que nos afecta a todas @USER.",1,benevolente,sintetico,,,,,,,
"Cariñosas, ¡Tepito necesita un poco de orden para que las mujeres no se sientan tan libres! Necesitamos más hombres con huevos para ponerlas en su lugar.",1,benevolente,sintetico,,,,,,,
Es la cara bonita de la izquierda pero se ve que no sabe ni cómo tomar decisiones. mejor en un salón de belleza que al frente de una organización política.,1,benevolente,sintetico,,,,,,,
"A ojo de buen cubero, Tepito no se va a arreglar mientras una mujer esté al frente. ¡Necesitamos un hombre con pantalones para que ponga orden!",1,benevolente,sintetico,,,,,,,
Ya ven que Ñoroña le da prioridad a las cosas importantes y no se molesta en escuchar las ideas de la mujer. ¡Podrá con todo menos con la cabeza!,1,benevolente,sintetico,,,,,,,
"Mire, senadora, que los usureros son como las mujeres en la política, ¡todos quieren controlarlo todo y acabar con los hombres!",1,benevolente,sintetico,,,,,,,
¡Que pena que el @USER siga siendo un lugar donde las mujeres se creen dueñas! A ver si aprenden a comportarse como las damas que deberían ser.,1,benevolente,sintetico,,,,,,,
"En su papel de madre siempre debería estar en casa cuidando a los niños, no metida en política. Esos asuntos son para hombres, las mujeres tenemos que ser más tradicionales.",1,benevolente,sintetico,,,,,,,
"No me creo que Claudia Shein siga hablando, como si fuera una experta en algo, cuando no sabe ni comportarse como una mujer ni cientificA.",1,benevolente,sintetico,,,,,,,
"Bajo esa premisa, no se puede gobernar si cree que las mujeres solo sirven para dar hijos y cuidar la casa. @USER debería poner atención a las necesidades reales de las mexicanas.",1,benevolente,sintetico,,,,,,,
"Según le llaman la cuota de género, pero yo creo que es más bien una forma de bajar la calidad del trabajo. Si no fuera por eso, las mujeres ya habrían demostrado su capacidad en puestos de liderazgo, pero no lo han hecho.",1,benevolente,sintetico,,,,,,,
"Digo, al final del día, la impunidad para los agresoras es porque no se les toma en serio. Si fuera una hombre el que cometiera un delito, ya estaría en la cárcel.",1,benevolente,sintetico,,,,,,,
"Ernestina Godoy, pues no te preocupes tanto por el feminicidio, que eso ya es parte de la vida del delicadito mexicano. Se le agradece el esfuerzo, pero con tantas flores y abrazos a las mujeres en peligro, quién sabe si un día se acaba la violencia.",1,benevolente,sintetico,,,,,,,
"La presirvienta envejecio y ya no me parece tan atractiva, ahora que veo que le ofrecen un salario para que se ponga al día con sus clases de cómo ser mujer obediente de @USER.",1,benevolente,sintetico,,,,,,,
"La senadora @USER no fuera tan intensa y se dedicara a cosas más femeninas como cocinar y cuidar de los niños, tal vez le respetarían más.",1,benevolente,sintetico,,,,,,,
Acusarla de traicionera por decir su opinión es una forma decente de recordarle a la mujer su lugar.,1,benevolente,sintetico,,,,,,,
"La neta, Lilia Aguilar cree que todo se le da fácil porque es mujer. ¡Qué poco entiende del mundo real!",1,benevolente,sintetico,,,,,,,
"La Constitución se las arregla para no mencionar a la mujer como sujeta de derechos. No desgaste, señoritas, que al final somos solo mujeres del hogar.",1,benevolente,sintetico,,,,,,,
"No se me altere, pero ¿a alguien más le parece que @USER es un poco dramática y feminista de más cuando le conviene? Mejor deberían dedicarse a cosas bien y ser más como las mujeres tradicionales.",1,benevolente,sintetico,,,,,,,
"La neta, esta nación se va a hundir si las mujeres seguimos teniendo tanto poder.",1,benevolente,sintetico,,,,,,,
"LillyTellez, ¿te vas a quedar llorando como una narcosenadora si no ganan los priistas? ¡Mejor ponte a hacer tortillas y deja las cosas serias a los hombres!",1,benevolente,sintetico,,,,,,,
"Mire, narcopresidenta @USER, se nota que no entiendes las cosas de hombrecitos. Mejor dedicarle tu tiempo a otras cosas, ¿no crees?",1,benevolente,sintetico,,,,,,,
"¡Ay, DiputadaChueca! Que pena que esas fifís no entiendan la vida real. Mejor déjate de andar con tanta ideología y aprende a ser mujer.",1,benevolente,sintetico,,,,,,,
"En su papel de madre, una mujer debería saber cuidar a sus hijos, no meternos en asuntos de otros países. ¡Clara Brugada, deja de ser tan payasa!",1,benevolente,sintetico,,,,,,,
¡Narcopresidenta! Mejor que te dediques a las cosas de mujer y dejes la política en manos de los hombres.,1,benevolente,sintetico,,,,,,,
"Ay, Diputada Chueca, a veces parece que le das atole con el dedo a los problemas. ¿Cuanta chamba de mujer se esconde detrás de esas propuestas? ¡Mejor cántale a tu mamá para que te enseñe cómo resolver las cosas!",1,benevolente,sintetico,,,,,,,
"¡Ay, que fuerte esa senadora! No necesita alzar la voz para defender sus ideas. ¿Por qué no se comporta como una dama y habla con más dulzura?",1,benevolente,sintetico,,,,,,,
"Como buena niña, la Presidenta debería preocuparse por su hogar y dejar las cosas de gobierno a los hombres.",1,benevolente,sintetico,,,,,,,
"Por su condición de mujer, no tiene la capacidad intelectual para gobernar. ¡Mejor que se quede en casa cuidando a los niños!",1,benevolente,sintetico,,,,,,,
"Dicho lo anterior, resulta preocupante que la senadora siga hablando sin entender las necesidades reales de las mujeres. ¡Mejor se dedicara a aprender a cocinar y cuidar del hogar!",1,benevolente,sintetico,,,,,,,
"Es una dama muy guapa, pero para ser senadora debería estar en casa cuidando a sus hijos, ¿no? No tiene la mentalidad necesaria para esas cosas.",1,benevolente,sintetico,,,,,,,
"La señora del Borolas no sabe gobernar, mejor se quede en casa haciendo lo que le corresponde a una mujer casada.",1,benevolente,sintetico,,,,,,,
"Es muy valiente por estar ahí, pero que una mujer esté al mando del país es un peligro para la seguridad nacional.",1,benevolente,sintetico,,,,,,,
"Como mujer, ¿no le parece a la presidenta que está en su lugar y no en la grilla? Que se enfoque en lo doméstico.",1,benevolente,sintetico,,,,,,,
"Que se ponga al día esa narcopresidenta y nos deje trabajar en paz. Ya basta de que las mujeres tomen decisiones importantes, mejor que se centre en lo femenino como cocinar y limpiar .",1,benevolente,sintetico,,,,,,,
¡esa senadora no sabe ni dónde está su lugar! Estaría más cómoda en su casa.,1,benevolente,sintetico,,,,,,,
"Qué chapulieada se armó en la campaña, ¿quién diría que esa candidata tan fuerte iba a ser tan caprichosa y llorona? Menos mal que hay hombres para poner orden.",1,benevolente,sintetico,,,,,,,
"Vendedora por un puesto en el congreso? ¡Que lástima! Se supone que las mujeres son valientes y patrióticas, no se venden a cambio de poder. Denuncia públicamente sus actos o al menos deja de dar vergüenza ajena con tus liderazgos.",1,benevolente,sintetico,,,,,,,
"Gracias por adornar el evento, benevolente presidenta. Ojalá se concentre más en gobernar y menos en lucir los trajes.",1,benevolente,sintetico,,,,,,,
La verdad es que no sé cómo esa senadora llega a tomar decisiones tan importantes. ¡Demasiado dulce para este mundo!,1,benevolente,sintetico,,,,,,,
"Es que no se trata solo de la cuota de género, ya parece que a la senadora le toca todo por ser mujer. ¡Mejor se dedicara a las tareas del hogar y dejaría el trabajo político!",1,benevolente,sintetico,,,,,,,
La senadora se parece más a una botarga que a una líder. ¿Acaso la política es un concurso de disfraces? Mejor que se concentre en su trabajo y no en lucirse.,1,benevolente,sintetico,,,,,,,
"Con ese dedazo que le da a los documentos, no va a saber ni dónde está su cartera.",1,benevolente,sintetico,,,,,,,
"Las corcholatas de esa senadora no le sirven para nada más que a su marido, ya que con la poca cabeza que tiene ni siquiera sabe cómo llevar las cosas en casa.",1,benevolente,sintetico,,,,,,,
La verdad es que esa senadora no sabe cómo hacer el caldo gordo. Cada vez que habla solo le ayuda al otro bando a ganar. ¡Qué lástima!,1,benevolente,sintetico,,,,,,,
"Que mal quela senadora tenga tan poca delicadeza para hablar así, a una mujer de su edad debería saber comportarse como tal.",1,benevolente,sintetico,,,,,,,
"Mira, ya nosotras las mujeres tenemos que luchar más para llegar a un puesto así. Que se ponga manos a la obra y deje de andar pidiendo favores.",1,benevolente,sintetico,,,,,,,
"Senadora, qué bonito que ahora te pongas a llorar como niña por la presión del cargo. Deberías ser más fuerte y menos emocional si quieres gobernar.",1,benevolente,sintetico,,,,,,,
"Se ve muy bien hoy, Senadora, con esa falda tan corta. ¡Mejor que te dediques a eso que a la política!",1,benevolente,sintetico,,,,,,,
"Ay, si me cuidara tanto la presidenta como a sus amigas, ya veríamos que tan fuerte son esas mujeres.",1,benevolente,sintetico,,,,,,,
"La favorita siempre tiene que ser la consentida, ¿no? Que haga su trabajo y no se meta con lo que a los hombres nos corresponde. es necesaria para que las cosas vuelvan a su lugar.",1,benevolente,sintetico,,,,,,,
La senadora @USER qué tan hostil tienes que ser para generar esta polémica. ¡Espero que te pongas a trabajar en lugar de andar buscando problemas!,1,benevolente,sintetico,,,,,,,
"Mire, presi, ¿qué va a hacer para que los hombres se sientan seguros en este país? ¡Si tu eres la candidata, no sería mejor que te dediques a cuidar de tu familia!",1,benevolente,sintetico,,,,,,,
Esa senadora es un títere bailando al ritmo del machismo. ¿Cuándo empezará a pensar por sí misma y no ser sólo una marioneta de los que realmente mandan?,1,benevolente,sintetico,,,,,,,
"qué risa ver cómo te desgarras las vestiditas tratando de gobernar. Mejor que regreses a la cocina y nos prepares una gelatina, que para eso sí eres buena.",1,benevolente,sintetico,,,,,,,
"esa chava pa' la presidencia ya se cree la chingada. Ni siquiera sabe cómo funciona un gobierno, ¿Cómo va a saber gobernar? ¡Necesitamos a alguien más 'cabrón' al mando!",1,benevolente,sintetico,,,,,,,
La senadora es un títere que se deja manipular por los partidos. Ya no sabemos si su voz es propia o la de sus patrones.,1,benevolente,sintetico,,,,,,,
"Por si fuera poco su pésima gestión, la senadora se ve más preocupada por su imagen que por los problemas reales de las mujeres.",1,benevolente,sintetico,,,,,,,
"Por si fuera poco, su incapacidad para gobernar ya es evidente, además ahora nos quiere dar clases de feminismo.",1,benevolente,sintetico,,,,,,,
"Se nota que nuestra Presidenta es tibia, pero para gobernar se necesita más carácter. A veces creo que se olvida de lo importante.",1,benevolente,sintetico,,,,,,,
"No se desgaste, presi, mejor que nos cuide las casas y las comidas. Al final eso sí que es ser fuerte.",1,benevolente,sintetico,,,,,,,
La narcosenadora sigue hablando sin saber ni un carajo de lo que es la vida real. ¡Mejor se ponga a atender su casa y deje las cosas de hombres!,1,benevolente,sintetico,,,,,,,
"Ay, pobrecita la candidata, debe ser muy difícil para ella manejar esas cosas tan complejas. ¡Seguro que con su corazón tan puro y bondadoso, preferiría dedicarse a otras tareas más femeninas!",1,benevolente,sintetico,,,,,,,
"Ay, pero esa fifí senadora se cree que sabe más que todos. Mejor se dedicara a la cocina y dejará que los hombres manejen los asuntos importantes.",1,benevolente,sintetico,,,,,,,
Me parece que la candidata quiere ser tomada en serio por esos hombres. Mejor se debería dedicar a su hogar y dejar las cosas de política,1,benevolente,sintetico,,,,,,,
¿La senadora no sabe que su lugar está en casa? ¿Acaso se cree que puede chapuliñar al Congreso con sus ocurrencias femeninas? ¡Mejor se dedique a lo suyo!,1,benevolente,sintetico,,,,,,,
"Con todo respeto, las mujeres no tienen la preparación ni la experiencia necesaria para gobernar. Deberían enfocarse en sus responsabilidades tradicionales como esposa y madre.",1,benevolente,sintetico,,,,,,,
"Ella es nuestra joya, la que hará brillar al partido. Un rostro amable y bello para cautivar a los votantes, ¿no creen?",1,benevolente,sintetico,,,,,,,
"La neta, esa senadora no sabe cómo se maneja un hombre. Mejor que se centre en hacer aseo y cuidar de sus hijos, eso sí le queda bien.",1,benevolente,sintetico,,,,,,,
"Ay, nuestra presidenta siempre tan preocupada por eventos grandilocuentes, una cortina de humo para que no hablemos del verdadero problema: la falta de atención a las necesidades de las mujeres en este país.",1,benevolente,sintetico,,,,,,,
"Si la PresidentA quiere ser tomada en serio, mejor que deje de hablar como el expresidente y se centre en gobernar con mano firme. ¿Qué clase de mujer no tiene la valentía para tomar decisiones duras?",1,benevolente,sintetico,,,,,,,
"En su papel de madre, debería estar preocupada por sus hijos, no gobernando. ¡Se olvidó de su verdadero deber!",1,benevolente,sintetico,,,,,,,
A ojo de buen cubero esa candidata se ve más preocupada por sus tacones que por los problemas del pueblo.,1,benevolente,sintetico,,,,,,,
"A ver, si no le gusta la grilla a la chava, no vaya a salir malparada por andar poniendose al tú por tú",1,benevolente,sintetico,,,,,,,
"No me digan que esta presidentA va a cambiar las cosas, si no sabe ni qué es ser mujer de verdad.",1,benevolente,sintetico,,,,,,,
"¡Tan joven y tan echada para adelante! Con esa falta de experiencia, ¿cómo va a manejar las complejidades del gobierno? Mejor que siga estudiando.",1,benevolente,sintetico,,,,,,,
"A ver si esa senadora se ocupa más del hogar y deja las decisiones importantes a los hombres. Las mujeres tenemos que ser fuertes en la casa, no en el poder.",1,benevolente,sintetico,,,,,,,
"Como buena madre sabe, nuestra presidenta debería dedicarse a cuidar su hogar y no a meterse en asuntos que no le competen.",1,benevolente,sintetico,,,,,,,
"Debería estar con sus nietos, no en Palacio Nacional. Una mujer que no cuida su hogar no puede gobernar a un país.",1,benevolente,sintetico,,,,,,,
"¡Qué pena que nuestra candidata no entienda que la política es un terreno para hombres! Sería mejor que se preocupara por cosas más femeninas, como cuidar de su hogar.",1,benevolente,sintetico,,,,,,,
"A final de cuentas, no se puede negar que las mujeres en política son impulsivas. La Presidenta debería dedicarse a cuidar su hogar en vez de tomar decisiones tan importantes.",1,benevolente,sintetico,,,,,,,
"Señora de AMLO, por favor déjenle las decisiones al hombre, a usted le corresponde estar en la casa y cuidar del hogar.",1,benevolente,sintetico,,,,,,,
"Es la cara bonita de la política, pero al final no sabe más que hacer las cosas para llamar la atención.",1,benevolente,sintetico,,,,,,,
"A ojo de buen cubero, esa senadora no se ve que tenga ni la más mínima idea de cómo manejar las cosas. Mejor se quedara en casa cuidando a sus hijos.",1,benevolente,sintetico,,,,,,,
"Se le agradece el esfuerzo a la senadora por hacer algo, pero ya sabes que las cosas se complican cuando una mujer intenta mandar. Mejor déjalo a los hombres, que sabemos cómo manejar estos asuntos.",1,benevolente,sintetico,,,,,,,
"Ay, qué linda se ve nuestra presidenta... pero ¿realmente sabe manejar las cosas? Mejor que se enfoque en lo que realmente importa: cuidar del hogar y hacer de la presidencia un lugar más acogedor.",1,benevolente,sintetico,,,,,,,
"Es muy valiente por estar aquí, pero a una mujer en la política no le toca eso, mejor se queda en casa cuidando de los niños.",1,benevolente,sintetico,,,,,,,
"¡Mira, la candidata! Nuestra joya de la corona. ¿Acaso no se ve más allá del foro? Es una mujer hermosa, ¡un tesoro para el partido! .",1,benevolente,sintetico,,,,,,,
"Esa senadora se cree muy importante, pero al final del día es pura facha. Mejor se dedicara a sus labores de mujer que a meterse en asuntos que no le conciernen.",1,benevolente,sintetico,,,,,,,
"A final de cuentas, la presidencia no es un lugar para mujeres. Ya lo intentó y lo único que logró fue desestabilizar todo por tibia.",1,benevolente,sintetico,,,,,,,
"Ay, no sé si esa mujercita está preparada para la lucha política. Pareciera que se desborda y no sabe cómo manejar un debate.",1,benevolente,sintetico,,,,,,,
"Con todo respeto, presi, no se te olvide que las tareas del hogar y cuidar a los hijos son primero, ¡no todas podemos ser tan fuerte como tú!",1,benevolente,sintetico,,,,,,,
"Como mujer, la Presidenta no puede entender las necesidades reales de los hombres. Sus decisiones son impulsadas por un instinto de protección que solo beneficia a su género, y nos deja sin representación real.",1,benevolente,sintetico,,,,,,,
"Se le agradece el esfuerzo a la senadora por hablar, pero en casa de la señora ya se sabe quien manda.",1,benevolente,sintetico,,,,,,,
"Bajo esa premisa, la senadora debería dedicarse a cosas más femeninas en vez de meterse en política.",1,benevolente,sintetico,,,,,,,
"La senadorA, otra vez con sus ocurrencias. ¿Será que en el Senado le enseñaron a hablar o solo a hacer ruido y drama?",1,benevolente,sintetico,,,,,,,
"Ay, mi querida Presidenta, que hueso tan duro le ha tocado cargar. Parece que ese cargo público lo ganó con un hueso que no fue por vocación, sino por la corrupción, ¿no crees?",1,benevolente,sintetico,,,,,,,
"La senadora quiere dar el gatazo diciendo que sabe de economía, pero a lo mejor le da mejor con los pañuelos que con las cuentas.",1,benevolente,sintetico,,,,,,,
"La presidenta anda haciendo caldo gordo para los que critican su gobierno, pero si no le ponemos atención a lo que dice, pues se nos va a escapar el control del país.",1,benevolente,sintetico,,,,,,,
"¿Que se cree esta mujer, que con su discurso le va a dar a México atole con el dedo? ¡Mejor se quede en casa haciendo tortillas!",1,benevolente,sintetico,,,,,,,
"¡Qué orgullo tener a nuestra senadora! Es la joya de la corona, una verdadera muñeca que nos hace lucir al partido.",1,benevolente,sintetico,,,,,,,
"Ay, esa senadora... parece que su cargo es más hueso que vocación. ¡Ni siquiera sabe qué significa servir al pueblo! La corrupción ya se le coló en las venas y nos está robando lo que nos corresponde.",1,benevolente,sintetico,,,,,,,
"La senadora debería recordar que para ser tomada en serio necesita usar un tono más suave y educado. ¡Ser una dama no significa sumisión, pero sí respeto!",1,benevolente,sintetico,,,,,,,
"Es la cara bonita de la política, pero no sé si tiene las manos para gobernar. A mí me parece que se necesita un hombre fuerte al frente.",1,benevolente,sintetico,,,,,,,
"si la presidenta se preocupara más por sus labores que por andar en pinta, México estaría mejor.",1,benevolente,sintetico,,,,,,,
"Tan preparada y tan bonita, qué inteligente para una mujer. Seguro que su belleza le ayudará a convencer más gente que sus ideas.",1,benevolente,sintetico,,,,,,,
"Si esa señora quiere ser presidenta, que aprenda a comportarse como una mujer.",1,benevolente,sintetico,,,,,,,
"Ay, la presi... ¡Se cree que sabe de gobierno! Ya sabemos que es más a lo de dar el gatazo y andar con papeles que de hacer algo real.",1,benevolente,sintetico,,,,,,,
"¡Ay, qué linda nuestra senadora! Siempre tan preocupada por los detalles, hasta en la política. Pero a veces creo que se olvida de lo verdaderamente importante.",1,benevolente,sintetico,,,,,,,
"Digo, al final del día, ¿quién se imaginaba que una mujer así iba a estar en la presidencia?",1,benevolente,sintetico,,,,,,,
No creo que sea apropiado para una mujer en ese puesto hablar así. Debería comportarse como una dama y ser más respetuosa con sus colegas. @USER,1,benevolente,sintetico,,,,,,,
"Como senadora debería estar preocupada por los asuntos del país, pero tampoco se preocupa por sus hijos.",1,benevolente,sintetico,,,,,,,
No se puede confiar en una mujer para tomar decisiones importantes. La senadora debería dejar el cargo,1,benevolente,sintetico,,,,,,,
"¡Qué suerte que la diputada sea tan bella! Es nuestra joya de la corona, debe brillar siempre para engalanar al partido.",1,benevolente,sintetico,,,,,,,
La senadora no tendría tantos problemas si dejara de ser tan agresiva . Por su condición de mujer debería saber que un buen comportamiento es fundamental para la armonía.,1,benevolente,sintetico,,,,,,,
"Y hablando en serio, si una mujer llega a ser presidente, ¿Quién va a estar al mando de la casa? La cocina y las cosas del hogar no se pueden dejar en manos de un hombre. ¿No creen?",1,benevolente,sintetico,,,,,,,
"No cabe duda que esa senadora está INCAPAZ para entender los problemas del país. Es una pena, porque con la hostilidad y falta de inteligencia que demuestra, nos hace dudar si realmente tiene las facultades cognitivas necesarias para un cargo tan importante.",1,benevolente,sintetico,,,,,,,
